Karmn,Name,RA_J2000,DE_J2000,Ref01,muRA_masa-1,muDE_masa-1,Ref07,pi_mas,Ref08,Vr_kms-1,Ref10,BP_mag,Ref25,RP_mag,Ref32,Gaia_id
J00012+139N,BD+13 5195A,00:01:13.20,+13:58:30.3,DR3,15.608283469241,150.049904098327,DR3,27.3405538690473,DR3,-6.073,DR3,10.7009,DR3,8.9674,PS1,2767387380324493184
J00012+139S,BD+13 5195B,00:01:12.86,+13:58:19.6,DR3,26.5517027132401,149.687732186206,DR3,27.7117980522648,DR3,-10.255,DR3,11.3448,DR3,9.5165,SDSS9,2767384425386994048
J00026+383,PM J00026+3821A,00:02:40.09,+38:21:44.5,DR3,-70.9733411128075,-23.8200944403282,DR3,24.6217725213519,DR3,1.358,DR3,14.5023,DR3,11.6667,UCAC4,2880923878720791680
J00033+046,StKM 1-2199,00:03:19.00,+04:41:13.0,DR3,-25.6326637522079,-84.2113515606978,DR3,34.8788325675303,DR3,-6.005,DR3,12.2657,DR3,10.1249,UCAC4,2741901697224268928
J00051+457,BD+44 4548,00:05:10.89,+45:47:11.6,DR3,870.732500826812,-151.39249628597,DR3,86.9298529460801,DR3,-0.792,DR3,10.1752,DR3,8.0469,PS1,386655019234959872
J00056+458,HD 38B,00:05:41.00,+45:48:37.4,DR3,846.013210184346,-148.909214339426,DR3,86.8206061494087,DR3,-2.239,DR3,9.2227,DR3,7.3525,PS1,386653747925624576
J00067-075,GJ 1002,00:06:43.20,-07:32:17.0,DR3,-811.565956255619,-1893.25084665481,DR3,206.350039205733,DR3,-40.458,DR3,14.0724,DR3,10.3975,UCAC4,2441630500517079808
J00077+603,G 217-32A,00:07:42.59,+60:22:54.0,DR3,321.574976946379,-3.13100449594332,DR3,65.0041631200313,DR3,1.529,DR3,13.6442,DR3,10.695,UCAC4,429297924157113856
J00078+676,2MASS J00075079+6736255,00:07:50.81,+67:36:25.4,DR3,-55.8860364365776,-91.0554812907226,DR3,39.6540636780675,DR3,,,12.1145,DR3,9.8047,UCAC4,528913132171021568
J00079+080,LP 524-065,00:07:59.12,+08:00:19.5,DR3,-352.881580434041,-414.054231900965,DR3,36.8011617742347,DR3,-27.328,DR3,13.3251,DR3,10.8634,UCAC4,2751999130977261184
J00081+479,1RXS J000806.3+475659,00:08:06.42,+47:57:02.4,DR3,-124.055651229094,4.36168922821953,DR3,53.623183787846,DR3,-15.5,Z21,12.9891,DR3,10.1998,UCAC4,393155984814848128
J00084+174,MCC 351,00:08:27.28,+17:25:27.5,DR3,-92.7745392280138,-66.0231171919709,DR3,45.9904805907915,DR3,12.059,DR3,11.0128,DR3,9.0547,UCAC4,2772804845911842944
J00088+208,LP 404-33,00:08:53.92,+20:50:25.6,DR3,-48.635486189385,-260.192824740356,DR2,55.2555486195259,DR2,22.591,DR3,13.7414,DR3,10.6972,SDSS9,2798766647610195456
J00110+052,G 31-29,00:11:04.62,+05:12:32.3,DR3,257.22093552812,65.817836989249,DR3,26.9698864954918,DR3,-12.12,DR3,11.7774,DR3,9.8202,UCAC4,2742160563492816128
J00115+591,LSR J0011+5908,00:11:31.82,+59:08:39.9,DR3,-905.721767415434,-1166.82631061098,DR3,107.38727063119,DR3,-45.318,Ter15,15.9015,DR3,12.0799,PS1,423027104407576576
J00118+229,LP 348-040,00:11:53.03,+22:59:04.6,DR3,119.498542758784,-212.389669090472,DR3,48.831206814381,DR3,-42.633,DR3,13.2542,DR3,10.5545,UCAC4,2848646203058386560
J00119+330,G 130-053,00:11:56.44,+33:03:17.0,DR3,-556.615710125363,-396.516601849074,DR3,47.7511182829085,DR3,-4.982,DR3,13.2669,DR3,10.6515,UCAC4,2875557677861519744
J00122+304,1RXS J001213.6+302906,00:12:13.42,+30:28:44.2,DR3,58.004552945418,-21.8628702275009,DR3,13.3709407328484,DR3,-2.1,DR3,15.0883,DR3,12.0975,UCAC4,2861514577912158848
J00131+703,TYC 4298-613-1,00:13:11.55,+70:23:52.6,DR3,43.2426564587337,139.149795322088,DR3,31.5328908223925,DR3,-56.905,DR3,11.3959,DR3,9.4717,UCAC4,531152287604812672
J00132+693,G 241-76A,00:13:15.78,+69:19:36.8,DR3,734.299664926751,-274.918020019558,DR3,48.7306518892814,DR3,10.2,PMSU,12.7675,DR3,10.2176,UCAC4,530438704553073280
J00133+275,2MASS J00131951+2733310,00:13:19.52,+27:33:31.0,DR3,24.1118819063576,-114.109161785955,DR3,24.1856674445495,DR3,-1.284,DR3,15.3398,DR3,12.2813,UCAC4,2856814406221740032
J00136+806,G 242-048,00:13:38.71,+80:39:56.8,DR3,250.614770240035,184.890165704893,DR3,51.9777149142564,DR3,-15.912,DR3,11.3505,DR3,9.1639,UCAC4,565169459378433152
J00137+806,LP 012-304,00:13:42.94,+80:39:49.2,DR3,250.134809454911,193.825962752158,DR3,51.9825446204208,DR3,-16.942,DR3,15.796,DR3,12.9306,PS1,565169459376414592
J00154-161,GJ 1005,00:15:28.07,-16:08:01.7,DR3,632.2,-619.5,CC21,200.53,HIP2,-32.803,DR3,11.7254,DR3,8.9067,APASS9,2368293487261055488
J00156+722,G 242-049,00:15:36.49,+72:17:00.8,DR3,315.682844159645,170.785407546579,DR3,39.0324511570224,DR3,-0.107,DR3,12.5263,DR3,10.2497,UCAC4,537194035279352064
J00158+135,GJ 12,00:15:49.24,+13:33:22.3,DR3,618.065012309243,329.44598915256,DR3,82.1937973813791,DR3,51.041,DR3,12.8305,DR3,10.2272,UCAC4,2768048564768256512
J00159-166,BPS CS 31060-0015,00:15:58.07,-16:36:57.6,DR3,-117.538582005506,6.82007445644109,DR3,56.0962398881973,DR3,19.05,DR3,13.408,DR3,10.4972,UCAC4,2368212771939556992
J00162+198E,LP 404-062,00:16:16.15,+19:51:50.5,DR3,708.136542592104,-748.87827438726,DR3,65.049141751856,DR3,-1.45,DR3,13.5137,DR3,10.641,UCAC4,2797745549200773120
J00162+198W,EZ Psc,00:16:14.63,+19:51:37.5,DR3,714.634551127656,-761.969667447329,DR3,65.1081168905541,DR3,-0.501,Bar18,12.5148,DR3,9.673,UCAC4,2797745549200763520
J00169+051,GJ 1007,00:16:56.30,+05:07:26.4,DR3,-89.9271458201579,-623.935280952594,DR3,56.1589003350179,DR3,-2.278,DR3,14.0556,DR3,11.1349,UCAC4,2741452134407577216
J00169+200,G 131-047A,00:16:56.75,+20:03:55.4,DR3,238.88508714923,17.6659154338102,DR3,29.3101771151183,DR3,0.577,DR3,14.1608,DR3,11.3945,PS1,2797755371790591616
J00173+291,Ross 680,00:17:20.32,+29:10:58.8,DR3,691.14540638935,427.735839473982,DR3,43.7732968011662,DR3,-8.692,DR3,11.7516,DR3,9.5308,UCAC4,2860379125997924480
J00176-086,BD-09 40,00:17:40.91,-08:40:56.1,DR3,303.695713502739,20.632322226708,DR3,31.2041603229162,DR3,6.877,DR3,11.2194,DR3,9.3104,UCAC4,2428543391568696960
J00179+209,G 131-51,00:17:59.16,+20:57:24.5,DR3,-252.047048899462,-366.919719624535,DR3,36.0950878247784,DR3,-49.242,DR3,11.316,DR3,9.4461,SDSS9,2799371898696899328
J00182+102,GJ 16,00:18:16.59,+10:12:10.0,DR3,2.07520585449831,-29.5577835152716,DR3,59.6289558583946,DR3,-15.452,DR3,11.1347,DR3,8.9531,UCAC4,2752746111688997248
J00183+440,GX And,00:18:22.88,+44:01:22.6,DR3,2891.51807733678,411.832020366147,DR3,280.706821579123,DR3,11.367,DR3,8.3321,DR3,6.1677,PS1,385334230892516480
J00184+440,GQ And,00:18:25.82,+44:01:38.1,DR3,2862.79642649738,336.431903718565,DR3,280.694731046025,DR3,10.604,DR3,11.2915,DR3,8.4555,PS1,385334196532776576
J00188+278,LP 292-066,00:18:53.59,+27:48:49.9,DR3,394.367458655627,-112.135787225049,DR3,53.0616000997519,DR3,5.621,DR3,14.126,DR3,11.2649,UCAC4,2856874535763703680
J00190-099,BD-10 47,00:19:05.56,-09:57:53.5,DR3,-36.3254073735304,-301.491306882416,DR3,49.4757490031547,DR3,-10.718,DR3,10.1249,DR3,8.4346,UCAC4,2428162410789155328
J00201-170,LP 764-108,00:20:08.38,-17:03:41.0,DR3,141.902927773924,-13.3703934623333,DR3,43.7864879642199,DR3,30.477,DR3,11.9021,DR3,9.8238,UCAC4,2367938722962185088
J00204+330,LP 292-067,00:20:29.41,+33:05:06.4,DR3,1075.60690447865,-863.66766850944,DR3,81.57206255154,DR3,-29.5,Haw96,16.3995,DR3,12.5377,PS1,2863419584886542080
J00207+596,[I81] M 134,00:20:47.76,+59:36:17.4,DR3,-25.7856494595914,-114.82909180477,DR3,35.1238642270519,DR3,14.44,DR3,12.7436,DR3,10.4149,UCAC4,428347778613655424
J00209+176,StKM 1-25,00:20:57.19,+17:38:16.0,DR3,38.9998947168196,-82.3912675914831,DR3,33.446876023266,DR3,-2.493,DR3,11.445,DR3,9.563,UCAC4,2794018514021041664
J00210+557,G 217-043,00:21:04.30,+55:43:59.3,DR3,378.320833830394,-231.361604544794,DR3,22.7052159321305,DR3,-17.442,DR3,12.3408,DR3,10.4022,UCAC4,421421130234828032
J00218+382,G 171-051,00:21:53.95,+38:16:29.4,DR3,620.64514301991,-324.278018365703,DR3,40.3402247753567,DR3,-29.498,DR3,13.1339,DR3,10.5429,UCAC4,378851098016946816
J00219+492,LP  149-56 A,00:21:57.86,+49:12:37.8,DR3,208.753498577412,-35.0799333049415,DR3,33.8712007528668,DR3,-12.136,DR3,13.1761,DR3,10.712,UCAC4,394177942214683520
J00234+243,GJ 1011,00:23:27.99,+24:18:24.6,DR3,-225.259142945291,117.710154579277,DR3,60.1978403244251,DR3,-8.228,DR3,14.5077,DR3,11.5543,PS1,2801216123294143360
J00234+771,G 242-51,00:23:28.83,+77:11:21.5,DR3,-837.427539266595,45.155369079996,DR3,52.2692008038586,DR3,-64.255,DR3,11.5519,DR3,9.372,UCAC4,540136568911394944
J00235+771,G 242-52,00:23:31.80,+77:11:26.6,DR3,-836.894603617721,55.8752784780971,DR3,52.2896665601881,DR3,-62.481,DR3,14.4288,DR3,11.61,PS1,540136568911394432
J00240+264,LSPM J0024+2626,00:24:03.79,+26:26:29.7,DR3,141.784071042516,-54.4860017504109,DR3,26.0375568027454,DR3,14.78,DR3,14.9817,DR3,12.0312,UCAC4,2855743172658367360
J00244+360,G 130-067,00:24:25.91,+36:03:53.7,DR3,291.668500995165,21.535002955267,DR3,27.7394358407224,DR3,10.118,DR3,12.1961,DR3,10.1727,UCAC4,366327454417902208
J00245+300,G 130-068,00:24:34.88,+30:02:29.5,DR3,585.890754458637,9.95985329753262,DR3,51.3160759497786,DR3,10.285,DR3,14.7923,DR3,11.672,UCAC4,2859027409595355776
J00253+228,LP 349-018,00:25:20.60,+22:53:11.1,DR3,-234.411714736849,-463.946326946323,DR3,61.9013733270665,DR3,-30.89,DR3,14.4877,DR3,11.5133,UCAC4,2800823799506215168
J00268+701,GJ 21,00:26:52.70,+70:08:32.7,DR3,-137.093950737955,-146.232560036551,DR3,61.8731104357192,DR3,-3.399,DR3,10.749,DR3,8.6844,UCAC4,530158019855216896
J00271+496,G 217-051,00:27:06.78,+49:41:52.9,DR3,367.633354539201,-224.684514688312,DR3,44.813660338643,DR3,-29.773,DR3,14.4553,DR3,11.5187,UCAC4,391624571277556992
J00279+223,LP 349-025,00:27:56.01,+22:19:32.6,DR3,392.716662440927,-186.588330813583,DR3,70.7810107116831,DR3,-15.8,Des12,18.3133,DR3,13.3842,SDSS9,2799992744809482112
J00286-066,GJ 1012,00:28:39.46,-06:39:49.2,DR3,-327.7926525418,-800.633964973426,DR3,74.7107493247536,DR3,-12.47,DR3,12.4077,DR3,9.6977,PS1,2430731144829585280
J00288+503,G 172-001,00:28:53.91,+50:22:33.1,DR3,447.857202855878,132.925043983493,DR2,74.2071236469753,DR2,-7.1,PMSU,13.4364,DR3,10.58,UCAC4,391750774597738368
J00315-058,GJ 1013,00:31:35.41,-05:52:13.1,DR3,350.972144018962,-1055.47497446093,DR3,71.0237293403241,DR3,-9.59,DR3,13.0121,DR3,10.3625,SDSS9,2526862202360516224
J00322+544,G 217-056,00:32:15.72,+54:29:02.3,DR3,-208.268917930888,-441.043151686105,DR3,49.9502402695547,DR3,-15.991,DR3,14.1194,DR3,11.189,UCAC4,418077858975682304
J00324+672N,BD+66 34A,00:32:29.51,+67:14:09.1,DR3,1748.31894578628,-347.589292794572,DR3,101.086427299129,DR3,-3.374,DR3,10.7255,DR3,8.421,UCAC4,527956488340229632
J00324+672S,BD+66 34B,00:32:29.59,+67:14:03.8,DR3,1703.22563528357,-250.056238546162,DR3,100.396602870012,DR3,-0.541,DR3,12.516,DR3,9.8965,,527956488339113600
J00325+074,LP 525-39 A,00:32:34.80,+07:29:26.8,DR3,104.363480235147,-62.9113396436932,DR3,28.4342600849497,DR3,0.9,PMSU,12.8693,DR3,10.1106,UCAC4,2749470902772705408
J00328-045,GR* 50,00:32:53.13,-04:34:07.3,DR3,81.7475464305703,-131.337667269188,DR3,52.8528676962033,DR3,13.548,DR3,14.2404,DR3,11.2006,UCAC4,2528227035593363840
J00333+368,G 132-004,00:33:20.51,+36:50:26.5,DR3,496.675108626876,128.403902181749,DR3,43.0303001787725,DR3,-41.893,DR3,12.916,DR3,10.3403,UCAC4,366607726803661568
J00341+253,V* V493 And A,00:34:08.38,+25:23:50.1,DR3,82.9689232713314,-97.3554729003183,DR3,20.1008695050432,DR3,-10.193,DR3,11.8916,DR3,10.2216,UCAC4,2807539376010425728
J00346+711,LP 028-158,00:34:37.67,+71:11:42.1,DR3,523.648962087723,-343.909802548735,DR3,51.7960006082737,DR3,-30.644,DR3,13.8025,DR3,11.1084,UCAC4,536325146216950016
J00357+025,NLTT 1930,00:35:43.12,+02:33:13.6,DR3,170.383269717205,-167.844514042401,DR3,36.149920760446,DR3,5.741,DR3,16.4668,DR3,12.7139,APASS9,2550544720750455040
J00358+526,G 172-11,00:35:53.33,+52:41:12.2,DR3,777.168600019981,-181.75470165921,DR3,41.1702410075029,DR3,-0.637,DR3,12.7919,DR3,10.4016,APASS9,416158489625704320
J00359+104,GJ 1014,00:35:55.52,+10:28:35.5,DR3,1085.06550670939,-384.919697252616,DR3,69.4689550374275,DR3,22.931,DR3,15.6294,DR3,12.2292,UCAC4,2751296646125543040
J00361+455,G 172-013,00:36:08.43,+45:30:57.6,DR3,-248.1,-145.0,Gall15,43.9,vAl95,-29.4,Z21,11.971,DR3,9.6174,UCAC4,389034602914964736
J00374+515,G 172-014,00:37:25.94,+51:33:07.3,DR3,-505.388328109052,-31.1254313957278,DR3,30.732950740777,DR3,-56.97,DR3,11.6851,DR3,9.713,UCAC4,415710679155061248
J00380+169,2MASS J00380386+1656028,00:38:03.86,+16:56:02.8,DR3,-104.783616333754,-96.3406516519854,DR3,47.588848783999,DR3,18.429,DR3,13.4684,DR3,10.9136,UCAC4,2782423820307949952
J00382+523,G 218-005,00:38:15.29,+52:19:55.5,DR3,-74.8884851724092,-137.302804736483,DR3,43.4445300916147,DR3,3.107,DR3,10.6991,DR3,8.8848,UCAC4,416135846558362112
J00385+514,G 172-015,00:38:33.88,+51:27:57.9,DR3,-228.566094674802,35.5386261254158,DR3,55.8289804408257,DR3,14.577,DR3,12.8359,DR3,10.3744,UCAC4,415665118140313472
J00389+306,Wolf 1056,00:38:59.04,+30:36:58.4,DR3,1557.92161834699,26.8033982246336,DR3,78.8965146825338,DR3,-0.782,DR3,11.3145,DR3,8.9402,SDSS9,2858600494141185280
J00395+149N,LP 465-062,00:39:33.79,+14:54:35.0,DR3,327.538926275703,29.7467531582914,DR3,34.2579416982032,DR3,4.049,DR3,14.748,DR3,11.6808,SDSS9,2779735819320035840
J00395+149S,LP 465-061,00:39:33.55,+14:54:19.1,DR3,331.907687166005,34.9489427383452,DR3,34.8168711160505,DR3,3.501,DR3,14.4672,DR3,11.6824,SDSS9,2779735823615714176
J00395+605,G 217-061,00:39:33.85,+60:33:15.6,DR3,-157.749235693948,-292.625468234223,DR3,27.1237130612646,DR3,-35.707,DR3,13.1158,DR3,10.7019,PS1,427104673334306176
J00403+612,2MASS J00402129+6112490,00:40:21.29,+61:12:49.1,DR3,48.5763676377694,-55.7343883322788,DR3,19.3277315378551,DR3,3.536,DR3,13.6693,DR3,11.4865,UCAC4,427224073427887360
J00409+313,G 69-11,00:40:56.25,+31:22:56.5,DR3,-42.7645609514099,-331.446329849034,DR3,44.3910271744455,DR3,1.182,DR3,14.0668,DR3,11.2466,UCAC4,360654214936676224
J00413+558,GJ 1015A,00:41:20.83,+55:50:04.4,DR3,324.328197076056,-73.2562760842141,DR3,43.7345720355051,DR3,-40.678,DR3,14.2919,DR3,11.5097,PS1,418491408481398272
J00427+438,2MASS J00424780+4349248,00:42:47.82,+43:49:24.8,DR3,-24.1751938741404,-49.6137854466689,DR3,47.6126032419936,DR3,-28.187,DR3,12.433,DR3,10.0092,UCAC4,387570740621702400
J00428+355,FF And,00:42:48.25,+35:32:55.7,DR3,262.041355783914,77.880921252031,DR3,46.125315090584,DR3,2.633,DR3,10.6432,DR3,8.5251,UCAC4,365548347350541952
J00435+284,GJ 1019,00:43:35.59,+28:26:41.4,DR3,-127.11749758606,-1063.95100134952,DR3,47.9334210061076,DR3,-55.822,DR3,14.8103,DR3,12.044,UCAC4,2810002011474061568
J00443+091,NLTT 2413,00:44:20.66,+09:07:34.5,DR3,813.089789222866,-2.55305632041461,DR3,40.0108880483193,DR3,0.788,DR3,14.3168,DR3,11.3227,UCAC4,2557991713005259392
J00443+126,G 32-44,00:44:19.33,+12:37:02.7,DR3,283.303775314652,-184.065356161052,DR3,50.6476711722432,DR3,32.011,DR3,13.0549,DR3,10.4429,UCAC4,2775987485397299072
J00449-152,NLTT 2465,00:44:59.33,-15:16:17.5,DR3,318.15206294182,-596.622905102771,DR3,66.8287447208579,DR3,-13.742,DR3,14.4145,DR3,11.3835,UCAC4,2371032916186181760
J00459+337,G 132-25,00:45:56.68,+33:47:11.1,DR3,262.870415768799,12.1857548044296,DR3,49.9259285834592,DR3,-47.2,D22,15.565,DR3,12.1825,UCAC4,362091963829100672
J00463+353,HAT 163-01012,00:46:21.84,+35:22:12.3,DR3,-60.1759933892134,-105.368984383182,DR3,34.497052810132,DR3,-28.861,DR3,12.8561,DR3,10.4235,UCAC4,364017827164495232
J00464+506,G 172-022,00:46:29.96,+50:38:38.7,DR3,419.174777969323,-213.833406605895,DR3,30.9457897431824,DR3,-15.144,DR3,14.5564,DR3,11.7066,UCAC4,415180370951921536
J00468+160,2MASS J00465328+1603028,00:46:53.29,+16:03:02.7,DR3,-117.678142254104,-52.5790775183562,DR3,49.706065453527,DR3,-6.282,DR3,12.105,DR3,9.8042,UCAC4,2781242085825625088
J00484+753,LSPM J0048+7518,00:48:29.74,+75:18:48.1,DR3,219.715339367283,-54.3522639555702,DR3,30.7154273384977,DR3,6.03,DR3,13.4712,DR3,10.9845,UCAC4,539080041316941696
J00487+270,G 69-24,00:48:45.53,+27:01:09.1,DR3,-155.933900128197,-288.836853789877,DR3,45.1254954245434,DR3,-21.243,DR3,12.6116,DR3,10.2578,UCAC4,2808854877248978304
J00489+445,LP 193-564 A,00:48:58.28,+44:35:09.1,DR3,119.658970853756,-137.12968065182,DR3,29.5574225766615,DR3,-10.634,DR3,13.3904,DR3,10.7682,UCAC4,376035832854005248
J00490+657,2MASS J00490477+6544377,00:49:04.78,+65:44:37.7,DR3,117.302249395825,-61.5346932266644,DR3,30.4443115072498,DR3,-20.787,DR3,13.1341,DR3,10.7629,UCAC4,524634348319029888
J00502+086,RX J0050.2+0837 2,00:50:17.52,+08:37:34.2,DR3,66.9626446128262,-35.1300131924486,DR3,16.311295604076,DR3,5.298,DR3,14.5878,DR3,11.5867,UCAC4,2581708281894978176
J00505+248,V* FT Psc A,00:50:33.25,+24:49:00.2,DR3,203.428395006873,-31.3363384172511,DR3,66.7255813106135,DR3,7.13,DR3,12.4422,DR3,9.6612,UCAC4,2805045756653326080
J00511+225,BPM 84579,00:51:10.67,+22:34:45.6,DR3,40.5794453733734,-113.540617583661,DR3,37.574187839975,DR3,30.593,DR3,11.8639,DR3,9.6608,UCAC4,2802278114087645440
J00514+583,Wolf 33,00:51:29.84,+58:18:07.3,DR3,1566.9552096327,405.320906823056,DR3,52.6723109779387,DR3,-15.183,DR3,10.8802,DR3,9.0196,PS1,424422281584852352
J00515-229,HD 4967 B,00:51:35.19,-22:54:30.9,DR3,619.895149351882,-280.890895905319,DR3,65.0732634870433,DR3,30.0,Haw96,16.6877,DR3,12.9888,PS1,2349206343359507584
J00520+205,StKM 2-77,00:52:00.06,+20:34:58.3,DR3,180.637165641251,-109.794431036203,DR3,31.8191432245448,DR3,-0.193,DR3,11.736,DR3,9.7462,UCAC4,2789773986820056064
J00532+190,LSPM J0053+1903,00:53:12.96,+19:03:26.9,DR3,-110.150731350976,-118.39429596191,DR3,44.6592735706538,DR3,-4.991,DR3,12.6475,DR3,10.2419,UCAC4,2789002576334151808
J00538+459,G 172-028,00:53:53.25,+45:56:40.5,DR3,305.506951965891,69.6301770037635,DR3,34.5643533205104,DR3,-36.77,DR3,11.3332,DR3,9.4749,UCAC4,378026395579692672
J00540+691,Ross 317,00:54:00.50,+69:11:01.1,DR3,72.2560720823438,-264.286303321621,DR3,34.2731221244348,DR3,-0.582,DR3,13.2602,DR3,10.9015,UCAC4,526914735434842112
J00548+275,G 69-32,00:54:48.08,+27:31:03.6,DR3,341.46336085268,14.7245280639395,DR3,36.4648247898246,DR3,7.338,DR3,15.2147,DR3,12.1849,UCAC4,2808766710160351872
J00566+174,GJ 1024,00:56:38.37,+17:27:35.0,DR3,683.339539432706,-291.753805298412,DR3,54.8456055780177,DR3,-26.22,DR3,13.9858,DR3,11.0916,UCAC4,2787758616366123136
J00570+450,G 172-030,00:57:02.69,+45:05:09.8,DR3,625.837366503318,-68.0252990920644,DR3,76.1100999240523,DR3,6.476,DR3,12.2138,DR3,9.637,UCAC4,377423450888562304
J00577+058,BD+05 127,00:57:44.55,+05:51:20.6,DR3,-55.5184352523008,1.40342801812614,DR3,56.1484887918297,DR3,-15.967,DR3,10.4789,DR3,8.6203,UCAC4,2553195883802687104
J00580+393,1RXS J005802.4+391912,00:58:01.16,+39:19:11.1,DR3,-107.045684227781,24.9962868986552,DR3,68.3892623064718,DR3,-1.206,DR3,14.4376,DR3,11.3721,UCAC4,373838214051410816
J01008+669,LP 051-017,01:00:49.47,+66:56:54.7,DR3,-236.234712746202,-54.6681416009116,DR3,44.3172851875189,DR3,-14.028,DR3,13.6443,DR3,10.9546,UCAC4,526058696910777984
J01009-044,GJ 1025,01:00:56.37,-04:26:56.6,DR3,1249.13799311582,438.73512520857,DR3,80.7877814119446,DR3,29.301,DR3,13.556,DR3,10.7402,UCAC4,2525276565243086080
J01013+613,GJ 47,01:01:20.05,+61:21:56.7,DR3,362.491517224456,-811.622004463048,DR3,94.9701337845986,DR3,6.999,DR3,11.081,DR3,8.7434,PS1,426641955043723520
J01019+541,G 218-020,01:01:59.49,+54:10:57.7,DR3,-304.13454039362,-116.382790609493,DR3,90.0129149783479,DR3,-7.189,DR3,15.2896,DR3,11.807,APASS9,411311395692644224
J01023-104,BD-11 192,01:02:21.13,-10:25:25.9,DR3,26.0879372562117,-176.919855701141,DR3,47.3825056619637,DR3,8.842,DR3,10.2252,DR3,8.4857,,2473055951588089088
J01025+716,Ross 318,01:02:32.24,+71:40:47.3,DR3,1746.70101321819,-381.762369718754,DR3,121.459828714898,DR3,1.343,DR3,10.2547,DR3,7.7961,UCAC4,533621859441169920
J01026+623,BD+61 195,01:02:38.87,+62:20:42.2,DR3,731.087994775853,90.5317355617559,DR3,101.423795295984,DR3,-6.284,DR3,9.792,DR3,7.6166,UCAC4,522863309964987520
J01032+200,G  33-35A,01:03:14.15,+20:05:52.3,DR3,672.163275018022,50.9616857305673,DR3,62.7652136360478,DR3,21.024,DR3,11.8841,DR3,9.5538,UCAC4,2788769028896753664
J01032+316,LP 294-040,01:03:13.96,+31:40:59.8,DR3,217.8,-7.2,PPMXL,24.9,Dit14,4.1,Z21,13.9076,DR3,11.2143,UCAC4,313386725454611200
J01032+712,G 242-077,01:03:14.45,+71:13:12.7,DR3,507.026925074251,-59.7384522589729,DR3,36.3188434071163,DR3,-14.484,DR3,14.17,DR3,11.3419,PS1,533511770839315840
J01033+623,V* V388 Cas,01:03:19.84,+62:21:55.8,DR3,730.398009578876,85.9667043087498,DR3,101.37235858535,DR3,-6.52118,Lafa20,13.8995,DR3,10.5941,PS1,522864272041351296
J01036+408,G 132-050,01:03:40.14,+40:51:29.1,DR3,115.999521255474,-157.822678521368,DR3,32.8112821680505,DR3,-16.22,DR3,10.948,DR3,9.2423,UCAC4,374400957846408192
J01037+408,G 132-51A,01:03:42.05,+40:51:15.9,DR3,132.683528159406,-155.519280835221,DR3,32.5327445220102,DR3,-11.688,DR3,13.7046,DR3,11.1419,UCAC4,374400893423204992
J01041+108,StKM 1-112,01:04:11.04,+10:51:36.5,DR3,25.051142919298,-67.4648486032258,DR3,28.68076189076,DR3,5.822,DR3,12.2404,DR3,10.2028,UCAC4,2583182211591974144
J01048-181,GJ 1028,01:04:53.80,-18:07:28.6,DR3,1292.18786603233,488.10390783649,DR3,102.282746316613,DR3,12.49,DR3,14.7776,DR3,11.3576,UCAC4,2358022227591374336
J01056+284,GJ 1029,01:05:37.64,+28:29:33.6,DR3,1917.65065942953,-187.263961429791,DR3,79.9262523412784,DR3,-11.338,Bar18,15.111,DR3,11.5964,PS1,308256610357824640
J01066+152,GJ 1030,01:06:41.51,+15:16:22.1,DR3,-107.906935610536,-251.432575722844,DR3,44.9835064258291,DR3,16.37,DR3,11.6791,DR3,9.4319,UCAC4,2783324526489670144
J01066+192,LSPM J0106+1913,01:06:36.98,+19:13:33.2,DR3,-42.0666658347915,-222.790070123573,DR3,40.4515806343907,DR3,10.847,DR3,13.5294,DR3,10.9333,PS1,2785466581298775680
J01069+804,NLTT 3583,01:06:54.67,+80:27:34.4,DR3,206.66662783138,-25.2572649561069,DR3,46.9305859362798,DR3,-12.327,DR3,14.2386,DR3,11.1969,UCAC4,565706429072383232
J01078+128,G 2-21,01:07:52.23,+12:52:51.8,DR3,275.860874670779,-22.9733378109351,DR3,35.2305162623947,DR3,13.94,DR3,12.3565,DR3,10.1553,UCAC4,2584622022068408576
J01102-118,LP 707-016,01:10:17.51,-11:51:17.4,DR3,217.818568388607,-120.383100091999,DR3,54.3501175113177,DR3,-8.532,DR3,12.8913,DR3,10.2152,UCAC4,2468929243931522304
J01114+154,LP 467-016,01:11:25.43,+15:26:22.0,DR3,181.9,-129.9,PPMXL,58.0,Dit14,8.7,Z21,14.6357,DR3,11.177,UCAC4,2783378162041480832
J01116+120,LP 467-015,01:11:36.67,+12:05:07.0,DR3,-0.817256895494321,-292.916858134446,DR3,48.7902910977431,DR3,27.955,DR3,12.5334,DR3,10.287,UCAC4,2583721522045243008
J01119+049N,G 70-43,01:11:55.59,+04:55:05.2,DR3,398.053487429388,-532.946969380343,DR3,64.6717240088544,DR3,9.898,DR3,13.1287,DR3,10.487,UCAC4,2564020472698316416
J01119+049S,G 70-44,01:11:57.99,+04:54:12.5,DR3,373.049329735922,-529.963589894047,DR3,64.5669759182632,DR3,10.881,DR3,14.1728,DR3,11.3274,UCAC4,2564019716784563840
J01125-169,YZ Cet,01:12:30.64,-16:59:56.4,DR3,1205.07445031774,637.54663396791,DR3,269.057304650389,DR3,27.84556,Lafa20,12.3317,DR3,9.1346,UCAC4,2358524597030794112
J01133+589,Wolf 58,01:13:19.78,+58:55:22.4,DR3,163.805909250917,-132.887308021259,DR3,36.0250006828435,DR3,-18.154,DR3,11.9601,DR3,9.8526,UCAC4,414108140961406208
J01134-229,GJ 1033,01:13:24.03,-22:54:07.7,DR3,150.933451396525,26.6350867712439,DR3,44.1707287517882,DR3,-1.862,DR3,14.5385,DR3,11.6388,UCAC4,2351469138289894528
J01141+790,2MASS J01140633+7904007,01:14:06.39,+79:04:00.8,DR3,53.8486772137518,71.7477109157769,DR3,23.9285593623793,DR3,19.597,DR3,14.0171,DR3,11.3283,UCAC4,565296654833168768
J01147+253,LP 351-006,01:14:49.42,+25:19:00.7,DR3,373.782622688005,-196.58428735159,DR3,30.4706803073606,DR3,-24.322,DR3,12.4288,DR3,10.2205,SDSS9,294332390808824320
J01158+470,1RXS J011549.5+470159,01:15:50.20,+47:02:02.4,DR3,198.6,-20.1,PPMXL,,,11.1,D22,15.0366,DR3,12.0181,UCAC4,398417074936495232
J01161+601,Wolf 59,01:16:10.13,+60:09:12.8,DR3,379.338082675671,-199.252297866498,DR3,39.0825825224624,DR3,7.471,DR3,11.5506,DR3,9.5621,UCAC4,510339632011519872
J01178+054,NLTT 4318,01:17:53.25,+05:28:26.1,DR3,87.8131010306212,-634.187946412692,DR3,55.2481604725036,DR3,-59.918,DR3,11.2603,DR3,9.1785,UCAC4,2564324345929277184
J01178+286,Ross 324,01:17:50.63,+28:40:13.8,DR3,-342.940334169849,-261.959346649964,DR3,59.846985755984,DR3,-69.498,DR3,11.7904,DR3,9.6573,UCAC4,308828253324985984
J01182-128,GJ 56.1,01:18:16.01,-12:53:59.4,DR3,174.325752090772,-675.819024527887,DR3,42.1035800164197,DR3,7.426,DR3,12.0248,DR3,9.7491,UCAC4,2456594647612706432
J01198+841,GJ 1035,01:19:52.17,+84:09:32.8,DR3,-981.853146497253,475.579969214476,DR3,69.2124309956038,DR3,-42.9,DR3,15.0557,DR3,11.7928,PS1,573273684709125504
J01214+243,Ross 788,01:21:29.38,+24:19:50.0,DR3,340.49635552487,9.07288837074698,DR3,36.8876134147086,DR3,10.743,DR3,10.9258,DR3,9.0954,UCAC4,293605068161883776
J01221+221,G 34-23,01:22:10.31,+22:09:03.0,DR3,237.0,-152.7,PPMXL,87.6,FZ16,-16.7,D22,13.2499,DR3,10.2103,UCAC4,289699156182894592
J01227+005,G 70-55A,01:22:44.97,+00:32:04.1,DR3,-185.039052650104,-528.105153062563,DR3,65.5162387375755,DR3,-1.962,DR3,14.0971,DR3,11.0522,UCAC4,2534338503471881728
J01256+097,Wolf 66,01:25:36.66,+09:45:25.0,DR3,209.126433497849,-405.044514225585,DR3,54.5639093034805,DR3,-13.44,DR3,13.41,DR3,10.6162,UCAC4,2579116591253816832
J01276+722,PM J01276+7217,01:27:40.97,+72:17:47.2,DR3,71.628233181739,40.44953197737,DR3,22.2256933598243,DR3,,DR3,13.3064,DR3,11.0463,UCAC4,534988616816537728
J01317+209,G 34-35,01:32:44.32,+20:59:15.7,DR3,419.565038201963,-137.887543009699,DR3,38.6808680394615,DR3,58.734,DR3,12.4539,DR3,10.2388,UCAC4,288484608151416960
J01324-219,CD-22 526,01:32:26.20,-21:54:18.4,DR3,-587.870694077588,-888.12342415227,DR3,53.6727172760476,DR3,-29.904,DR3,11.3853,DR3,9.2608,UCAC4,5042734468172061440
J01339-176,LP 768-113,01:33:58.00,-17:38:23.8,DR3,42.7216354215526,-186.12815649382,DR3,68.0186675379504,DR3,6.744,DR3,13.2862,DR3,10.5195,UCAC4,2450599697900838912
J01352-072,Barta 161 12,01:35:13.92,-07:12:51.5,DR3,96.7631066458467,-48.9447593941938,DR3,26.8231695730647,DR3,5.876,DR3,13.567,DR3,10.7371,UCAC4,2477870708709917568
J01369-067,LP 648-020,01:36:55.18,-06:47:38.0,DR3,173.893018184625,-99.9014535769532,DR3,41.6989272604464,DR3,12.2,Shk12,14.3469,DR3,11.4673,UCAC4,2478001486169801216
J01373+610,TYC 4031-2527-1,01:37:21.46,+61:05:28.6,DR3,-8.45434397187111,-66.2157427168121,DR3,23.0225444563402,DR3,,,12.1525,DR3,10.0139,UCAC4,509925734600845056
J01383+572,Ross 10,01:38:21.62,+57:13:57.0,DR3,-194.931654278259,-347.110294774202,DR3,75.8855894703321,DR3,-17.724,DR3,12.2141,DR3,9.7598,PS1,409824168780424832
J01384+006,G 71-24,01:38:29.94,+00:39:05.7,DR3,518.091299087539,165.694147061424,DR3,48.2163190570109,DR3,-0.034,DR3,11.8261,DR3,9.5715,UCAC4,2510475768254568832
J01390-179,BL Cet,01:39:01.38,-17:57:02.6,DR3,3385.31581046507,544.386384561952,DR3,367.711896181477,DR3,21.458,DR3,12.8206,DR3,9.0677,UCAC4,5140693571158739840
J01395+050,[R78b] 72,01:39:31.19,+05:03:17.9,DR3,119.222105445987,144.453714245946,DR2,23.3978034752281,DR2,-3.5,D22,13.0995,DR3,10.6347,UCAC4,2561679986105169536
J01402+317,G 72-023,01:40:16.58,+31:47:30.6,DR3,465.518620795293,-10.6790387716437,DR3,41.5479372418631,DR3,-13.801,DR3,14.1509,DR3,11.2232,UCAC4,303876117377381376
J01431+210,RX J0143.1+2101,01:43:11.86,+21:01:10.6,DR3,-95.1322229420386,-15.2552522173977,DR3,26.0366892136755,DR3,-29.3,Z21,13.9696,DR3,11.0396,UCAC4,96530321986314624
J01432+278,BD+27 273,01:43:15.97,+27:50:31.6,DR3,550.88446482561,-31.8953854944334,DR3,45.4238585751288,DR3,-5.467,EDR3,10.6126,DR3,8.6904,UCAC4,301785537751949824
J01433+043,GJ 70,01:43:20.18,+04:19:18.0,DR3,-422.413331378697,-765.032415843989,DR3,88.3059707074422,DR3,-26.374,DR3,11.1578,DR3,8.7974,UCAC4,2560771312759450496
J01437-060,BPS CS 22962-0011,01:43:45.15,-06:02:40.2,DR3,51.9062202432966,-26.7271192601522,DR3,46.704610939303,DR3,14.736,DR3,13.2033,DR3,10.4453,UCAC4,2479453696216295296
J01449+163,Wolf 1530,01:44:58.45,+16:20:39.2,DR3,-738.462957753761,-420.702585803153,DR3,61.6748321587983,DR3,-42.177,DR3,14.3423,DR3,11.3835,UCAC4,91289568531757184
J01453+465,G 173-018,01:45:18.21,+46:32:07.8,DR3,387.619719155386,217.233376418699,DR3,39.4243443176176,DR3,17.85,Shk10,11.7624,DR3,9.4588,UCAC4,351045720262686080
J01466-086,LP 708-416,01:46:36.84,-08:38:57.6,DR3,412.839808330462,-182.42383432078,DR2,39.1033056447382,DR2,54.034,DR3,13.2365,DR3,10.5008,UCAC4,2464581328276877056
J01480+212,G 34-51,01:48:03.97,+21:12:24.3,DR3,346.438495340199,-218.381729893006,DR3,53.7337434331081,DR3,-20.021,DR3,12.3951,DR3,9.9862,UCAC4,97993497084921984
J01510-061,NLTT 6192,01:51:04.10,-06:07:05.0,DR3,545.42382990616,-266.530766798625,DR3,94.7112964816051,DR3,4.478,DR3,14.7266,DR3,11.3791,UCAC4,2467732906559754496
J01514+213,Wolf 90,01:51:24.17,+21:23:39.5,DR3,-3.48107411313556,-347.534507831437,DR3,59.1146987013705,DR3,-9.758,DR3,14.1503,DR3,11.2534,UCAC4,97334889619799168
J01518+644,G 244-037,01:51:51.13,+64:26:05.9,DR3,237.441358975832,-193.606927478198,DR3,57.8248524546883,DR3,-13.224,DR3,11.6437,DR3,9.3033,UCAC4,518201792978856960
J01518-108,Ross 555,01:51:48.69,-10:48:12.5,DR3,568.61776220791,-539.383515222797,DR3,58.2409207733023,DR3,-10.337,DR3,12.0438,DR3,9.7769,UCAC4,2460983348274381696
J01531-210,BD-21 332,01:53:11.36,-21:05:43.3,DR3,272.670136512298,71.9135107036642,DR3,31.2077764312703,DR3,14.48,Shk10,11.626,DR3,9.4239,UCAC4,5135908840152003584
J01538-149,PM J01538-1459A,01:53:50.86,-14:59:50.9,DR3,106.722452618957,-40.5975829637996,DR3,29.6403619714313,DR3,10.8,Malo14,12.9121,DR3,10.2811,UCAC4,5143033331902438656
J01544+576,LSPM J0154+5741S,01:54:28.09,+57:41:30.9,DR3,-25.1822014555427,-197.604446087221,DR3,44.8631764830388,DR3,,,12.9549,DR3,10.2683,UCAC4,506105202278213248
J01550+379,LSR J0155+3758,01:55:02.33,+37:58:02.3,DR3,229.947751683156,-480.813891085631,DR3,49.331314467559,DR3,-44.869,DR3,15.695,DR3,12.4257,PS1,342743754636574208
J01556+028,LHS 6038,01:55:37.31,+02:52:58.4,DR3,-300.097203922176,-284.082881327822,DR3,26.743105174523,DR3,-58.301,DR3,12.2784,DR3,10.1802,UCAC4,2511737320407912192
J01567+305,NLTT 6496,01:56:45.73,+30:33:28.8,DR3,210.624601377501,-13.5226638198601,DR3,31.8502963488338,DR3,16.5,D22,15.3257,DR3,12.2302,UCAC4,301114663860498304
J01592+035E,BD+02 305A,01:59:12.38,+03:31:09.3,DR3,263.229162231227,24.3675989287404,DR3,41.8666313675231,DR3,-8.8,DR3,11.4701,DR3,9.4577,UCAC4,2517883830925784704
J01592+035W,BD+02 305B,01:59:12.60,+03:31:11.4,DR3,265.885408397983,43.3388228950771,DR3,41.9018513312904,DR3,-8.5,New14,12.4984,DR3,9.9687,SDSS9,2517883865285522944
J01593+585,V596 Cas,01:59:23.51,+58:31:16.1,DR3,320.619017351001,-192.633912288503,DR3,76.2911887196121,DR3,-9.592,DR3,12.4933,DR3,9.5995,UCAC4,505516521175942784
J02000+437,G 133-060,02:00:02.82,+43:45:28.2,DR3,120.887644993998,-273.502271027737,DR3,28.1285593983168,DR3,28.948,Ter15,13.251,DR3,10.7719,UCAC4,346565828854482944
J02001+366,G 133-061,02:00:07.43,+36:39:48.0,DR3,54.2265936163841,-260.944884006168,DR3,38.1130009300449,DR3,-17.292,DR3,14.23,DR3,11.5086,UCAC4,330751067778997376
J02002+130,TZ Ari,02:00:12.96,+13:03:07.0,DR3,1096.45848589686,-1771.5261453795,DR3,223.732087209906,DR3,-28.292,DR3,12.5719,DR3,9.3837,SDSS9,76868614540049408
J02007-103,LP 709-016,02:00:47.26,-10:21:20.8,DR3,-372.879292621776,-364.644387607082,DR3,34.3535132054232,DR3,-20.587,DR3,14.3395,DR3,11.5647,UCAC4,2461635667907177472
J02015+637,G 244-047,02:01:35.34,+63:46:12.0,DR3,-258.326434015322,-94.6515239799713,DR3,84.0553561175744,DR3,-84.639,DR3,11.2596,DR3,8.7904,UCAC4,514923083669786112
J02019+735,LP 030-055,02:01:54.16,+73:32:31.7,DR3,269.631736982749,-81.8410341291443,DR3,84.3937374689324,DR3,41.191,DR3,14.3961,DR3,11.1302,UCAC4,558611490995613056
J02020+039,Wolf 109 B,02:02:03.47,+03:56:42.5,DR3,-337.281778093796,-321.222201829845,DR3,28.9218805876736,DR3,-57.1,Haw96,13.1738,DR3,10.843,PS1,2517912315148925696
J02022+103,LP 469-067,02:02:16.24,+10:20:13.9,DR3,-673.639007789484,-280.585052614388,DR3,108.258242760882,DR3,23.085,DR3,15.9085,DR3,12.0347,SDSS9,2571094283835172736
J02026+105,PM J02024+1034B,02:02:28.21,+10:34:53.4,DR3,-50.1929116078217,-97.141887738686,DR3,69.6352895341587,DR3,22.79,Jeff18,13.0847,DR3,10.1569,UCAC4,2571309955621962240
J02027+135,LP 469-073,02:02:44.35,+13:34:33.4,DR3,463.0229301723,-98.1000723671718,DR3,26.0353913854244,DR3,-15.438,DR3,14.5096,DR3,11.5177,UCAC4,77007084285637888
J02028+047,RX J0202.8+0446,02:02:52.08,+04:47:02.4,DR3,-77.9012505815654,-129.235983475957,DR3,48.0766342260377,DR3,-2.449,DR3,13.3285,DR3,10.6106,UCAC4,2518828169682982656
J02033-212,G 272-145,02:03:20.74,-21:13:43.4,DR3,-196.989881857214,-428.81181025803,DR3,46.6717891934908,DR3,1.772,DR3,11.4098,DR3,9.0562,UCAC4,5136466567425127168
J02044-018,G 159-034,02:04:27.50,-01:52:56.9,DR3,-593.085812823999,-569.74312066178,DR3,54.4471440528515,DR3,-31.487,DR3,14.0515,DR3,11.266,UCAC4,2506306454521815040
J02050-176,BD-18 359,02:05:04.88,-17:36:52.7,DR3,1275.21813918015,-169.701350384135,DR3,107.297202475434,DR3,25.96,DR3,10.4362,DR3,8.0407,UCAC4,5138510181584617856
J02055+056,Wolf 116,02:05:30.24,+05:41:47.6,DR3,101.680322237773,-283.93322555307,DR3,25.8044432491977,DR3,-32.272,DR3,12.2536,DR3,10.2062,UCAC4,2519365418550216960
J02069+451,V374 And,02:06:57.18,+45:11:04.2,DR3,280.827042850487,-458.436020854652,DR2,51.4704964054881,DR2,43.004,DR3,10.4741,DR3,8.5902,PS1,352649456753106304
J02070+496,G 173-037,02:07:03.86,+49:38:43.5,DR3,234.248389799381,-427.951306035825,DR3,69.8323510834675,DR3,18.542,DR3,12.4596,DR3,9.9175,UCAC4,358269546017619840
J02071+642,G 244-049,02:07:10.35,+64:17:11.4,DR3,222.587432176934,-166.875120771682,DR3,52.26596859031,DR3,-5.949,DR3,14.6062,DR3,11.6386,UCAC4,515045129459646080
J02082+802,G 242-081,02:08:15.77,+80:13:15.7,DR3,475.947189073877,-287.936417335225,DR3,32.6228855368388,DR3,-11.431,DR3,11.3877,DR3,9.5653,UCAC4,562826090863378560
J02088+494,G 173-039,02:08:53.62,+49:26:56.4,DR3,236.428701327359,-291.177620902811,DR3,58.5107910075914,DR3,-11.239,DR3,12.7437,DR3,10.0808,UCAC4,358249819229900672
J02096-143,LP 709-040,02:09:36.13,-14:21:32.6,DR3,516.291126835184,-349.217136486617,DR3,50.5070705982603,DR3,17.469,DR3,12.0198,DR3,9.6246,UCAC4,5148602083419126016
J02116+185,G 35-32,02:11:40.97,+18:33:38.0,DR3,196.286660587256,271.402493243205,DR3,49.0661703934478,DR3,-55.27,DR3,12.7583,DR3,10.2233,UCAC4,80910659801926528
J02123+035,BD+02 348,02:12:20.99,+03:34:32.2,DR3,-1762.40571794895,-1852.87110003276,DR3,95.1606061485895,DR3,-2.662,DR3,10.2809,DR3,8.1652,UCAC4,2515037264041041536
J02129+000,G 159-046,02:12:54.62,+00:00:16.9,DR3,555.417404733351,28.9846837089732,DR3,65.4932617678149,DR3,27.543,DR3,13.802,DR3,10.8415,UCAC4,2507016253701863040
J02133+368,2MASS J02132062+3648506,02:13:20.59,+36:48:50.5,DR3,65.3788255349779,64.8864255973234,DR2,70.0179652678851,DR2,-3.206,DR3,14.3632,DR3,11.2498,UCAC4,331307970417696000
J02142-039,LP 649-072,02:14:12.56,-03:57:43.6,DR3,509.637679471852,-155.812839555393,DR3,80.0547614650566,DR3,-15.6,Des12,16.6657,DR3,12.7413,UCAC4,2492866780297999232
J02149+174,GJ 1045,02:14:59.81,+17:25:08.4,DR3,345.919787329394,-470.67942884766,DR3,45.4242378559494,DR3,-21.545,DR3,14.7156,DR3,11.7757,UCAC4,80530400577483904
J02153+074,Wolf 127,02:15:21.96,+07:29:39.1,DR3,404.200049153361,-412.551475357119,DR3,38.7960828185797,DR3,-16.121,DR3,12.1338,DR3,9.9937,UCAC4,2521467689076565504
J02155+339,G 74-011,02:15:34.41,+33:57:41.1,DR3,169.842889738055,-378.050911120557,DR3,32.109754706111,DR3,13.948,DR3,13.833,DR3,11.0432,UCAC4,326070279276059008
J02158-126,LP 709-062,02:15:48.88,-12:40:27.6,DR3,498.600221069455,215.079151299002,DR3,36.5678379280868,DR3,54.732,DR3,13.2277,DR3,10.6529,UCAC4,5150342983988467968
J02164+135,LP 469-206,02:16:29.85,+13:35:12.8,DR3,504.215607702792,-433.142893827914,DR3,109.949985795518,DR3,18.895,DR3,16.0858,DR3,12.1493,UCAC4,74203982469858816
J02171+354,LP 245-010,02:17:10.02,+35:26:32.5,DR3,548.968037539317,-259.605264073536,DR3,96.7355313539234,DR3,-4.0,New14,16.2093,DR3,12.2748,APASS9,327944328126649856
J02185+207,G 35-39,02:18:35.96,+20:47:49.4,DR3,-25.6838525438594,-291.480770410994,DR3,49.9490039918082,DR3,-24.315,DR3,12.6324,DR3,10.2786,UCAC4,99279543440878208
J02186+123,RX J0218.6+1219 2,02:18:36.59,+12:18:57.6,DR3,154.805127235341,-102.410339642161,DR3,33.4290097656223,DR3,26.388,DR3,12.575,DR3,10.2618,UCAC4,73019941593200000
J02190+238,G 35-40,02:19:02.33,+23:52:55.0,DR3,296.868671789372,-78.7235278781357,DR3,44.2213847822074,DR3,16.797,DR3,14.3121,DR3,11.4854,UCAC4,102535064223209216
J02190+353,Ross 19,02:19:03.01,+35:21:18.6,DR3,670.531593348866,-427.411648028647,DR3,57.3275767136486,DR3,-28.734,DR3,12.8218,DR3,10.2104,UCAC4,327930412432710784
J02204+377,LP 245-017,02:20:25.28,+37:47:30.7,DR3,342.260088643345,-69.7667266188936,DR3,40.86650935714,DR3,19.908,DR3,12.8991,DR3,10.4508,UCAC4,331611611723173760
J02207+029,G 73-45,02:20:46.25,+02:58:37.6,DR3,152.036938889716,-293.534853985499,DR3,53.3520255284036,DR3,13.341,DR3,15.032,DR3,11.9212,UCAC4,2514052131687080192
J02210+368,GJ 1047 A,02:21:04.07,+36:53:04.3,DR3,736.14291486299,-564.156945395795,DR3,43.8377281995042,DR3,64.726,DR3,13.6984,DR3,11.0325,UCAC4,328181410322977792
J02222+478,BD+47 612,02:22:14.64,+47:52:48.1,DR3,216.133955383129,41.4359922707344,DR3,83.6606219343906,DR3,-38.605,DR3,9.6284,DR3,7.6471,PS1,354077348697687424
J02230+181,StKM 1-261,02:23:05.97,+18:10:34.0,DR3,161.6,-151.7,PPMXL,,,14.4,Z21,11.6759,DR3,9.7291,UCAC4,85931648369883776
J02234+227,LP 353-051,02:23:26.65,+22:44:06.8,DR3,98.6733579304026,-112.579615297936,DR3,36.9015988625384,DR3,12.152,DR3,11.4102,DR3,9.4532,UCAC4,101612981989146752
J02247+259,LP 353-074,02:24:46.11,+25:58:34.3,DR3,-90.2101616376749,-175.465499597233,DR3,35.7665417588629,DR3,-14.006,DR3,11.8372,DR3,9.7598,UCAC4,103363168277756928
J02254+246,StKM 1-265,02:25:28.10,+24:40:36.8,DR3,-89.8592464153393,3.89394389227564,DR3,28.2012219509146,DR3,1.035,DR3,12.45,DR3,10.2325,UCAC4,102648588798884736
J02256+375,G 74-025,02:25:38.44,+37:32:33.9,DR3,286.191948170637,-66.3188220976309,DR3,34.6264284234489,DR3,20.126,DR3,14.2053,DR3,11.4108,UCAC4,328643239565641856
J02272+545,2MASS J02271705+5432479,02:27:17.11,+54:32:47.8,DR3,105.915576063687,-108.321205181431,DR3,36.5563567799575,DR3,,,15.327,DR3,12.1432,UCAC4,455634736638558592
J02274+031,2MASS J02272756+0310548,02:27:27.56,+03:10:55.0,DR3,-120.986929991859,-18.4592008198041,DR3,42.0413984308524,DR3,8.993,DR3,14.555,DR3,11.6968,UCAC4,2515329665414503808
J02277+044,BD+03 339,02:27:45.96,+04:25:55.0,DR3,86.42,240.0,HIP2,58.33,HIP2,6.57,Hal18,8.9142,DR3,7.1263,UCAC4,2515752565074318720
J02282+014,G 75-016,02:28:17.11,+01:26:31.1,DR3,280.883443408626,-131.525860997535,DR3,44.8093718096008,DR3,-3.187,DR3,13.3143,DR3,10.779,UCAC4,2501452449987251840
J02283+219,TYC 1221-1171-1,02:28:22.11,+21:59:45.6,DR3,53.6969783518397,-17.6465446542718,DR3,23.6192120379805,DR3,12.485,DR3,11.7602,DR3,9.7518,UCAC4,89308798334436096
J02285-200,LHS 1408,02:28:31.94,-20:02:26.2,DR3,606.606172721228,231.253193927719,DR3,50.9720453666183,DR3,27.554,DR3,13.11,DR3,10.6397,UCAC4,5130073422706364544
J02287+156,BPM 85139,02:28:46.96,+15:38:53.7,DR3,170.828322092377,-9.61130497732042,DR3,28.4385178735897,DR3,18.244,DR3,12.5029,DR3,10.2448,UCAC4,76173444017933184
J02289+120,[R78b] 140,02:28:54.68,+12:05:21.0,DR3,-3.14405209956218,81.6506231043631,DR3,38.6627112417711,DR3,-50.71,DR3,12.2437,DR3,9.8667,UCAC4,26283932836820096
J02289+226,StKM 2-213A,02:28:58.24,+22:36:25.3,DR3,148.560338887838,-48.8634996591657,DR3,17.2148442573372,DR3,-69.671,DR3,12.1177,DR3,10.4215,UCAC4,89367450407789184
J02292+195,LP 410-033,02:29:14.14,+19:32:35.4,DR3,154.29039054479,-222.505932629525,DR3,25.1129011135193,DR3,-4.122,DR3,12.7596,DR3,10.4478,APASS9,86519023801472384
J02293+884,LP 001-052,02:29:18.90,+88:24:13.6,DR3,-125.441157444365,418.614945617746,DR3,46.0103172215804,DR3,-17.895,DR3,13.1663,DR3,10.6317,UCAC4,576218726601829376
J02314+573,Ross 21,02:31:27.67,+57:22:43.2,DR3,1115.71923422165,11.1268633277169,DR3,50.0054147956385,DR3,1.597,DR3,13.5086,DR3,10.8201,PS1,458018340407727104
J02330+078,LP 530-026,02:33:04.55,+07:49:42.5,DR3,210.546251999806,-95.6076585976528,DR3,32.6132147526865,DR3,43.78,DR3,12.2371,DR3,10.0329,UCAC4,19625187339798144
J02336+249,GJ 102,02:33:37.18,+24:55:37.7,DR3,48.3916978102886,-675.78970860611,DR3,100.146544741862,DR3,-6.484,DR3,13.2419,DR3,10.2735,UCAC4,102162639019033600
J02337+150,LP 470-030,02:33:47.48,+15:00:17.4,DR3,437.341762655683,26.7505116160703,DR3,45.4218887099087,DR3,18.04,DR3,14.0172,DR3,11.3348,UCAC4,75339743621732608
J02340+417,G 74-029,02:34:00.05,+41:46:49.0,DR3,284.96253917193,83.7025896263158,DR3,45.2387581594573,DR3,69.553,DR3,13.8671,DR3,11.2287,UCAC4,338554924573259392
J02345+566,G 174-004,02:34:34.69,+56:36:45.6,DR3,91.3062401591127,-222.696748152762,DR3,27.8621484854598,DR3,10.323,DR3,12.4844,DR3,10.2876,UCAC4,457762325995735040
J02353+235,2E 591,02:35:22.61,+23:34:30.5,DR3,-90.9045797578472,-65.0707788855674,DR3,32.8495908966242,DR3,-1.938,DR3,13.8624,DR3,11.1706,UCAC4,89906520343072000
J02358+202,BD+19 381,02:35:53.31,+20:13:11.6,DR3,249.839073607547,-140.33557150909,DR3,71.2164084710842,DR3,0.556,DR3,10.8989,DR3,8.6274,UCAC4,87921523897823872
J02362+068,BX Cet,02:36:15.27,+06:52:17.9,DR3,1801.67145788057,1450.48694652388,DR3,138.437091035593,DR3,26.103,DR3,11.9521,DR3,9.0968,UCAC4,18565464288396416
J02364+554,G 173-061,02:36:27.10,+55:28:34.3,DR3,-251.152037471238,-255.589457605871,DR3,34.1821400854321,DR3,-58.182,DR3,13.4748,DR3,10.9106,UCAC4,454286043888629504
J02367+226,G 36-26,02:36:44.13,+22:40:26.2,DR3,-37.9121049249872,-374.507242043187,DR3,68.3398393519587,DR3,-5.625,DR3,15.5093,DR3,12.1118,UCAC4,89593331327905536
J02367+320,G  74-34A,02:36:47.71,+32:04:19.9,DR3,-325.270302242809,-60.1606902145554,DR3,51.3785176839312,DR3,-16.335,DR3,13.8064,DR3,11.0449,UCAC4,133359735269472768
J02392+074,G 76-019,02:39:17.33,+07:28:17.1,DR3,480.353929552531,-137.598489882234,DR3,50.0510671308922,DR3,0.543,DR3,14.5091,DR3,11.6248,UCAC4,18986817760556416
J02412-045,G 75-035,02:41:15.14,-04:32:17.8,DR3,352.764634007703,-57.9169609543659,DR3,81.198927491058,DR3,23.115,DR3,14.0459,DR3,10.9763,UCAC4,5185165891628969984
J02419+435,StKM 1-291,02:41:59.00,+43:34:19.3,DR3,-45.5042045137475,-20.33786832996,DR3,33.4895339713395,DR3,-37.217,DR3,11.4895,DR3,9.5124,UCAC4,340590219380026112
J02424+182,LP 410-081,02:42:25.56,+18:14:42.2,DR3,213.326659840792,112.582963181898,DR3,25.4012110698894,DR3,-0.941,DR3,12.2203,DR3,10.1721,UCAC4,82945061255798144
J02438-088,Wolf 1132,02:43:53.22,-08:49:45.7,DR3,615.515999912003,-754.048581012294,DR3,46.8920760571962,DR3,-9.046,DR3,12.1501,DR3,10.006,UCAC4,5173999736868992512
J02441+492,tet Per B,02:44:10.27,+49:13:54.0,DR3,317.246254819582,-60.4091315736588,DR3,89.3738958436431,DR3,25.254,DR3,10.2675,DR3,8.0802,,438829835272390784
J02442+255,VX Ari,02:44:15.51,+25:31:24.1,DR3,864.525126025498,-363.195550868355,DR3,130.195634054432,DR3,30.255,DR3,10.8165,DR3,8.3163,UCAC4,114207651462714880
J02443+109E,2MASS J02442272+1057349,02:44:22.73,+10:57:35.1,DR3,74.0353666487894,-57.9021373186727,DR3,21.3472767385532,DR3,,,15.535,DR3,12.2959,PS1,22338438439701760
J02443+109W,MCC 401,02:44:21.37,+10:57:41.1,DR3,65.8972460533865,-55.5309366235559,DR3,20.777166793389,DR3,4.301,DR3,11.2687,DR3,9.3199,UCAC4,22338644598132096
J02456+449,G 78-004,02:45:39.68,+44:56:55.5,DR3,410.397136748556,-124.894074439821,DR3,41.7126119380168,DR3,36.591,DR3,11.0546,DR3,9.0862,UCAC4,340780267388505344
J02462-049,LP 651-007,02:46:14.92,-04:59:20.6,DR3,1691.16445764398,-1881.04011026012,DR3,59.8398090352371,DR3,33.279,DR3,16.5536,DR3,12.9451,SDSS9,5184938400096586112
J02465+164,LP 411-006,02:46:34.71,+16:25:10.2,DR3,-831.533188185177,-569.024639443097,DR3,71.6047560276116,DR3,-14.6,Haw96,17.2057,DR3,13.1332,PS1,33732162042339072
J02486+621,2MASS J02483695+6211228,02:48:36.99,+62:11:22.9,DR3,113.166954344784,-104.156028535156,DR3,24.0950190130413,DR3,,,18.6676,DR3,15.1143,,465766186531331840
J02489-145E,PM J02489-1432E,02:48:59.83,-14:32:16.2,DR3,174.433077312796,45.4653284137523,DR3,26.5393298018157,DR3,32.515,DR3,13.6941,DR3,11.2333,UCAC4,5157183324996789760
J02489-145W,PM J02489-1432W,02:48:59.27,-14:32:14.9,DR3,164.069382751602,46.5492163263669,DR3,26.5706486996919,DR3,32.372,DR3,13.3438,DR3,10.9748,PS1,5157183324996790272
J02502+628,G 246-012,02:50:16.44,+62:51:19.7,DR3,218.735638660225,-209.748302260485,DR3,36.9568227977237,DR3,11.21,DR3,13.2486,DR3,10.7964,UCAC4,467356110409096832
J02518+062,NLTT 9155,02:51:50.65,+06:13:41.5,DR3,469.045167245186,-122.975916130126,DR3,40.8211509049072,DR3,58.41,DR3,13.4599,DR3,10.9339,UCAC4,6452209110182016
J02518+294,LP 298-042,02:51:49.72,+29:29:12.8,DR3,-70.2279832795841,-153.310803694236,DR3,43.615117120932,DR3,-19.0,Z21,14.254,DR3,11.3215,UCAC4,129200553364168064
J02519+224,RBS 365,02:51:54.10,+22:27:29.9,DR3,108.769914248866,-111.149630473549,DR3,37.0104190508339,DR3,10.566,DR3,13.4876,DR3,10.6636,PS1,109628013733250304
J02524+269,LP 354-423,02:52:25.03,+26:58:29.9,DR3,5.5097746613372,-231.303123192586,DR3,42.7932780411583,DR3,-11.175,DR3,11.3142,DR3,9.2473,UCAC4,116261779701601152
J02530+168,Teegarden's Star,02:53:00.89,+16:52:52.6,DR3,3429.08282680777,-3805.54112273733,DR3,260.988440680473,DR3,68.41729,Lafa20,15.3186,DR3,10.7901,PS1,35227046884571776
J02534+174,NLTT 9223,02:53:26.12,+17:24:32.4,DR3,14.6321675783688,-252.428685127588,DR3,50.4944212945386,DR3,-31.675,DR3,12.9342,DR3,10.3249,UCAC4,35398295820372864
J02555+268,HD 18143C,02:55:35.78,+26:52:20.5,DR3,276.920927914656,-175.88929892935,DR3,44.5218741753509,DR3,32.542,DR3,14.0882,DR3,11.259,UCAC4,116037376250217984
J02560-006,LP 591-156,02:56:03.90,-00:36:33.1,DR3,256.76230366153,70.1414284552424,DR3,61.8679591112396,DR3,46.17,Schn19,15.825,DR3,12.4365,UCAC4,2497858563088120448
J02562+239,LSPM J0256+2359,02:56:13.97,+23:59:10.1,DR3,76.6661716411473,-166.753217477762,DR3,40.0827454550984,DR3,-8.951,DR3,15.1053,DR3,11.898,UCAC4,113202246862254976
J02565+554E,Ross 365,02:56:35.16,+55:26:29.6,DR3,710.560072405057,-455.733566631544,DR3,49.3120460067927,DR3,75.703,DR3,11.8958,DR3,9.5085,PS1,459661938487951360
J02565+554W,Ross 364,02:56:34.42,+55:26:14.1,DR3,727.625467112784,-455.22756865477,DR3,49.3191583198917,DR3,76.326,DR3,10.6897,DR3,8.6926,UCAC4,459661938487952000
J02573+765,G 245-61,02:57:18.26,+76:33:11.3,DR3,690.919754565094,-399.893756202499,DR3,54.9036492182269,DR3,69.788,DR3,13.6263,DR3,11.0938,UCAC4,549007291282705024
J02575+107,Ross 791,02:57:31.05,+10:47:24.6,DR3,1754.38581909394,-419.314335013974,DR3,61.0605755166008,DR3,-95.654,DR3,13.2881,DR3,10.7194,UCAC4,27360698317776640
J02581-128,LP 711-032,02:58:10.23,-12:53:06.0,DR3,274.154354631563,539.507891180432,DR3,86.9574334618186,DR3,101.377,DR3,12.9175,DR3,10.4414,UCAC4,5159273530961537280
J02591+366,Ross 331,02:59:10.66,+36:36:39.9,DR3,587.833685413196,-265.155691924043,DR3,43.1594771108265,DR3,16.931,DR3,13.3127,DR3,10.6932,UCAC4,141963104517995008
J02592+317,LP 298-052,02:59:16.71,+31:46:24.9,DR3,43.0525082146713,185.193373980604,DR3,33.9814582727077,DR3,-12.859,DR3,13.6988,DR3,11.1103,PS1,135554497916690432
J02597+389,G 134-063,02:59:46.35,+38:55:36.1,DR3,233.52491624016,-90.0320439052162,DR3,32.9419626906294,DR3,31.5,Z21,15.7603,DR3,12.4392,UCAC4,143558461530827264
J03018-165N,LP 771-095,03:01:51.04,-16:35:30.9,DR3,-369.971843350747,-267.931311928784,aDR3,145.692188537753,aDR3,7.9,PMSU,11.6111,DR3,8.7985,UCAC4,5153091836072107008
J03018-165S,LP 771-096,03:01:51.39,-16:35:36.0,DR3,-369.971843350747,-267.931311928784,DR3,145.692188537753,DR3,-5.744,DR3,11.4759,DR3,8.8856,SDSS9,5153091836072107136
J03026-181,GJ 121.1,03:02:38.05,-18:09:58.8,DR3,403.721368439425,164.462845949729,DR3,52.6436802759244,DR3,30.845,DR3,12.026,DR3,9.6502,UCAC4,5152365363828101632
J03033-080,StM 20,03:03:21.34,-08:05:15.4,DR3,119.760653190717,-37.6894607881809,DR3,23.9490488128505,DR3,33.367,DR3,13.1748,DR3,10.6759,UCAC4,5179399816430035456
J03036-128,LP 711-043,03:03:40.74,-12:50:31.9,DR3,229.817153872422,-112.350201018495,DR3,42.850493826305,DR3,18.183,DR3,13.7508,DR3,11.0543,UCAC4,5159136122072204416
J03037-128,LP 711-044,03:03:47.85,-12:51:19.2,DR3,233.650596467363,-113.218129797878,DR3,42.717151262015,DR3,17.26,DR3,13.6186,DR3,10.9207,UCAC4,5159135847194297600
J03040-203,LP 771-077,03:04:04.49,-20:22:42.9,DR3,487.66770245843,-485.741646912232,DR3,58.6229799208859,DR3,28.421,DR3,13.0711,DR3,10.3264,UCAC4,5103774994355594368
J03047+617,G 246-022,03:04:43.44,+61:44:08.9,DR3,717.930941994405,-696.249910880988,DR3,42.5336750211567,DR3,-1.415,DR3,12.786,DR3,10.3577,UCAC4,466291787445425408
J03075-039,LP 652-005,03:07:33.80,-03:58:17.0,DR3,-266.12,-388.35,HIP2,18.29,HIP2,-51.1,PMSU,11.0793,DR3,9.1779,UCAC4,5183380495199234304
J03077+249,LP 355-027,03:07:46.86,+24:57:55.4,DR3,229.490107957682,-126.057260598243,DR3,38.816151119415,DR3,7.088,DR3,15.0858,DR3,12.0134,UCAC4,111731654357442816
J03090+100,GJ 1055,03:09:00.17,+10:01:25.7,DR3,286.343081947097,-586.29679924124,DR3,79.4532454362255,DR3,-29.263,DR3,15.1967,DR3,11.8677,PS1,14912165107085184
J03095+457,GJ 125,03:09:30.82,+45:43:59.0,DR3,-426.477263261077,-394.828007764576,DR3,58.1231438277956,DR3,-4.555,DR2,10.3754,DR3,8.1459,UCAC4,434690036555954304
J03102+059,EK Cet,03:10:15.47,+05:54:31.5,DR3,-122.20302706135,-563.343416515233,DR3,55.2406317506079,DR3,-5.685,DR3,12.1189,DR3,9.7837,PS1,4267552520347776
J03104+584,G 246-026,03:10:26.50,+58:26:08.6,DR3,106.405228284896,-195.307812063047,DR3,44.4251103398155,DR3,13.623,DR3,11.8945,DR3,9.7101,UCAC4,460421735382461696
J03109+737,GJ 1053,03:10:58.30,+73:46:19.7,DR3,1825.64885992408,-1074.92710194849,DR3,82.6606202948651,DR3,12.938,DR3,14.9571,DR3,11.7116,PS1,547381594623756416
J03110-046,LP 652-062,03:11:04.89,-04:36:36.3,DR3,4.44546604906837,-304.452957140173,DR3,33.8080042031402,DR3,-46.27,DR3,13.3337,DR3,10.8907,UCAC4,5183085684349107072
J03112+011,1RXS J031114.2+010655,03:11:15.48,+01:06:30.9,DR3,113.882213449053,-16.4382476752428,DR3,59.554535378149,DR3,23.234,DR3,16.5027,DR3,12.8002,APASS9,3266937637860051840
J03118+196,Wolf 132,03:11:48.02,+19:40:15.1,DR3,208.338469018837,-235.920516396681,DR3,37.5103751568444,DR3,10.662,EDR3,11.2796,DR3,9.3147,UCAC4,60244789002681088
J03119+615,BD+60 637,03:11:56.85,+61:31:13.3,DR3,18.2575753624289,85.0237294832043,DR3,27.4834185770044,DR3,-29.316,DR3,10.2848,DR3,8.5563,UCAC4,463237069266956416
J03133+047,CD Cet,03:13:22.92,+04:46:29.3,DR3,1741.87461053324,86.4943843510342,DR3,116.267814433972,DR3,28.165,DR3,14.1218,DR3,10.7781,UCAC4,3179036008830848
J03136+653,TYC 4057-285-1,03:13:38.10,+65:21:16.7,DR3,-86.8165522599687,172.452410201451,DR3,44.3452092326421,DR3,-26.68,DR3,12.1965,DR3,10.0724,UCAC4,492053585402171264
J03142+286,LP 299-036,03:14:12.47,+28:40:39.6,DR3,311.195712314632,-750.010255688055,DR3,67.0684360638947,DR3,32.3,Haw96,17.094,DR3,13.1831,PS1,121843656638575872
J03145+594,Ross 369A,03:14:32.76,+59:26:16.4,DR3,193.72880320825,-159.516539653983,DR3,36.8227863729766,DR3,18.661,DR3,12.4597,DR3,10.0165,UCAC4,462116284659917184
J03147+114,RX J0314.7+1127,03:14:47.20,+11:27:27.4,DR3,60.4547250535136,-45.0988262730377,DR3,17.6337972293158,DR3,8.943,DR3,13.1875,DR3,10.852,UCAC4,16983468919490176
J03147+485,Ross 346,03:14:44.90,+48:31:11.0,DR3,130.677218221664,-343.802404027109,DR3,39.9140111105084,DR3,22.479,DR3,11.6435,DR3,9.5452,UCAC4,435570539206096640
J03162+581N,Ross 370 B,03:16:13.91,+58:10:07.5,DR3,415.276786938983,-318.488446827515,DR3,73.5769370578566,DR3,21.373,DR3,11.3957,DR3,9.1027,UCAC4,461701979233050624
J03162+581S,Ross 370 A,03:16:13.83,+58:10:02.5,DR3,444.525449434726,-324.641041786018,DR3,73.6187790777979,DR3,21.076,DR3,11.186,DR3,8.944,UCAC4,461701979229013376
J03167+389,HAT 168-01565,03:16:46.10,+38:55:27.4,DR3,-60.4225435366028,20.56851280392,DR3,37.3510579674924,DR3,-6.39,DR3,13.5453,DR3,10.8215,UCAC4,235742233662354944
J03172+453,G 78-028,03:17:12.21,+45:22:22.0,DR3,-260.680487296545,-70.6681635746978,DR3,53.1125210085592,DR3,-23.414,DR3,12.6329,DR3,10.0398,APASS9,242513339807684992
J03177+252,LP 355-051,03:17:45.24,+25:15:06.4,DR3,786.53592851784,-362.347823274277,DR3,46.0607976792695,DR3,23.114,DR3,12.0243,DR3,9.8429,UCAC4,111379432679196672
J03181+382,HD 275122,03:18:07.48,+38:15:07.4,DR3,446.15449661401,-572.553497727447,DR3,62.6417009113738,DR3,-4.796,DR3,10.5003,DR3,8.3804,UCAC4,235383247412615936
J03181+426,Wolf 140,03:18:07.01,+42:40:09.1,DR3,204.460632499811,-148.05464632437,DR3,41.5664176269602,DR3,3.242,DR3,13.686,DR3,10.9622,UCAC4,239732949773406976
J03185+103,StKM 1-354,03:18:35.20,+10:18:44.5,DR3,145.857263429331,-82.8883632030156,DR3,28.3598676489584,DR3,15.661,DR3,12.4966,DR3,10.3694,UCAC4,14560046508208640
J03186+326,LP 299-053,03:18:38.32,+32:39:56.9,DR3,210.04150807877,-97.8484282141361,DR3,38.9788583028321,DR3,3.67,DR3,11.5527,DR3,9.5214,UCAC4,125190054638221696
J03187+606,Ross 371,03:18:42.67,+60:36:27.2,DR3,458.030647376915,-383.357950541204,DR3,26.0689335047724,DR3,13.403,DR3,13.5662,DR3,11.0249,UCAC4,463310461666948992
J03194+619,G 246-033,03:19:28.78,+61:56:04.6,DR3,220.8,-194.6,PPMXL,35.8,Dit14,15.892,DR3,14.2727,DR3,11.3154,UCAC4,463541427829124864
J03207+397,LP  198-637 A,03:20:45.16,+39:43:01.5,DR3,139.789815182154,-114.856409365944,DR3,31.5421901581242,DR3,5.88,Per17,11.5939,DR3,9.45,UCAC4,235979285794706176
J03213+799,GJ 133,03:21:21.78,+79:58:02.2,DR3,410.089948967012,287.875068225683,DR3,71.6585655671198,DR3,-13.609,DR3,11.4412,DR3,9.1572,UCAC4,567659818855055488
J03217-066,G 77-046,03:21:46.92,-06:40:24.2,DR3,323.463744334985,-47.6036545679193,DR3,57.9934150522165,DR3,26.231,DR3,11.5717,DR3,9.274,UCAC4,5169649072437050496
J03220+029,GJ 1058,03:22:04.10,+02:56:34.7,DR3,340.252138571197,-749.897603739684,DR3,61.3594565072328,DR3,31.756,DR3,15.0633,DR3,12.0487,UCAC4,3269132022551595264
J03224+271,LP 355-064,03:22:28.14,+27:09:21.8,DR3,220.912264517509,-64.3477992544178,DR3,31.4703273866923,DR3,30.127,DR3,11.2446,DR3,9.4171,UCAC4,117654650480415744
J03230+420,GJ 1059,03:23:01.76,+42:00:26.8,DR3,275.38266139022,-688.140904836907,DR3,67.8820967236646,DR3,-24.674,DR3,15.628,DR3,12.2951,APASS9,240945608019526272
J03233+116,G 5-32,03:23:22.42,+11:41:13.4,DR3,-251.154366774792,-147.482676718805,DR3,58.4689560415477,DR3,5.298,DR3,12.468,DR3,9.9474,UCAC4,16302463200535040
J03236+056,1RXS J032338.7+054117,03:23:39.16,+05:41:15.2,DR3,83.3211184383144,-69.4972538886007,DR3,26.6378396341259,DR3,12.158,DR3,14.7906,DR3,11.728,UCAC4,9124679495764864
J03241+237,LP  356-14 A,03:24:06.48,+23:47:06.1,DR3,215.048406120875,-119.922896214874,DR3,48.2704308044265,DR3,18.815,EDR3,10.9784,DR3,8.9144,UCAC4,62948174562104448
J03242+237,LP  356-15,03:24:12.86,+23:46:19.1,DR3,205.446370087515,-110.259364389664,DR3,48.3361100505029,DR3,19.016,DR3,12.1085,DR3,9.7586,UCAC4,62947354224986240
J03247+447,PM J03247+4447A,03:24:42.46,+44:47:41.9,DR3,-100.204491412246,-32.2141044808246,DR3,30.2766265940692,DR3,-25.693,DR3,12.2304,DR3,10.1397,UCAC4,241863219189893248
J03257+058,LP 532-081,03:25:42.23,+05:51:50.8,DR3,-181.758044858019,-166.173032450291,DR3,39.7731749560928,DR3,-3.4,PMSU,15.7297,DR3,12.562,SDSS9,9178383766474496
J03263+171,PM J03263+1709,03:26:23.64,+17:09:31.2,DR3,88.5450726986545,-63.2107773290606,DR3,27.4500952244281,DR3,27.308,DR3,14.417,DR3,11.6409,UCAC4,54955450878005888
J03267+192,G 6-7,03:26:44.96,+19:14:40.3,DR3,10.4699633123132,-160.22217176141,DR3,55.3141893098436,DR3,-34.306,DR3,15.169,DR3,12.0186,UCAC4,57739208163471744
J03272+273,CK Ari,03:27:14.34,+27:23:08.7,DR3,-101.735240863472,-56.6794407058156,DR3,32.9641384984411,DR3,1.432,DR3,11.924,DR3,9.8885,UCAC4,117990177621007744
J03275+222,J0327+2212,03:27:30.86,+22:12:38.2,DR3,66.6683942245472,-80.3676376750974,DR3,25.8958887014006,DR3,10.697,DR3,14.8315,DR3,11.8726,UCAC4,61801491310173056
J03284+352,LSPM J0328+3515A,03:28:29.22,+35:15:20.5,DR3,99.2313681107475,-120.974884575115,DR3,21.2216342483447,DR3,20.433,DR3,12.856,DR3,10.6563,UCAC4,221921136279779200
J03286-156,LP 772-072,03:28:38.98,-15:37:17.4,DR3,180.153453642799,57.7644174823354,DR3,43.7993764237005,DR3,6.928,DR3,14.5301,DR3,11.5781,PS1,5111963126166679936
J03288+264,LP 356-106,03:28:49.57,+26:29:12.3,DR3,225.898863408423,-133.004237309462,DR3,65.1319398356441,DR3,0.122,DR3,13.6932,DR3,10.9282,UCAC4,117709729140217216
J03303+346,2MASS J03302331+3440325,03:30:23.32,+34:40:32.4,DR3,35.8,-41.6,PPMXL,,,5.2,Jeff18,14.5246,DR3,11.7401,UCAC4,221088458083406720
J03308+542,LSPM J0330+5413,03:30:48.89,+54:13:55.2,DR3,-151.987415626099,-3.41808640735675,DR3,95.2169160320612,DR3,2.0,New14,16.137,DR3,12.322,APASS9,445100418805396608
J03309+706,LP 031-368,03:30:54.81,+70:41:14.0,DR3,371.531656031592,-480.514508409873,DR3,43.8283521927872,DR3,20.922,DR3,13.8146,DR3,11.1184,UCAC4,542896755414366720
J03317+143,GJ 143.3,03:31:47.14,+14:19:17.7,DR3,39.4244647409743,-674.121104872148,DR3,49.5328581677112,DR3,-32.773,DR3,12.5284,DR3,10.1716,UCAC4,41840029505514496
J03325+287,RX J0332.6+2843,03:32:35.79,+28:43:55.3,DR3,51.5,-72.1,PPMXL,,,8.812,DR3,14.1361,DR3,11.176,UCAC4,119689232324345088
J03332+462,BD+45 784,03:33:14.05,+46:15:19.0,DR3,68.9023273609791,-172.584684963914,DR3,27.4808538713992,DR3,-14.268,DR3,11.3046,DR3,9.5899,,248004472671505152
J03340+585,Ross 563,03:34:00.50,+58:35:55.0,DR3,302.283581911955,-173.557787849638,DR3,25.6058873484548,DR3,-22.5,Z21,11.3501,DR3,9.4917,UCAC4,449929164637372928
J03346-048,LP 653-008,03:34:39.63,-04:50:33.3,DR3,406.029081073886,-324.893218042291,DR3,37.819827264827,DR3,5.252,DR3,13.2835,DR3,10.4978,UCAC4,3248028717923282048
J03361+313,[GBM90] Per 49,03:36:08.70,+31:18:39.5,DR3,115.359729525763,-132.333219803644,DR3,73.2077676762372,DR3,14.462,DR3,14.2128,DR3,11.0723,UCAC4,121254932585133568
J03366+034,[R78b] 233,03:36:40.84,+03:29:19.5,DR3,122.130638607546,-120.2420368781,DR3,37.3462821952834,DR3,19.297,DR3,14.1523,DR3,11.1203,UCAC4,3274291270411229056
J03372+691,LP 54-19,03:37:14.08,+69:10:49.8,DR3,156.697580637343,-118.494289514855,DR3,27.0467768913386,DR3,19.898,DR3,14.5134,DR3,11.6056,UCAC4,494406712082475520
J03375+178N,LP 413-018,03:37:33.35,+17:51:14.5,DR3,170.329359009821,-30.0834654924027,DR3,25.8285347829889,DR3,40.22,Shk10,12.9249,DR3,10.5808,SDSS9,56447041481918720
J03375+178S,LP 413-019,03:37:33.90,+17:51:00.4,DR3,170.303966992219,-28.090225505997,DR3,25.7752106559009,DR3,43.7,Z21,13.5858,DR3,10.8741,PS1,56447037184877824
J03394+249,KP Tau,03:39:29.71,+24:58:02.5,DR3,116.218710257637,196.932327619409,DR3,62.6541316891579,DR3,12.235,DR3,13.033,DR3,10.4183,UCAC4,68553931516671488
J03396+254E,Wolf 204,03:39:36.19,+25:28:20.9,DR3,238.697801432729,-578.948192173504,DR3,38.8253027455182,DR3,4.713,DR3,12.9122,DR3,10.3859,UCAC4,68648455541664384
J03396+254W,Wolf 205,03:39:40.49,+25:28:48.3,DR3,236.65564598735,-575.383310703509,DR3,38.9126302074935,DR3,4.668,DR3,13.2873,DR3,10.6763,UCAC4,68648833498786688
J03397+334,HD 278874B,03:39:47.84,+33:28:30.7,DR3,-38.6711520085849,-3.52090679275789,DR3,25.5712011513393,DR3,-6.538,DR3,13.203,DR3,10.5908,PS1,217778309608889088
J03416+552,TYC 3720-426-1,03:41:37.28,+55:13:06.8,DR3,96.782094596226,-116.638662742714,DR3,27.9198969949095,DR3,-4.626,DR3,11.4691,DR3,9.6074,UCAC4,445204047775833216
J03430+459,LSPM J0343+4554A,03:43:02.03,+45:54:18.2,DR3,-199.427588503324,-14.3085161864797,DR3,41.9063506238898,DR3,-25.426,DR3,14.3509,DR3,11.4565,UCAC4,244849046094626176
J03433-095,G 160-019,03:43:22.06,-09:33:50.7,DR3,433.399326762844,285.593465885337,DR2,49.6466969358037,DR2,34.855,DR3,14.9149,DR3,11.7664,UCAC4,5164137461165628032
J03437+166,MCC 428,03:43:45.25,+16:40:02.2,DR3,156.276881991918,-310.111563138214,DR3,58.0275673632229,DR3,33.864,DR3,11.015,DR3,8.8826,UCAC4,43335537119385216
J03438+166,BD+16 502A,03:43:52.56,+16:40:19.3,DR3,157.854874826736,-316.198701775897,DR3,58.0361068442878,DR3,34.097,DR3,10.1466,DR3,8.2677,UCAC4,43335880716390784
J03445+349,HD 278968,03:44:30.95,+34:58:23.3,DR3,199.289373047269,-157.914131545587,DR3,38.9190682072007,DR3,4.229,DR3,10.8623,DR3,9.0615,UCAC4,218366758786141440
J03454+729,NLTT 11646,03:45:27.94,+72:59:32.2,DR3,203.307979816647,-442.851730666776,DR3,39.0877976675078,DR3,36.995,DR3,11.7353,DR3,9.615,UCAC4,543701666645486592
J03455+371,PM J03455+3706,03:45:33.64,+37:06:44.0,DR3,81.3482382869275,13.5483881408392,DR3,28.51228320993,DR3,,DR3,13.5039,DR3,11.0447,UCAC4,223158499179138432
J03455+703,2MASS J03453188+7018002,03:45:31.91,+70:18:00.1,DR3,136.641479491303,17.2572528179098,DR3,33.2788820110453,DR3,13.259,DR3,12.343,DR3,10.2408,UCAC4,494744640108707456
J03459+147,NLTT 11771,03:45:54.85,+14:42:51.5,DR3,99.2979798914352,-265.138844166481,DR3,27.7123728756489,DR3,2.105,DR3,12.1088,DR3,10.0493,UCAC4,42793752764180736
J03463+262,HD 23453,03:46:20.14,+26:12:55.8,DR3,386.748016567758,-196.320460210123,DR3,69.5143143252329,DR3,35.735,DR3,9.8241,DR3,7.9064,UCAC4,70051608089857536
J03467+821,TYC 4521-1342-1,03:46:42.02,+82:07:51.3,DR3,83.8360076913305,-70.4969400922392,DR3,24.1779470525419,DR3,-20.036,DR3,12.1794,DR3,10.207,UCAC4,569992638932650240
J03467-112,LP 713-028,03:46:45.42,-11:17:42.3,DR3,570.687107498148,115.01773486771,DR3,44.6735341282271,DR3,93.481,DR3,12.9095,DR3,10.4871,UCAC4,5115590415026701184
J03473+086,LTT 11262,03:47:20.89,+08:41:47.1,DR3,468.997468507958,-652.311318125403,DR3,80.0552080771202,DR3,5.533,DR3,14.8022,DR3,11.6751,UCAC4,3278325004913943808
J03473-019,G 80-021,03:47:23.34,-01:58:19.9,DR3,180.640204069499,-274.01623129845,DR3,59.4319937186976,DR3,17.87603,Lafa20,11.8395,DR3,9.3594,UCAC4,3250328209054347264
J03479+027,Ross 588,03:47:58.10,+02:47:16.2,DR3,-394.40963777472,-425.075960723071,DR3,56.9869983500179,DR3,8.61,DR3,11.2845,DR3,9.2176,UCAC4,3270590765246119168
J03480+686,G 221-24,03:48:01.70,+68:40:38.8,DR3,129.53185811062,258.157062589311,DR3,55.9836595732911,DR3,9.4,PMSU,10.9416,DR3,8.7508,PS1,493650660396520064
J03486+735,LP 031-218,03:48:38.22,+73:32:35.2,DR3,400.055797970687,-268.893495853059,DR3,62.6687796816932,DR3,-7.823,DR3,11.5238,DR3,9.3468,UCAC4,543789661932658432
J03505+634,G 246-050,03:50:33.71,+63:27:18.6,DR3,-8.62098120228082,-230.829306888807,DR3,25.3423113037343,DR3,-19.177,DR3,11.6319,DR3,9.5143,UCAC4,487186081785899648
J03507-060,GJ 1065,03:50:44.29,-06:05:41.6,DR3,-445.617556102898,-1371.19579294192,DR3,100.729881067249,DR3,-9.639,DR3,13.0618,DR3,10.247,UCAC4,3243715604392800512
J03510+142,2MASS J03510078+1413398,03:51:00.79,+14:13:39.9,DR3,70.1273231524774,-74.8781161156523,DR3,24.9793160982989,DR3,10.805,DR3,14.1736,DR3,11.2313,UCAC4,39527339939738112
J03510-008,LP 593-068,03:51:00.03,-00:52:44.9,DR3,10.9864044276267,-469.963854975603,DR3,68.1217834039947,DR3,-12.63,Schn19,18.2858,DR3,13.8417,SDSS9,3257243312560240000
J03519+397,TYC 2868-639-1,03:51:58.15,+39:46:56.7,DR3,28.5339461908752,-57.7330499887916,DR3,31.020674420867,DR3,17.807,DR3,11.2634,DR3,9.4566,UCAC4,223983442137333376
J03526+170,Wolf 227,03:52:41.75,+17:01:04.2,DR3,433.182994699696,-645.368618669484,DR3,103.500794054573,DR3,35.964,DR3,14.0732,DR3,10.8709,UCAC4,43574131143039104
J03531+625,Ross 567,03:53:10.44,+62:34:08.1,DR3,31.7274206710153,-269.067984534858,DR3,81.2024026511037,DR3,-120.612,DR3,11.7428,DR3,9.3042,UCAC4,474987206435652608
J03543-146,2MASS J03542008-1437388,03:54:20.10,-14:37:38.6,DR3,-70.9500724976455,86.4027883834609,DR3,56.2053248972072,DR3,9.9,Des12,18.2439,DR3,13.8424,PS1,5110641302736199424
J03544-091,StKM 1-430,03:54:25.62,-09:09:30.9,DR3,-95.4140437995309,111.005536974019,DR3,47.4060507783465,DR3,2.413,DR3,11.6633,DR3,9.4831,UCAC4,3194816237789820544
J03548+163,LP 413-108,03:54:53.22,+16:18:56.2,DR3,131.352483413954,-22.7305826499002,DR3,22.7440256875085,DR3,30.84,DR3,14.5468,DR3,11.705,UCAC4,40470720915966208
J03565+319,HAT 214-02089,03:56:33.10,+31:57:24.8,DR3,123.165520728613,-65.0293599457482,DR3,20.8349823273103,DR3,32.079,DR3,14.2356,DR3,11.5096,UCAC4,168774798644094592
J03567+039,Ross 23,03:56:47.40,+53:33:36.8,DR3,309.016709755584,-394.677969103071,DR3,44.3952142466975,DR3,-20.736,DR3,11.1639,DR3,9.1018,UCAC4,252151693092703872
J03574-011,BD-01 565B,03:57:28.90,-01:09:23.5,DR3,-209.409299978057,-139.729874338218,DR3,65.4918442868048,DR3,3.399,DR3,11.7319,DR3,9.3074,SDSS9,3256334497479304832
J03586+520,Ross 24,03:58:36.28,+52:01:25.1,DR3,371.438632605099,-215.689460773953,DR3,35.4851673004873,DR3,-0.184,DR3,12.3919,DR3,10.2435,UCAC4,251688283301485824
J03588+125,G 7-14,03:58:49.10,+12:30:23.3,DR3,254.159235757261,-312.904008760499,DR3,37.5673979812362,DR3,38.62,DR3,14.5256,DR3,11.5883,UCAC4,3304935076090945536
J03598+260,Ross 873,03:59:53.67,+26:05:23.6,DR3,730.915701732995,-255.852033578741,DR3,43.6472342258144,DR3,54.208,DR3,12.8572,DR3,10.2984,UCAC4,67198925172337536
J04011+513,Ross 25,04:01:07.56,+51:23:19.3,DR3,365.806441550087,-804.171961911769,DR3,39.8162310121488,DR3,-17.923,DR3,13.8972,DR3,11.2453,UCAC4,250858048943327104
J04056+057,[R78b] 256,04:05:38.91,+05:44:40.9,DR3,33.094384325054,-34.7455455925952,DR3,16.0942073119415,DR3,16.857,DR3,13.081,DR3,10.4771,UCAC4,3296932482569720192
J04059+712E,LP 031-301,04:05:57.52,+71:16:40.8,DR3,171.058510037914,-379.058326088127,DR3,54.5663709521874,DR3,1.26,DR3,14.1953,DR3,11.3067,PS1,495091570387568512
J04059+712W,LP 031-302 A,04:05:56.64,+71:16:38.3,DR3,172.951746512484,-370.366679867002,DR3,54.6251338237293,DR3,,,15.9499,DR3,12.3533,PS1,495091536028866560
J04061-055,2MASS J04060688-0534444,04:06:06.88,-05:34:44.6,DR3,23.1901858155973,-145.207152557124,DR3,70.8698631748946,DR3,-21.789,DR3,13.5447,DR3,10.7802,UCAC4,3197487123332369536
J04077+142,LP 474-123,04:07:43.95,+14:13:24.6,DR3,173.569173228264,-156.670628160218,DR3,32.1291843809695,DR3,-18.231,DR3,11.0066,DR3,9.193,UCAC4,3305633918809117824
J04079+142,NLTT 12593,04:07:54.80,+14:13:00.7,DR3,174.744599172065,-156.870774071111,DR3,32.4006027792954,DR3,-17.622,DR3,13.2441,DR3,10.7653,UCAC4,3305622030339640704
J04081+743,LP 032-016,04:08:11.21,+74:23:01.2,DR3,672.332888246024,-596.867469938673,DR3,62.824077284973,DR3,3.532,DR3,13.5438,DR3,10.8563,UCAC4,549890302202250112
J04083+691,LP 031-433,04:08:23.79,+69:10:59.1,DR3,269.998552917881,-73.3865364198932,DR3,43.0031209796276,DR3,-16.891,DR3,15.2244,DR3,12.0951,UCAC4,493873895619008384
J04086+336,HD 281621,04:08:37.40,+33:38:13.3,DR3,526.873662463544,126.025974113154,DR3,71.8220595955368,DR3,34.212,DR3,10.4228,DR3,8.3529,UCAC4,170639948323693952
J04093+057,NLTT 12648,04:09:22.26,+05:46:27.2,DR3,221.9,-126.1,PPMXL,47.8,Dit14,41.0,New14,16.3395,DR3,12.7725,APASS9,3296801438825355008
J04108-128,LP  714-37,04:10:48.04,-12:51:42.1,DR3,-146.335285451322,-395.806695926389,DR3,44.8446671578635,DR3,-20.711,DR3,17.0846,DR3,13.4576,PS1,3188811632989991168
J04112+495,Ross 27,04:11:13.11,+49:31:52.4,DR3,113.486856152848,-466.813751537361,DR3,46.3441576281875,DR3,33.619,DR3,13.7004,DR3,11.0816,UCAC4,247316350194295936
J04122+647,G 247-015,04:12:17.02,+64:43:55.6,DR3,492.787089831753,-435.80468166675,DR3,82.9027803459767,DR3,20.028,DR3,13.95,DR3,10.946,UCAC4,476809509515283712
J04123+162,HG 7-124,04:12:21.73,+16:15:03.4,DR3,153.643485439056,-31.5218331488922,DR3,28.2396528226748,DR3,34.531,DR3,14.2311,DR3,11.4501,UCAC4,45679386670867584
J04129+526,Ross 28,04:12:58.83,+52:36:42.0,DR3,-349.089601588982,-822.958705404089,DR2,75.6069729613221,DR2,-42.964,DR3,13.7281,DR3,10.6542,UCAC4,274936731203012736
J04131+505,Ross 29 A,04:13:10.09,+50:31:41.2,DR3,-395.277010401294,-194.954628528579,DR3,50.449295113394,DR3,-92.839,DR3,14.2441,DR3,11.3882,UCAC4,271438845026834944
J04137+476,LSPM J0413+4737E,04:13:47.87,+47:37:44.4,DR3,-103.501362683298,-123.784476681663,DR3,25.9677558745267,DR3,-45.769,DR3,12.7771,DR3,10.3909,UCAC4,246159148562933760
J04139+829,G 222-001,04:13:55.88,+82:55:07.0,DR3,93.7372833496833,-247.432168983358,DR3,27.0708058507656,DR3,2.288,DR3,11.0337,DR3,9.1423,UCAC4,570134471635273728
J04148+277,HG 8-1,04:14:53.52,+27:45:27.9,DR3,231.528906588609,-120.195680304741,DR3,44.1172051313636,DR3,36.447,DR3,12.9811,DR3,10.3992,UCAC4,163152549013270400
J04153-076,omi02 Eri C,04:15:21.54,-07:39:20.7,DR3,-2247.18294261271,-3409.82370878987,DR3,199.451618597389,DR3,-44.063,DR3,11.4909,DR3,8.5012,PS1,3195919254111314816
J04166-125,LP 714-058 A,04:16:41.69,-12:33:23.1,DR3,-84.7687434224574,236.556635326137,DR3,45.9312912401914,DR3,42.259,EDR3,11.5043,DR3,9.3513,UCAC4,3177244255271333376
J04167-120,LP 714-47,04:16:45.60,-12:05:02.5,DR3,49.8345732985339,-197.203137874559,DR3,19.1057664531389,DR3,-7.966,DR3,12.7176,DR3,10.7303,UCAC4,3189306030970782208
J04173+088,LTT 11392,04:17:18.53,+08:49:22.0,DR3,133.639083734593,-377.260714664228,DR3,68.5616601560203,DR3,8.283,DR3,14.0701,DR3,10.9447,UCAC4,3299381442858615936
J04177+410,LSPM J0417+4103A,04:17:44.34,+41:03:13.4,DR3,67.6896331239688,-209.112989852541,DR3,32.8036140026246,DR3,0.885,DR3,13.5232,DR3,10.9835,UCAC4,227939411956865664
J04188+013,HIP 20122,04:18:51.45,+01:23:35.9,DR3,-1.2823249997699,-59.6323653692059,DR3,24.7824817587206,DR3,20.8,Z21,12.5064,DR3,10.2622,UCAC4,3255968634985106816
J04191+097,2MASS J04190809+0944481,04:19:08.11,+09:44:48.1,DR3,43.8485536117071,131.132563884032,DR3,40.2546828725868,DR3,16.21,DR3,14.2032,DR3,11.5702,UCAC4,3300578673582192384
J04191-074,LP 654-039,04:19:06.59,-07:27:44.8,DR3,-166.705960681688,75.0374199788893,DR3,29.971032563869,DR3,29.02,DR3,14.5861,DR3,11.7432,UCAC4,3193031833497299200
J04198+425,LSR J0419+4233,04:19:52.13,+42:33:30.4,DR3,528.664631319598,-1441.61375824032,DR3,97.4489959770632,DR3,21.486,Lafa20,18.891,DR3,14.0279,PS1,229155579195699456
J04199+364,Ross 592,04:19:59.69,+36:29:11.4,DR3,207.687847262708,-451.56208278177,DR3,42.2072601161337,DR3,45.422,DR3,11.7654,DR3,9.6039,UCAC4,177391907491420032
J04205+815,2MASS J04203505+8131556,04:20:35.08,+81:31:55.7,DR3,-115.99892249558,-79.8580042612189,DR3,24.9996197413186,DR3,-0.847,DR3,13.3162,DR3,10.9316,UCAC4,557717892980808960
J04207+152,HG 7-172,04:20:47.97,+15:14:09.3,DR3,167.951278542796,-69.6835610032611,DR3,36.8489621827734,DR3,52.738,DR3,14.0977,DR3,11.2596,UCAC4,3311899034847352576
J04218+213,G 8-29,04:21:50.08,+21:19:42.8,DR3,123.134860939727,-226.068439743676,DR3,48.4126083189859,DR3,15.96,DR3,13.2738,DR3,10.6489,PS1,145333721838128896
J04219+213,LP 415-17,04:21:52.49,+21:21:12.9,DR3,200.180836762226,-76.774634827141,DR3,13.7113097469356,DR3,19.626,DR3,13.0265,DR3,11.372,SDSS9,145333927996558976
J04219+751,G 248-019,04:21:57.61,+75:08:28.3,DR3,541.620791454729,-486.970349075088,DR3,51.4141503927489,DR3,33.037,DR3,12.3641,DR3,10.0002,UCAC4,550301107233576320
J04221+192,LP 415-636,04:22:08.25,+19:15:21.9,DR3,-101.407525102965,-32.6154218196845,DR3,27.9240507564021,DR3,-48.7,Haw96,13.1407,DR3,10.6839,UCAC4,48149164665132672
J04224+036,RX J0422.4+0337,04:22:25.04,+03:37:08.3,DR3,142.267238484993,14.5288476517491,DR3,27.8456127280891,DR3,37.108,DR3,14.2969,DR3,11.5656,UCAC4,3283324415564687104
J04224+740,LP 031-339,04:22:28.35,+74:01:26.7,DR3,44.566498673558,-324.256574842531,DR3,32.9929706872911,DR3,-5.341,DR3,12.3273,DR3,10.1758,UCAC4,550004239094196864
J04225+105,LSPM J0422+1031,04:22:31.99,+10:31:18.8,DR3,244.970745464417,32.7580670790811,DR3,48.0030722975731,DR3,37.197,DR3,12.7321,DR3,10.1194,UCAC4,3300729031796977024
J04225+390,GJ 1070,04:22:33.50,+39:00:43.6,DR3,589.590529248112,-604.617705412237,DR3,49.9653720450039,DR3,17.2,Z21,15.5306,DR3,12.3649,APASS9,179416417636545920
J04227+205,LP 415-030,04:22:42.86,+20:34:12.5,DR3,109.142245168297,-37.4777310735746,DR3,22.2044737658087,DR3,42.165,DR3,15.0755,DR3,12.1983,UCAC4,49157794785448192
J04229+259,G 8-31,04:22:59.26,+25:59:14.3,DR3,34.4522664364433,-244.569107618208,DR3,57.1374237630744,DR3,-19.362,DR3,14.4027,DR3,11.4385,UCAC4,150510158159630848
J04234+495,TYC 3337-1716-1,04:23:26.88,+49:34:19.0,DR3,-21.9626826988185,-213.275403648285,DR3,46.5159540187587,DR3,-12.461,DR3,12.06,DR3,9.7647,UCAC4,270387437037301248
J04234+809,1RXS J042323.2+805511,04:23:29.06,+80:55:10.3,DR3,79.7361829797469,-91.342392758198,DR2,23.9850040622343,DR2,-4.789,DR3,13.751,DR3,11.0621,UCAC4,557450647233137536
J04238+092,LP 535-073,04:23:50.71,+09:12:19.5,DR3,114.287285596903,-5.40222439403095,DR3,22.3575906491942,DR3,48.5,Z21,13.13,DR3,10.675,UCAC4,3299573475139651584
J04238+149,IN Tau,04:23:50.37,+14:55:17.5,DR3,113.947310011441,-28.7256368746337,DR3,25.6598875289013,DR3,38.433,DR3,13.5598,DR3,10.9526,UCAC4,3311162843092490496
J04247-067,2MASS J04244260-0647313,04:24:42.62,-06:47:31.4,DR3,147.081606985942,8.56135849705105,DR3,28.2422357970087,DR3,8.601,DR3,14.1612,DR3,11.2781,UCAC4,3199132439405197696
J04248+324,G 39-11,04:24:49.22,+32:26:58.2,DR3,219.057352296146,-139.33303753525,DR3,41.1264304459416,DR3,-35.025,DR3,12.6318,DR3,10.3041,UCAC4,172382365011768448
J04251+515,2MASS J04250968+5131578,04:25:09.72,+51:31:57.6,DR3,83.556104028662,-89.3052505622605,DR3,29.0382423529366,DR3,-55.687,DR3,12.4766,DR3,10.2261,UCAC4,271164963555608448
J04252+080N,HG 7-207,04:25:16.93,+08:04:03.9,DR3,146.642040384616,2.55687077243616,DR3,28.8836215187672,DR3,41.07,DR3,15.0725,DR3,12.1814,UCAC4,3287041726938931968
J04252+080S,HG 7-206,04:25:15.10,+08:02:55.8,DR3,139.999536695702,3.35930495801697,DR3,29.6764050720726,DR3,40.858,DR3,12.8657,DR3,10.4313,UCAC4,3287041688283537408
J04252+172,V805 Tau,04:25:13.55,+17:16:05.5,DR3,107.261200475794,-27.1884253242138,DR3,19.3128363533933,DR3,37.063,DR3,13.4812,DR3,10.7962,UCAC4,3313958046465282304
J04274+203,TYC 1273-9-1,04:27:25.07,+20:22:44.6,DR3,-84.4559682489456,-3.71326347208594,DR3,40.7398018173276,DR3,-19.661,DR3,12.3,DR3,10.1412,PS1,144410205086676480
J04276+595,G 175-032,04:27:41.32,+59:35:16.6,DR3,115.276780578672,-194.219826806898,DR3,43.837907251088,DR3,17.311,DR3,14.7022,DR3,11.7734,UCAC4,471082286587088640
J04278+117,NLTT 13316,04:27:53.53,+11:46:54.8,DR3,323.552157931275,-497.038342577045,DR3,35.785382005565,DR3,33.139,DR3,14.1102,DR3,11.3761,UCAC4,3306924676740679168
J04284+176,V1102 Tau,04:28:28.77,+17:41:45.6,DR3,109.486950473521,-44.2272912965796,DR3,20.9184340823115,DR3,32.132,DR3,12.4903,DR3,10.2551,UCAC4,3314185129975960448
J04290+219,BD+21 652,04:29:00.12,+21:55:21.7,DR3,-67.0174924749917,174.626753011732,DR3,89.054608821017,DR3,-35.744,DR3,8.5431,DR3,6.8045,,145421309108301184
J04293+142,LTT 11438,04:29:18.48,+14:13:59.4,DR3,254.238589109304,159.375024351681,DR3,41.5410908252953,DR3,-5.642,DR3,13.851,DR3,11.0504,UCAC4,3307883450880112256
J04302+708,2MASS J04301210+7049138,04:30:12.09,+70:49:14.0,DR3,-116.319162394601,24.4629846472888,DR3,38.8703530453737,DR3,4.946,DR3,12.3479,DR3,10.1493,UCAC4,500074076047597568
J04304+398,V546 Per,04:30:25.29,+39:50:59.4,DR3,274.736194185939,-565.434949970237,DR3,91.8429042904444,DR3,15.733,DR3,14.1814,DR3,11.0105,UCAC4,179700710496485504
J04308-088,Koenigstuhl 2A,04:30:52.04,-08:49:19.5,DR3,3.28598248849115,-161.793726694393,DR3,33.1646180595548,DR3,1.968,DR3,14.5698,DR3,11.6161,UCAC4,3197623222256888192
J04310+367,PM J04310+3647A,04:31:00.02,+36:47:55.1,DR3,-58.056753810506,-24.7393268953524,DR3,24.53073872867,DR3,-4.6,Z21,13.59,DR3,11.0442,UCAC4,178010009119238144
J04311+589,G 175-34,04:31:11.51,+58:58:37.5,DR3,1300.36478360256,-2046.10551889657,DR3,181.243839012434,DR3,27.817,DR3,11.3477,DR3,8.4518,PS1,470826482637310080
J04312+422,2MASS J04311499+4217111,04:31:14.99,+42:17:10.8,DR3,-2.65282919629074,-122.289976993721,DR3,44.8328451226304,DR3,6.477,DR3,12.118,DR3,9.8021,UCAC4,252216873515630080
J04326+098,LP 475-1095,04:32:37.83,+09:51:06.6,DR3,124.49668689603,-6.84418977994371,DR3,23.2478324371049,DR3,,,11.9143,DR3,9.7921,UCAC4,3293652471881614592
J04329+001E,LP 595-023,04:32:56.25,+00:06:16.0,DR3,-165.898962946323,-81.6693466687532,DR3,38.0753223256206,DR3,-2.138,DR3,11.7698,DR3,9.6938,UCAC4,3230595651827092864
J04329+001N,LP 595-021,04:32:55.51,+00:06:34.7,DR3,-179.942347204943,-91.8318289276725,DR3,38.1198521655369,DR3,-2.215,DR3,15.0036,DR3,12.0666,SDSS9,3230595686186830848
J04329+001S,G 82-028,04:32:55.56,+00:06:29.7,DR3,-169.564942382956,-86.5175747560127,DR3,38.1748197877235,DR3,-1.706,DR3,14.0608,DR3,11.4369,PS1,3230595686186831104
J04333+239,V* V697 Tau A,04:33:23.79,+23:59:26.7,DR3,104.814981103028,-38.0717454127176,DR3,22.9380747802854,DR3,37.755,DR3,12.8583,DR3,10.4697,UCAC4,147586247500686336
J04335+207,G 8-41,04:33:33.96,+20:44:45.8,DR3,454.864084704153,-321.945772952565,DR3,73.5147363669683,DR3,-2.724,DR3,14.7069,DR3,11.6109,UCAC4,144312344255035392
J04343+430,PM J04343+4302,04:34:22.50,+43:02:14.7,DR3,37.7622011420827,-87.0623864067154,DR3,26.5893000339446,DR3,-43.763,DR3,13.597,DR3,11.145,UCAC4,252366608956186240
J04347-004,G 82-033,04:34:45.33,-00:26:46.5,DR3,-81.1142503939142,-230.810699901771,DR3,52.8235714666633,DR3,-9.275,DR3,13.9124,DR3,11.0321,UCAC4,3230306548988683392
J04350+086,StKM 1-495,04:35:02.55,+08:39:30.6,DR3,90.9506251252997,-0.740591232098481,DR2,16.8518455121976,DR2,39.509,DR3,12.0561,DR3,10.1157,UCAC4,3293276713782975232
J04352-161,LP 775-031,04:35:16.15,-16:06:57.2,DR3,160.083215553223,315.139555644646,DR3,94.3054042353132,DR3,48.5,Des12,17.9207,DR3,13.0993,PS1,3171631420210205056
J04366+112,G 83-022,04:36:39.35,+11:13:17.4,DR3,541.354818082554,333.289890988175,DR3,39.1101602125173,DR3,65.238,DR3,14.5554,DR3,11.7643,UCAC4,3306244972396544384
J04369+593,LP 084-034,04:36:58.46,+59:21:59.9,DR3,134.596483548619,-134.883743993092,DR3,35.6821528270098,DR3,13.358,DR3,12.6622,DR3,10.3844,UCAC4,471205058231083648
J04369-162,2MASS J04365738-1613065,04:36:57.40,-16:13:06.4,DR3,81.2014088288967,-32.6579593631727,DR3,25.3722924657346,DR3,13.674,DR3,13.3799,DR3,10.7752,UCAC4,3171582835540130560
J04373+193,LP 416-1644,04:37:21.90,+19:21:17.4,DR3,90.7,-31.9,Gall15,,,41.3,Z21,14.9113,DR3,11.9753,UCAC4,3410566085883580416
J04376+528,BD+52 857,04:37:40.93,+52:53:37.0,DR3,304.125465436326,-475.1460368893,DR3,100.916059931722,DR3,33.726,DR3,8.8299,DR3,7.0314,UCAC4,272855565763652480
J04376-024,StKM 1-497,04:37:37.46,-02:29:29.0,DR3,54.7824718064461,-47.3121548863825,DR3,36.0085206986053,DR3,21.44,DR3,10.8165,DR3,8.6931,UCAC4,3205094369407459456
J04376-110,BD-11 916,04:37:41.87,-11:02:20.0,DR3,-226.922852391865,-195.986968404785,DR3,89.1897284619791,DR3,-7.126,DR3,10.5782,DR3,8.3307,PS1,3184351876391975808
J04382+282,G  39-29A,04:38:12.59,+28:13:00.3,DR3,386.615056160289,-79.4887052374734,DR3,76.3070568939636,DR3,40.292,DR3,13.0168,DR3,10.0205,UCAC4,157915472050611456
J04386-115,LP 715-039,04:38:37.16,-11:30:14.8,DR3,-268.50151667512,-241.355703874525,DR3,48.7517073449078,DR3,-25.881,DR3,12.9028,DR3,10.2938,UCAC4,3178132420149741824
J04388+217,G 8-48A,04:38:53.50,+21:47:55.1,DR3,189.169471878705,-214.271851375733,DR3,22.4531795699032,DR3,7.221,DR3,13.9621,DR3,11.3347,UCAC4,144835750445462784
J04395+162,LP 415-302,04:39:31.62,+16:15:43.0,DR3,-77.7858201085697,-795.271517854507,DR3,83.9948337270164,DR3,-38.5,Z21,15.779,DR3,12.1865,UCAC4,3310083401849536384
J04398+251,2MASS J04394898+2509262,04:39:48.97,+25:09:26.2,DR3,-93.4046650551602,-49.5372752645765,DR3,47.2565985975335,DR3,-16.443,DR3,13.9979,DR3,11.2783,UCAC4,148133112801536000
J04403-055,LP 655-048,04:40:23.27,-05:30:08.1,DR3,334.529085516322,127.913727403599,DR3,102.594237287214,DR3,31.1,Des12,18.0491,DR3,13.4089,SDSS9,3200303384927512960
J04404-091,BD-09 956A,04:40:29.29,-09:11:44.8,DR3,-127.042486967525,-126.493172142355,DR3,49.4291249241178,DR3,-3.3,PMSU,10.9009,DR3,8.8517,UCAC4,3185759697950315008
J04406-128,TOI-2457,04:40:40.14,-12:53:26.9,DR3,15.2681866209473,19.5111605812721,DR3,16.2897878102617,DR3,-0.047,DR3,12.499164,DR3,10.804494,UCAC4,3174921811836948864
J04407+022,StKM 1-502,04:40:42.49,+02:13:51.8,DR3,167.489273483594,57.9215094008808,DR3,42.685280611541,DR3,53.377,DR3,11.4541,DR3,9.2836,UCAC4,3231329541480243968
J04413+327,G 39-30A,04:41:23.88,+32:42:22.4,DR3,269.604396283619,-153.866175336597,DR3,24.9326766686956,DR3,29.387,DR3,13.9804,DR3,11.2733,UCAC4,159876451038060288
J04414+132,TYC 694-1183-1,04:41:29.67,+13:13:16.3,DR3,99.2328706220326,-18.6300916082185,DR3,22.6629080539051,DR3,41.146,DR3,11.4304,DR3,9.5339,UCAC4,3308127405023027328
J04422+577,LP 084-059,04:42:16.02,+57:42:27.4,DR3,-79.259987657179,-571.05239546447,DR3,29.4748420368751,DR3,53.55,DR3,11.577,DR3,9.6819,UCAC4,277940635240417536
J04423+207,LP 415-1896,04:42:23.42,+20:46:34.3,DR3,296.738225185315,40.5325318953636,DR3,35.5526780360889,DR3,29.188,DR3,12.0859,DR3,9.9022,UCAC4,3411146456224432384
J04425+204,LP 415-345,04:42:30.30,+20:27:11.4,DR3,89.809261260252,-37.8310845326412,DR3,20.4760508300536,DR3,40.0,DR3,13.5242,DR3,10.9789,SDSS9,3411031385460853248
J04429+095,PM J04429+0935,04:42:55.22,+09:35:54.3,DR3,-73.8964265364082,-35.6343047377496,DR3,28.7406033784923,DR3,37.386,DR3,12.1646,DR3,10.141,UCAC4,3293060659748351104
J04429+189,HD 285968,04:42:55.77,+18:57:29.4,DR3,656.646958302907,-1116.59354136726,DR3,105.427484171353,DR3,25.822,DR3,10.2105,DR3,7.9094,UCAC4,3409711211681795584
J04429+214,2MASS J04425586+2128230,04:42:55.86,+21:28:23.0,DR3,37.6797928859586,117.700400628359,DR3,71.9040594883667,DR3,3.11,DR3,12.1492,DR3,9.5509,UCAC4,3411398347466374144
J04444+278,HD 283779,04:44:26.06,+27:51:44.0,DR3,95.7936795066665,-426.824860114572,DR3,60.818992657358,DR3,-7.932,DR3,11.4405,DR3,9.2609,UCAC4,154666071592704128
J04458-144,2MASS J04455273-1426259,04:45:52.73,-14:26:25.8,DR3,-32.418744578527,139.16745327245,DR3,39.1044703584517,DR3,36.013,DR3,13.5509,DR3,10.7782,UCAC4,3173680600645518848
J04468-112,FBS 0444-113A,04:46:51.78,-11:16:47.7,DR3,-142.55124506903,-57.5825784175018,DR3,52.7723544185829,DR3,12.605,DR3,12.7029,DR3,10.0421,UCAC4,3181197137010596608
J04471+021,G 82-048,04:47:11.76,+02:09:39.7,DR3,-193.22799126656,-6.33565894657953,DR3,38.2358110810845,DR3,7.805,DR3,11.5526,DR3,9.5653,UCAC4,3232591299792476672
J04472+206,RX J0447.2+2038,04:47:12.25,+20:38:10.8,DR3,88.6912116083975,-98.1902655040989,DR3,42.9898655351966,DR3,23.375,DR3,14.5099,DR3,11.3059,SDSS9,3410346286637015040
J04480+170,LP 416-043,04:48:00.89,+17:03:21.6,DR3,75.0347473760876,-33.3152672298361,DR3,20.1644079654091,DR3,51.371,EDR3,11.3247,DR3,9.4462,UCAC4,3406089252492594816
J04488+100,1RXS J044847.6+100302,04:48:47.38,+10:03:02.7,DR3,-58.9781298988689,-82.4971140839823,DR3,57.895585590339,DR3,10.35,DR3,12.3462,DR3,9.7367,UCAC4,3293154736711966976
J04494+484,G 81-034,04:49:29.48,+48:28:46.0,DR3,174.40238109756,-198.943292339852,DR3,44.2721759638505,DR3,23.379,DR3,13.6804,DR3,10.7804,UCAC4,256020908870126208
J04499+236,EM* LkCa 18A,04:49:56.30,+23:41:02.8,DR3,37.1392360444403,-169.603267036178,DR3,24.6191867638317,DR3,9.184,DR3,11.9417,DR3,10.0019,UCAC4,3413567782690754688
J04499+711,NLTT 13933,04:49:55.70,+71:09:47.1,DR3,179.825734952233,-35.9901669454371,DR3,38.342613707748,DR3,-24.235,DR3,14.0133,DR3,11.3128,UCAC4,497525786052108800
J04502+459,LP 157-032,04:50:15.28,+45:58:49.9,DR3,198.246909231562,-232.545485663461,DR3,39.3869250779619,DR3,18.073,DR3,11.9889,DR3,9.8645,UCAC4,254564055962696832
J04504+199,BPM 85800,04:50:25.45,+19:59:11.3,DR3,36.2109411766111,-141.079051250048,DR3,33.1754680713732,DR3,39.646,DR3,12.2191,DR3,10.0726,UCAC4,3411564889118510848
J04508+221,GJ 1072,04:50:50.93,+22:07:21.5,DR3,628.828412561921,-425.444876241683,DR3,79.0386658436113,DR3,32.662,DR3,15.4553,DR3,11.9895,SDSS9,3412806512623627008
J04508+261,NLTT 14030,04:50:50.53,+26:07:26.3,DR3,573.568185360444,-244.366061350766,DR3,43.2778370289551,DR3,64.603,DR3,13.067,DR3,10.6387,UCAC4,153470765013858176
J04520+064,Wolf 1539,04:52:05.73,+06:28:35.6,DR3,153.615463551962,-306.046163419711,DR3,80.5623303028882,DR3,-8.285,DR3,12.2307,DR3,9.5074,UCAC4,3288082758293022848
J04524-168,NLTT 14116,04:52:24.41,-16:49:21.9,DR3,122.065179928136,-210.621468839015,DR3,63.1315447811254,DR3,24.79,DR3,11.8162,DR3,9.2862,PS1,2980822034888930176
J04525+407,GJ 1073,04:52:34.61,+40:42:24.1,DR3,1175.72000096803,-1095.40574248607,DR3,74.0698459643888,DR3,102.452,DR3,13.6984,DR3,10.7901,UCAC4,200296663143599104
J04536+623,G 247-039,04:53:40.16,+62:19:03.7,DR3,271.850531511892,-238.901250830253,DR3,54.2830420504888,DR3,-70.964,DR3,13.5971,DR3,10.8755,UCAC4,477826420331704064
J04538+158,LSPM J0453+1549,04:53:50.05,+15:49:15.3,DR3,49.7557743303013,-168.931951235903,DR3,38.5388604404768,DR3,37.198,DR3,13.4266,DR3,10.958,UCAC4,3404960736954828800
J04538-177,GJ 180,04:53:49.98,-17:46:24.3,DR3,408.572731053709,-644.456853765182,DR3,83.6896653370463,DR3,-14.869,DR3,11.1358,DR3,8.851,UCAC4,2979590513145784192
J04544+650,1RXS J045430.9+650451,04:54:29.83,+65:04:41.1,DR3,57.6723256123837,-103.075816005002,DR3,50.9965846019955,DR3,2.163,DR3,14.3517,DR3,11.433,UCAC4,482089261274984064
J04559+046,HD 31412B,04:55:54.45,+04:40:16.5,DR3,139.763167076576,-187.671275067767,DR3,27.8508994965787,DR3,46.0,New14,12.2287,DR3,9.9444,PS1,3239548631415741440
J04560+432,G 96-010,04:56:03.55,+43:13:55.6,DR3,385.950348843344,-166.557077375682,DR3,62.4613162410198,DR3,13.555,DR3,13.9067,DR3,11.0498,APASS9,205049645750273536
J04587+509,LP 157-045,04:58:45.99,+50:56:37.8,DR3,502.404439102679,-336.741662010279,DR3,47.4967808982092,DR3,16.611,DR3,11.1909,DR3,9.1516,UCAC4,259731623173675904
J04588+498,BD+49 1280,04:58:50.57,+49:50:57.4,DR3,112.255960704334,-113.154085007758,DR3,60.1852002888368,DR3,-34.311,DR3,10.017,DR3,8.1294,UCAC4,256487136159035136
J04595+017,V1005 Ori,04:59:34.83,+01:47:00.7,DR3,39.1301533208325,-94.9003614419691,DR3,40.9899185370477,DR3,18.54,DR3,10.2588,DR3,8.3574,UCAC4,3231945508509506176
J05012+248,Ross 794,05:01:15.52,+24:52:24.6,DR3,229.76760373973,-394.160494426014,DR3,44.2505515168607,DR3,29.499,DR3,11.7706,DR3,9.5067,UCAC4,3419611630606267392
J05013+226,LSPM J0501+2237,05:01:18.02,+22:37:00.9,DR3,-62.4785384508749,-351.050805012654,DR3,69.8882485683618,DR3,28.789,DR3,15.7276,DR3,12.2234,PS1,3418324583527645440
J05018+037,StKM 1-539,05:01:50.57,+03:45:55.2,DR3,129.840368513503,-133.844206247606,DR3,53.0768434973272,DR3,24.291,DR3,11.5144,DR3,9.387,UCAC4,3238437574916370048
J05019+011,1RXS J050156.7+010845,05:01:56.66,+01:08:42.9,DR3,34.3015274820328,-90.7608252800027,DR3,39.5444012653831,DR3,19.847,DR3,13.1257,DR3,10.2678,UCAC4,3228854506445679616
J05019+099,LP 476-207 A,05:01:58.80,+09:58:59.0,DR3,31.6596013611979,-121.566041239558,DR3,42.0388225503014,DR3,18.8,PMSU,11.952,DR3,9.1256,UCAC4,3291643148740384128
J05019-069,LP 656-038,05:01:57.43,-06:56:46.4,DR3,-551.746434914987,-533.648216597346,DR3,186.046627793591,DR3,42.286,DR3,12.4132,DR3,9.3805,UCAC4,3187115498866675456
J05024-212,HD 32450A,05:02:28.47,-21:15:24.1,DR3,-166.877156116735,-269.183007505226,DR3,119.573743937206,DR3,-29.2,PMSU,8.5515,DR3,6.6458,UCAC4,2974726131970829952
J05030+213,HD 285190,05:03:05.65,+21:22:36.0,DR3,102.358748232437,-135.319333613272,aDR3,48.5241628319327,aDR3,39.53,DR3,14.909,DR3,11.6873,UCAC4,3409166991697595904
J05032+213,HD 285190 A,05:03:16.09,+21:23:56.2,DR3,102.358748232437,-135.319333613272,DR3,48.5241628319327,DR3,76.39,Jeff18,11.1732,DR3,8.8655,UCAC4,3409167094776800384
J05033-173,LP 776-046,05:03:20.08,-17:22:24.7,DR3,-228.287154866008,-444.685087285382,DR3,108.273247014755,DR3,14.762,DR3,11.9837,DR3,9.385,UCAC4,2976850598890749824
J05034+531,BD+52 911,05:03:23.90,+53:07:42.5,DR3,1302.11856212039,-1537.64427922683,DR3,72.173405914519,DR3,65.447,DR3,10.1833,DR3,8.2413,UCAC4,266846631637524864
J05042+110,G 97-015,05:04:14.76,+11:03:23.9,DR3,-63.2883257309525,194.604792089968,DR3,98.2346328119577,DR3,-3.338,DR3,13.9842,DR3,10.9479,UCAC4,3292000966760477312
J05050+442,2MASS J05050591+4414037,05:05:05.92,+44:14:03.7,DR3,95.1838717767336,-28.6600616981279,DR3,74.1395278350105,DR3,8.398,DR3,14.9545,DR3,11.7227,PS1,205533465225342208
J05051-120,LP 716-035,05:05:11.78,-12:00:28.6,DR3,-216.374176291761,-145.177363115335,DR3,48.1896000787512,DR3,1.843,DR3,13.0881,DR3,10.5594,UCAC4,2989642519027010560
J05060+043,G 84-036,05:06:04.02,+04:20:14.3,DR3,398.211783418587,109.970567745802,DR3,44.0369233919524,DR3,73.366,DR3,11.7472,DR3,9.6217,UCAC4,3238938265024916608
J05062+046,RX J0506.2+0439,05:06:12.93,+04:39:27.2,DR3,30.1572542433956,-89.8643942679039,DR3,36.1922198566113,DR3,20.132,DR3,13.6692,DR3,10.7349,UCAC4,3238965099979863296
J05068-215E,BD-21 1074 A,05:06:49.92,-21:35:09.1,DR3,47.1936096960408,-15.3759379561876,DR3,50.4343830075103,DR3,16.546,DR3,10.7238,DR3,8.4863,PS1,2962658549474035584
J05068-215W,BD-21 1074 B,05:06:49.46,-21:35:03.3,DR3,15.5030439926952,-63.6489943848461,DR3,50.523420781426,DR3,31.7,PMSU,11.4388,DR3,8.7144,,2962658549474035712
J05072+375,RX J0507.2+3731A,05:07:14.47,+37:30:42.2,DR3,-105.5,-8.0,PPMXL,43.8,FZ16,,,15.5651,DR3,12.2615,UCAC4,186593582866479872
J05076+275,TYC 1853-1649-1,05:07:36.67,+27:30:05.2,DR3,60.9,-87.2,PPMXL,,,,,11.4247,DR3,9.5152,UCAC4,3421959328450827008
J05078+179,Wolf 230,05:07:49.30,+17:58:57.7,DR3,32.0116982154642,-261.58357012355,DR2,86.0992438915878,DR2,9.474,DR3,12.0487,DR3,9.5363,UCAC4,3407150556091924736
J05083+756,LP 015-315,05:08:18.50,+75:38:15.3,DR3,200.8,-121.6,PPMXL,66.2,Dit14,,,14.3364,DR3,11.2508,UCAC4,503707412219024384
J05084-210,2MASS J05082729-2101444,05:08:27.30,-21:01:44.4,DR3,34.3127323470901,-12.6780835162841,DR3,20.7027060149651,DR3,22.21394,Lafa20,15.1016,DR3,11.7321,UCAC4,2962794236080240128
J05085-181,GJ 190,05:08:35.04,-18:10:19.4,DR3,503.594094672338,-1399.63179561695,DR3,108.325409816944,DR3,33.9,PMSU,10.5505,DR3,7.8417,UCAC4,2976507997939000064
J05091+154,Ross 388,05:09:09.96,+15:27:32.9,DR3,135.986362348164,-634.835252115124,DR3,33.5674646583627,DR3,-21.952,DR3,12.7304,DR3,10.2995,UCAC4,3392328795750841984
J05103+095,G 97-023,05:10:18.06,+09:30:07.4,DR3,57.6924934454885,-348.527945005103,DR3,27.4499997716398,DR3,41.545,DR3,12.5256,DR3,10.2954,UCAC4,3290671764578809344
J05103+272,LSR J0510+2713,05:10:20.09,+27:14:01.9,DR3,-213.271998360265,-630.810254055537,DR3,97.3185101848142,DR3,-47.7,Z21,17.9715,DR3,13.4331,SDSS9,3421840993510952192
J05103+488,G 96-021 A,05:10:22.01,+48:50:32.5,DR3,176.017536118653,-390.280811240227,DR3,42.8442894528191,DR3,11.784,DR3,12.2838,DR3,9.95,UCAC4,261243245503357056
J05106+297,G 86-028,05:10:39.52,+29:46:47.9,DR3,-246.898901162302,57.7819717869459,DR3,80.335260454894,DR3,-35.867,DR3,12.7182,DR3,10.1572,UCAC4,156150240492946816
J05109+186,G 85-048,05:10:57.43,+18:37:34.5,DR3,-237.019088251233,-648.579587152141,DR3,47.0359671417477,DR3,-46.588,DR3,14.4426,DR3,11.6191,UCAC4,3407572287520660992
J05111+158,StKM 1-549,05:11:09.73,+15:48:57.7,DR3,48.2011157146147,-41.8059405857296,DR3,19.1167498625138,DR3,42.782,DR3,12.245,DR3,10.2537,UCAC4,3393842788902711296
J05114+101,LP 477-36,05:11:29.73,+10:07:15.7,DR3,-46.93102990231,-216.77584776261,DR3,22.630086913585,DR3,4.469,DR3,12.2026,DR3,10.1428,UCAC4,3290909190370391936
J05127+196,GJ 192,05:12:42.23,+19:39:56.4,DR3,279.353796551396,240.88599949362,DR3,82.3104296314985,DR3,-25.339,DR3,11.0017,DR3,8.7299,UCAC4,3407785622839603968
J05151-073,NLTT 14750,05:15:08.04,-07:20:48.5,DR3,265.722802239764,-433.36443263712,DR3,46.2461615339568,DR3,41.468,DR3,11.7695,DR3,9.6681,UCAC4,3207120455805080832
J05152+236,2MASS J05151753+2336260,05:15:17.56,+23:36:26.2,DR3,14.5265647217541,-63.7635595897574,DR3,24.4694605220749,DR3,-30.702,DR3,15.4623,DR3,12.1792,UCAC4,3415853087547362944
J05155+591,LSPM J0515+5911,05:15:30.95,+59:11:17.4,DR3,116.466794621151,-1005.99386520037,DR3,63.3593216913349,DR3,,Lep13,18.3355,DR3,13.8142,PS1,281261607033049472
J05173+321,G 86-37,05:17:19.98,+32:07:34.5,DR3,86.1549313021104,-296.16197431725,DR3,30.5630995536798,DR3,35.653,DR3,13.3996,DR3,10.8252,UCAC4,180614374211036416
J05173+458,Capella H,05:17:23.86,+45:50:22.9,DR3,88.4249612507515,-428.910921509398,DR3,74.9521097571767,DR3,30.972,DR3,10.406,DR3,8.2765,PS1,211810233512673792
J05173+721,TYC 4351-466-1,05:17:21.30,+72:10:51.6,DR3,-17.3212750501513,-116.509213190158,DR3,36.2669103981154,DR3,17.499,DR3,12.077,DR3,9.9994,UCAC4,498986865203474560
J05187+464,2MASS J05184455+4629597,05:18:44.56,+46:29:59.6,DR3,41.4931907012656,-107.370934185635,DR3,20.8976889221469,DR3,2.396,DR3,14.8105,DR3,11.7882,UCAC4,211890772739146112
J05195+649,1RXS J051929.3+645435,05:19:31.19,+64:54:33.8,DR3,10.1810272690852,151.646331476529,DR3,37.6901503766813,DR3,-45.16,DR3,13.4766,DR3,10.6656,UCAC4,480005205701443712
J05206+587N,G 191-30,05:20:41.40,+58:47:33.2,DR3,145.657733482463,-503.944954344243,DR3,35.2020727678669,DR3,2.021,DR3,13.7065,DR3,10.9747,PS1,281086127553744000
J05206+587S,G 191-29,05:20:40.73,+58:47:19.9,DR3,153.251146869321,-496.362998204674,DR3,38.8618026681632,DR3,1.763,DR3,14.3268,DR3,11.6011,PS1,281086127552137984
J05211+557,G 191-32,05:21:10.24,+55:45:51.0,DR3,123.842939192169,-283.947375289104,DR3,37.1191884021852,DR3,81.513,DR3,13.2515,DR3,10.7489,UCAC4,267631128885144576
J05223+305,2MASS J05222053+3031097,05:22:20.55,+30:31:09.6,DR3,76.8288009711976,-83.8564544129684,DR3,34.8123811442234,DR3,5.558,DR3,13.5371,DR3,10.9761,UCAC4,3446840486315485184
J05226+795,TYC 4532-731-1,05:22:39.37,+79:34:31.1,DR3,84.0101314235538,-54.5330192102986,DR3,39.7557989954099,DR3,-11.327,DR3,11.4163,DR3,9.4491,UCAC4,553702339077648512
J05228+202,2MASS J05225013+2016360,05:22:50.13,+20:16:36.2,DR3,42.8430150367982,16.9503062734434,DR3,34.7039736129164,DR3,-10.303,DR3,12.5257,DR3,10.279,UCAC4,3402193923314871296
J05243-160,PM J05243-1601A,05:24:19.11,-16:01:15.4,DR3,31.9865931980981,-24.0029830621671,DR3,32.0614064871218,DR3,27.475,DR3,13.7881,DR3,10.6217,UCAC4,2983928735054717696
J05256-091,LP 717-36,05:25:41.65,-09:09:12.6,DR3,49.4168073281496,-199.679116214493,DR3,46.1969618543201,DR3,26.3,Shk12,12.8484,DR3,10.1429,UCAC4,3014628989487556480
J05280+096,Ross 41,05:28:00.15,+09:38:38.2,DR3,-191.343836131356,-756.836823792054,DR3,97.8867754269512,DR3,60.589,DR3,12.6868,DR3,9.9765,UCAC4,3338097377577012480
J05282+029,G  99-10,05:28:14.60,+02:58:14.3,DR3,-339.732594851715,-1106.56368214311,DR3,47.507241748709,DR3,133.268,DR3,13.0818,DR3,10.5288,UCAC4,3235885299189856384
J05289+125,G 102-4A,05:28:56.51,+12:31:53.9,DR3,96.6251145774668,-217.298520081867,aDR3,35.4049262798646,aDR3,4.7,Z21,14.1942,DR3,11.354,UCAC4,3340965415006242304
J05294+155E,LP 417-213,05:29:27.02,+15:34:38.2,DR3,-83.5683120180904,-127.97891163979,DR3,58.1993169661868,DR3,-5.639,DR3,10.8258,DR3,8.8315,UCAC4,3390818582171734656
J05294+155W,LP 417-212,05:29:26.11,+15:34:45.2,DR3,-80.5388455453397,-113.054354939762,DR3,58.2324686979672,DR3,-4.061,DR3,14.988,DR3,12.0093,PS1,3390818582171735040
J05298+320,Ross 406,05:29:52.67,+32:04:51.2,DR3,-217.062517225101,-675.930327430502,DR3,46.6358961316236,DR3,-9.795,DR3,12.4612,DR3,10.0941,UCAC4,3448722953300327680
J05298-034,Wolf 1450,05:29:52.02,-03:26:30.1,DR3,-298.486947612714,-473.229574321656,DR3,57.7606515020134,DR3,21.368,DR3,12.282,DR3,9.8046,UCAC4,3210711671234654848
J05306+152,LSPM J0530+1514,05:30:37.22,+15:14:28.5,DR3,-122.051384991971,-136.025258527267,DR3,50.8310976433045,DR3,2.072,DR3,13.0124,DR3,10.5113,UCAC4,3390044040652614656
J05314-036,HD 36395,05:31:27.40,-03:40:38.0,DR3,761.630901597857,-2092.20871983728,DR3,175.313136551119,DR3,8.195,DR3,8.1914,DR3,6.0695,UCAC4,3209938366665770752
J05320-030,V1311 Ori,05:32:04.50,-03:05:29.4,DR3,10.1039603147849,-40.1245527132439,DR3,27.2210398253313,DR3,22.21,DR3,11.5987,DR3,9.3327,UCAC4,3216729573251961856
J05322+098,V998 Ori,05:32:14.66,+09:49:14.9,DR3,-180.328310862689,-216.751729184938,DR3,77.1359290794047,DR3,0.78,Jeff18,11.7548,DR3,9.0579,UCAC4,3338162729799839104
J05328+338,NLTT 15237,05:32:51.90,+33:49:46.6,DR3,-258.052798044151,-421.227204089658,DR3,68.4140001451135,DR3,3.015,DR3,13.7219,DR3,11.0136,UCAC4,3449170488894369792
J05333+448,GJ 1081,05:33:19.16,+44:48:58.9,DR3,29.1992566866791,-380.084112660308,DR2,65.4374322828192,DR2,12.42,DR3,12.4862,DR3,9.8078,UCAC4,207910437566174592
J05337+019,V371 Ori,05:33:44.80,+01:56:43.5,DR3,-231.539311527615,-153.988752252907,DR3,63.3597066746468,DR3,30.836,Bar21,11.681,DR3,9.2503,UCAC4,3223516063958808064
J05339-023,RX J0534.0-0221,05:33:59.82,-02:21:32.4,DR3,9.52459491911595,-58.4131921678437,DR3,29.1155441265101,DR3,19.984,DR3,12.6122,DR3,10.12,UCAC4,3216922640621225088
J05341+475,PM J05341+4732A,05:34:10.66,+47:32:02.3,DR3,-58.3511771390627,36.8510873411835,DR3,30.0496717127934,DR3,-5.056,DR3,12.7261,DR3,10.5283,UCAC4,209340936552687488
J05341+512,G 191-004,05:34:08.66,+51:12:56.4,DR3,-52.6743105224701,-221.48414855625,DR3,40.4970438446672,DR3,-72.257,DR3,11.2815,DR3,9.2828,UCAC4,215412263665992448
J05342+103N,Ross 45 A,05:34:15.14,+10:19:14.1,DR3,-85.0657184113218,-378.126393947755,DR3,45.1871282397224,DR3,-11.911,DR3,12.6117,DR3,10.1477,UCAC4,3339705378973587328
J05342+103S,Ross 45 B,05:34:15.07,+10:19:09.0,DR3,-69.8030493743778,-372.738539982111,DR3,45.1345339306179,DR3,-11.55,DR3,13.881,DR3,11.1354,PS1,3339705374677738880
J05348+138,Ross 46,05:34:52.12,+13:52:46.7,DR3,-118.620487002932,-396.571228652951,DR3,83.9705585287,DR3,37.676,DR3,12.0768,DR3,9.4283,UCAC4,3341624061123288448
J05360-076,Wolf 1457,05:36:00.08,-07:38:58.4,DR3,110.246647726445,466.607934199986,DR3,66.4425865605725,DR3,29.105,DR3,13.0804,DR3,10.248,UCAC4,3015684005638599168
J05365+113,V2689 Ori,05:36:30.99,+11:19:40.3,DR3,-2.81781520571778,-56.3497043977074,DR3,87.529739914385,DR3,21.355,DR3,9.0827,DR3,7.2668,UCAC4,3339921875389105152
J05366+112,PM J05366+1117,05:36:38.46,+11:17:48.8,DR3,-3.32315505620128,-60.8384526381021,DR3,87.3452704112214,DR3,21.636,DR3,12.7863,DR3,9.9724,UCAC4,3339914973377653760
J05394+406,LSR J0539+4038,05:39:24.80,+40:38:42.8,DR3,646.149592054566,-834.491923314981,DR3,87.9746686735939,DR3,-6.33848,Lafa20,18.6564,DR3,13.7636,PS1,191109281417914880
J05394+747,NLTT 15320,05:39:25.40,+74:46:05.0,DR3,9.78503608103005,-147.262054551238,DR3,47.2618898397096,DR3,-3.723,DR3,13.5699,DR3,10.935,UCAC4,502780725779792512
J05402+126,V1402 Ori,05:40:16.09,+12:39:00.6,DR3,-16.5735913164579,-260.861259814879,DR3,29.0684328723387,DR3,83.59,Shk10,11.5267,DR3,9.4188,UCAC4,3341248779763320448
J05404+248,V780 Tau,05:40:25.70,+24:48:08.1,DR3,103.2,-383.0,Gall15,97.6,Dit14,21.0,New14,15.1963,DR3,11.3098,UCAC4,3428755925216353280
J05415+534,HD 233153,05:41:30.73,+53:29:23.3,DR3,3.86507215899234,-515.960314267027,DR3,81.4643914294771,DR3,1.639,DR3,9.9641,DR3,7.9014,UCAC4,263916742385357056
J05419+153,MCC 467,05:41:58.87,+15:20:14.0,DR3,79.1510392666429,-42.9783835114812,DR3,44.5629134952694,DR3,22.737,DR3,10.8104,DR3,8.9141,UCAC4,3347826784173590656
J05421+124,V1352 Ori,05:42:09.27,+12:29:21.6,DR3,1997.34187012273,-1569.35494689716,DR3,172.67623105399,DR3,106.062,DR3,11.7436,DR3,8.8737,UCAC4,3340477717172813568
J05422-054,GJ 2045,05:42:12.70,-05:27:55.6,DR3,-157.227833150368,956.725741983858,DR3,77.083787648867,DR3,33.731,DR3,15.5771,DR3,12.139,UCAC4,3023121827755777280
J05425+154,1RXS J054232.1+152459,05:42:31.78,+15:25:01.4,DR3,-77.6,-73.4,PPMXL,,,20.376,DR3,13.884,DR3,11.1155,UCAC4,3347849461601935360
J05455-119,2MASS J05453198-1158034,05:45:31.99,-11:58:03.4,DR3,46.0772146804273,73.3077184225707,DR3,46.4034230592989,DR3,40.01,DR3,14.3718,DR3,11.3902,UCAC4,3009191736986345472
J05456+729,2MASS J05453880+7255127,05:45:38.79,+72:55:12.7,DR3,81.2049813920949,113.586276024427,DR3,35.0963096823476,DR3,-4.604,DR3,13.3845,DR3,10.8977,UCAC4,498708306508914048
J05458+729,2MASS J05454973+7254072,05:45:49.73,+72:54:07.2,DR3,80.0548769876091,114.131387135351,DR3,35.0958705656108,DR3,-4.239,DR3,13.3142,DR3,10.8459,PS1,498705317211677312
J05466+441,Wolf 237,05:46:38.44,+44:07:19.7,DR3,-566.724981295478,-357.547526328208,DR3,43.2499155313251,DR3,12.506,DR3,13.0435,DR3,10.199,UCAC4,196371544065786240
J05468+665,TYC 4106-420-1,05:46:48.69,+66:30:11.7,DR3,84.1928321236548,87.6472760374293,DR3,32.5647000516563,DR3,-1.744,DR3,11.9453,DR3,9.7834,UCAC4,480528195276792576
J05471-052,LP 658-033,05:47:09.12,-05:12:11.4,DR3,532.052844373947,-554.202787805898,DR3,56.9268598997334,DR3,-58.063,DR3,14.8175,DR3,11.8232,UCAC4,3022439786949104256
J05472-000,StKM 1-578,05:47:17.97,-00:00:48.8,DR3,-74.8807826725916,-70.653990281835,DR3,38.5564975094149,DR3,-12.549,DR3,11.1559,DR3,9.2423,UCAC4,3219132482897057152
J05484+077,LTT 17868,05:48:24.07,+07:45:38.7,DR3,72.5833707856991,-272.616486620742,DR3,44.6845527367831,DR3,8.959,DR3,14.4791,DR3,11.5591,UCAC4,3334997304542444032
J05511+122,2MASS J05511039+1216101,05:51:10.43,+12:16:10.2,DR3,73.7551891944519,-51.2747691678735,DR3,33.0406916428426,DR3,18.91,DR3,14.035,DR3,11.2073,UCAC4,3343203715737349376
J05530+047,G 106-7,05:53:04.48,+04:43:07.3,DR3,257.507810327038,-294.79128704451,DR3,24.7147459274096,DR3,72.449,DR3,12.396,DR3,10.2872,UCAC4,3320040063753164160
J05530+251,LSPM J0553+2507,05:53:01.82,+25:07:43.7,DR3,86.5173434708393,-171.049084509869,DR3,58.0550936230183,DR3,75.689,DR3,12.6017,DR3,10.0905,UCAC4,3428298528382128000
J05532+242,Ross 59,05:53:14.06,+24:15:31.8,DR3,156.741978373233,-605.111583176301,DR3,47.7312560280128,DR3,27.496,Bar18,11.0561,DR3,8.8688,PS1,3427930123268526720
J05547+109,RX J0554.7+1055,05:54:45.73,+10:55:57.0,DR3,-140.255812617639,-69.3582626585693,DR3,40.5363785825153,DR3,12.76,DR3,12.7276,DR3,10.3039,UCAC4,3342799469117920896
J05558+406,2MASS J05554841+4036498,05:55:48.38,+40:36:49.8,DR3,-51.9803401590626,-111.180454704661,DR3,27.776771365299,DR3,-9.672,DR3,12.3239,DR3,10.2277,UCAC4,3458612025303452416
J05566-103,1RXS J055641.0-101837,05:56:40.67,-10:18:37.8,DR3,-27.80850716458,127.747510039032,DR3,62.8395891741119,DR3,23.07,DR3,13.5058,DR3,10.7303,UCAC4,2999254213453678720
J05587+259,2MASS J05584754+2557395,05:58:47.56,+25:57:39.7,DR3,95.4990671951525,25.9466145078643,DR3,32.629952630762,DR3,1.816,DR3,12.062,DR3,10.0275,UCAC4,3429822520218093312
J05588+213,NLTT 15870,05:58:53.29,+21:21:01.6,DR3,205.412275539689,-442.247763394707,DR2,60.7062685016645,DR2,30.61,Ter15,15.4586,DR3,12.0089,UCAC4,3423241870109184896
J05596+585,EG Cam,05:59:37.75,+58:35:34.8,DR3,9.11492119369733,-254.010158464029,DR3,74.1397052040548,DR3,-0.291,DR3,10.4881,DR3,8.3833,UCAC4,269067920001221888
J05599+585,G 192-012,05:59:55.68,+58:34:15.2,DR3,-0.559154473745623,-252.693209486621,DR3,74.2050652545167,DR3,0.158,DR3,13.8154,DR3,10.8223,UCAC4,269066953631488384
J06000+027,G 99-049,06:00:03.50,+02:42:23.6,DR3,309.146243713512,-40.3684306458945,DR3,192.013462187852,DR3,29.957,DR3,11.5446,DR3,8.6543,UCAC4,3316364602541746048
J06007+681,LP 057-040,06:00:46.60,+68:08:29.1,DR3,420.776787292832,-1096.64493008176,DR3,50.3903689826563,DR3,27.701,DR3,13.5569,DR3,10.8372,PS1,1105454320624498688
J06008+681,LP 057-041,06:00:49.51,+68:09:22.8,DR3,417.022295895378,-1099.37228302792,DR3,50.4077591372486,DR3,27.557,DR3,13.1638,DR3,10.5245,PS1,1105454458063448448
J06011+595,G 192-013,06:01:11.05,+59:35:49.9,DR3,-104.942093745843,-928.62794223048,DR3,129.301401252726,DR3,1.785,DR3,11.9877,DR3,9.1965,PS1,999747822484300800
J06017+130,LSPM J0601+1305,06:01:45.69,+13:05:01.5,DR3,-137.011604927038,-50.3713369146301,DR3,53.2726211638365,DR3,19.834,DR3,12.3091,DR3,9.9135,UCAC4,3343573598320013440
J06023-203,LP 779-010,06:02:22.62,-20:19:44.1,DR3,-45.1632793156042,554.785654045168,DR3,66.5162873470222,DR3,5.684,DR3,13.5207,DR3,10.8176,UCAC4,2918040883015489408
J06024+498,G 192-015,06:02:29.19,+49:51:56.2,DR3,67.3819958411366,-849.98764205615,DR3,104.958964021033,DR3,20.967,DR3,14.7497,DR3,11.345,PS1,970354749937140736
J06024+663,G 249-032,06:02:25.60,+66:20:39.9,DR3,339.501332720436,-473.888715577475,DR3,52.8878603067844,DR3,-25.714,DR3,14.8421,DR3,11.7342,UCAC4,1104878103513141760
J06025+371,2MASS J06023526+3707372,06:02:35.29,+37:07:37.1,DR3,126.190054351972,-56.5970226287785,DR3,32.6174506651975,DR3,37.271,DR3,11.952,DR3,9.8466,UCAC4,3456734987154379008
J06034+478,Wolf 261,06:03:29.57,+47:48:14.9,DR3,-56.4763164208654,-559.842735933295,DR3,38.0546720574991,DR3,19.431,DR3,14.1917,DR3,11.394,UCAC4,969705106068169984
J06035+155,TYC 1313-1482-1,06:03:34.82,+15:31:30.6,DR3,-67.1746253323921,-12.4735223700381,DR2,21.6298667166451,DR2,40.826,DR3,11.0988,DR3,9.3623,UCAC4,3348584309027024896
J06035+168,2MASS J06033461+1651457,06:03:34.60,+16:51:45.7,DR3,-94.2,-21.5,PPMXL,43.1,FZ16,-1.003,Ter15,14.0124,DR3,11.1264,UCAC4,3349323971116342272
J06039+261,Ross 60,06:03:54.14,+26:08:54.7,DR3,338.193506530511,-544.28843280375,DR3,44.9255698932597,DR3,70.272,DR3,13.9431,DR3,11.392,PS1,3429699684156117760
J06054+608,LP 086-173,06:05:29.40,+60:49:22.5,DR3,290.189057519794,-788.781768640439,DR3,61.4262448080847,DR3,128.5,Shk12,13.905,DR3,11.0302,PS1,1005873614080407296
J06066+465,PM J06066+4633A,06:06:37.88,+46:33:47.0,DR3,-67.5505870704677,0.191829704796784,DR3,30.334066156308,DR3,-30.321,DR3,13.661,DR3,11.0455,UCAC4,963440986462822272
J06071+335,Ross 70,06:07:11.80,+33:32:37.5,DR3,91.0391391070509,-411.997627236278,DR3,32.5841092900184,DR3,13.357,DR3,12.6657,DR3,10.3841,UCAC4,3450792474700543488
J06075+472,LSPM J0607+4712,06:07:31.86,+47:12:26.4,DR3,37.3389019751928,-188.377168597654,DR3,35.4361356933485,DR3,7.218,DR3,14.5533,DR3,11.5602,UCAC4,969488128616580224
J06097+001,HD 291290,06:09:46.14,+00:09:32.7,DR3,151.555714053301,-119.257884414117,DR3,31.9612102290868,DR3,36.949,DR3,11.0265,DR3,9.2132,UCAC4,3122327940136062464
J06102+225,PM J06102+2234,06:10:17.76,+22:34:19.7,DR3,42.256474425939,-153.057297833541,DR3,34.9003150838748,DR3,13.532,DR3,14.677,DR3,11.71,UCAC4,3425067853982554240
J06103+225,NLTT 16144,06:10:22.47,+22:34:20.6,DR3,40.5,-157.5,CC21,43.9,Dit14,16.236,DR3,16.3929,DR3,12.7779,PS1,3425067884045167488
J06103+722,LSPM J0610+7212,06:10:18.25,+72:12:00.4,DR3,-46.8834347416288,-153.311001175494,DR3,31.6662012933719,DR3,-19.544,DR3,13.1763,DR3,10.7593,UCAC4,1113825963500393984
J06103+821,GJ 226,06:10:19.85,+82:06:24.3,DR3,50.2631812830326,-1336.24615658908,DR3,105.690347617797,DR3,-2.016,DR3,10.7199,DR3,8.3569,UCAC4,1143321672882274560
J06105+024,TYC 135-239-1,06:10:31.45,+02:25:31.1,DR3,-38.0570824355358,-49.9683702428854,DR3,25.9337718300396,DR3,35.293,DR3,11.398,DR3,9.5334,UCAC4,3315403904256700672
J06105-218,HD  42581,06:10:34.61,-21:51:52.7,DR3,-135.691607947904,-719.178133954814,DR3,173.573985832397,DR3,4.227,DR3,8.3658,DR3,6.2916,UCAC4,2940856402123426176
J06107+259,Wolf 1058,06:10:46.32,+25:56:02.5,DR3,153.458262876024,-574.721266125143,DR3,37.2334380324658,DR3,65.683,DR3,11.7938,DR3,9.6115,UCAC4,3427005159112726272
J06109+103,BD+10 1032,06:10:54.81,+10:19:05.6,DR3,62.96,-932.06,HIP2,91.65,HIP2,70.0,PMSU,10.6461,DR3,8.272,UCAC4,3329959136109041536
J06140+516,G 192-022,06:14:02.36,+51:40:08.1,DR3,-373.798844326226,-98.7083875802196,DR3,67.6008872184444,DR3,62.359,DR3,13.1198,DR3,10.4977,UCAC4,971499272821709440
J06145+025,G 106-035,06:14:34.91,+02:30:27.3,DR3,-140.926845865551,-473.136496376812,DR3,37.8733611724779,DR3,39.185,DR3,13.4831,DR3,10.882,UCAC4,3124762018746179200
J06151-164,LP 779-034,06:15:11.98,-16:26:15.4,DR3,-76.0477979787537,-372.285305622071,DR3,77.5357015014493,DR3,33.661,DR3,13.9446,DR3,11.0017,PS1,2944727125434832768
J06171+051,G 106-36,06:17:10.64,+05:07:02.7,DR3,-206.079832380969,161.213838892926,DR3,52.1391450659108,DR3,7.953,DR3,13.5394,DR3,10.7969,UCAC4,3317901440625203968
J06171+751,TYC 4525-194-1,06:18:07.26,+75:06:03.3,DR3,-42.3080241730583,65.3711147050544,DR3,31.6879153112247,DR3,-13.835,DR3,11.6488,DR3,9.4412,UCAC4,1115898478495886464
J06171+838,LSPM J0617+8353,06:17:05.27,+83:53:35.5,DR3,-45.54718650826,-183.205094076727,DR3,47.2924052094825,DR3,-26.924,DR3,13.3995,DR3,10.6569,UCAC4,1149897160435827200
J06185+250,G 103-029,06:18:34.82,+25:03:05.7,DR3,11.9648823275605,-324.555731723352,DR3,28.9636616162573,DR3,35.424,DR3,14.4865,DR3,11.6927,UCAC4,3426010135446427008
J06193-066,Ross 417,06:19:20.78,-06:39:22.1,DR3,-36.0720178121132,-624.928815700675,DR3,59.4838232663553,DR3,11.03,DR3,13.2965,DR3,10.6874,UCAC4,3007559370624135424
J06194+139,TYC 743-1836-1,06:19:29.50,+13:57:03.0,DR3,106.167995494275,-44.2726246670373,DR3,39.9473930506705,DR3,38.918,DR3,10.955,DR3,9.0539,UCAC4,3344627926892606208
J06212+442,G 101-035,06:21:13.04,+44:14:30.7,DR3,151.772327497305,-252.242333811289,DR3,26.9255376378433,DR3,-19.4,PMSU,12.4753,DR3,10.2075,UCAC4,962141157557751552
J06216+163,LP 420-005,06:21:36.58,+16:18:36.2,DR3,238.604050182261,-149.497333698225,DR3,43.046084965811,DR3,-13.027,DR3,11.9077,DR3,9.7966,UCAC4,3369198846380425344
J06217+163,LP 420-006,06:21:43.90,+16:19:22.3,DR3,241.378633772089,-148.963921661251,DR3,43.058106926003,DR3,-13.069,DR3,12.8281,DR3,10.4755,UCAC4,3369198983818682624
J06218-227,BD-22 3005,06:21:53.81,-22:43:24.1,DR3,-631.809125812442,272.022436139944,DR3,37.0651005968947,DR3,15.974,DR3,11.074,DR3,9.0827,UCAC4,2936850125355960576
J06223+334,TYC 2425-1286-1,06:22:20.69,+33:26:56.3,DR3,-33.028433510786,-108.808341747103,DR3,17.1696060565808,DR3,22.307,DR3,12.0947,DR3,10.0727,UCAC4,3440221765615075456
J06236-096,LP  720-10,06:23:38.48,-09:38:51.7,DR3,-60.1007461356578,16.0764387248734,DR3,40.76753811436,DR3,-13.619,DR3,14.161,DR3,11.4754,UCAC4,3003146828216906624
J06237+020,TYC 141-24-1,06:23:46.46,+05:02:41.2,DR3,33.9591440462552,-71.2314975990022,DR3,40.3382796368148,DR3,5.869,DR3,11.4339,DR3,9.3307,UCAC4,3131514462863888768
J06238+456,LP 160-022,06:23:51.25,+45:40:04.5,DR3,-30.0436434475335,-281.334157581722,DR3,48.9486338347917,DR3,39.0,New14,15.786,DR3,12.4165,UCAC4,968319107238317696
J06246+234,Ross 64,06:24:41.28,+23:25:58.9,DR3,550.91787880966,-508.332904134339,DR3,117.726269779119,DR3,-11.375,DR3,13.3686,DR3,10.4085,UCAC4,3377365057060447616
J06258+561,G 192-026,06:25:53.00,+56:10:25.0,DR3,113.238962485366,-503.655613901538,DR3,50.4544165405525,DR3,9.546,DR3,14.8881,DR3,11.9769,UCAC4,997801721262070912
J06262+238,1RXS J062614.2+234942,06:26:14.54,+23:49:38.6,DR3,-10.7880241888964,-136.233844949833,DR3,36.3392997457339,DR3,16.185,DR3,12.0877,DR3,9.9558,UCAC4,3383405537340380416
J06277+093,Ross 603A,06:27:43.98,+09:23:54.1,DR3,-172.422129615412,-174.134921492769,DR3,43.2241613941114,DR3,42.5,Jeff18,12.0801,DR3,9.8055,UCAC4,3327170877700242944
J06293-028,V577 Mon,06:29:23.39,-02:48:48.8,DR3,750.139981809341,-802.94676992637,DR2,242.965890175957,DR2,23.2,PMSU,11.3383,DR3,8.2579,UCAC4,3117120863523946368
J06298-027,G 108-004,06:29:50.30,-02:47:45.7,DR3,162.161028029804,-209.163322447528,DR3,24.1735144683298,DR3,84.654,DR3,14.0447,DR3,11.1883,UCAC4,3117119626573314176
J06306+456,2MASS J06303755+4539215,06:30:37.54,+45:39:21.6,DR3,-97.7625957755774,88.1182325275691,DR3,35.2276833196063,DR3,31.057,DR3,12.2149,DR3,10.1775,UCAC4,965175191176736256
J06307+397,2MASS J06304724+3947370,06:30:47.26,+39:47:37.1,DR3,96.5232819958289,86.3867170390541,DR3,39.366119221254,DR3,-19.561,DR3,13.1538,DR3,10.8352,UCAC4,957304985728089728
J06310+500,StKM 1-598,06:31:01.16,+50:02:48.2,DR3,-109.524016356565,-169.090050632021,DR3,48.5760082082348,DR3,7.222,DR3,11.3427,DR3,9.2338,UCAC4,968155348724797568
J06318+414,LP 205-044,06:31:50.74,+41:29:45.5,DR3,-5.97022683585694,-208.579557990267,DR3,35.9073036621287,DR3,11.514,DR3,15.0426,DR3,11.7148,UCAC4,958297608506090880
J06322+378,TYC 2928-1568-1,06:32:15.03,+37:48:12.7,DR3,-88.4630564886313,-133.497813829483,DR3,30.1758811993978,DR3,36.448,DR3,11.7065,DR3,9.5724,UCAC4,943441488428601856
J06323-097,2MASS J06322029-0943290,06:32:20.30,-09:43:29.0,DR3,-16.7629431767714,-54.4201524696528,DR3,38.9875754050618,DR3,64.057,DR3,14.651,DR3,11.6474,UCAC4,3002957677856537728
J06325+641,LP 057-192,06:32:30.64,+64:06:20.2,DR3,259.492805687781,-496.484063802428,DR3,31.6425383480812,DR3,30.281,DR3,14.3336,DR3,11.5239,UCAC4,1103471110884516480
J06345+315,G 103-041,06:34:33.44,+31:30:08.1,DR3,35.031364239076,-189.173878031292,DR3,52.3477692749372,DR3,53.14,DR3,12.8413,DR3,10.2728,UCAC4,3435919896308345856
J06354-040,1RXS J063531.2-040314,06:35:29.85,-04:03:18.3,DR3,-98.4650836128212,71.7933356508634,DR3,79.1638592251515,DR3,51.865,DR3,14.8268,DR3,11.3248,UCAC4,3104733181410232576
J06361+116,NLTT 16724,06:36:06.39,+11:37:03.1,DR3,-205.395029746013,-852.114735340084,DR3,56.642763295042,DR3,61.763,DR3,14.5016,DR3,11.5441,UCAC4,3352091927220152320
J06361+201,LP 420-004,06:36:11.94,+20:08:13.8,DR3,90.0736033271527,-218.814979698534,DR3,39.5558273674578,DR3,-26.254,DR3,13.3552,DR3,10.9068,UCAC4,3372681102783523968
J06371+175,HD 260655,06:37:10.80,+17:33:53.3,DR3,-764.414139547603,337.88323421402,DR3,100.023195474336,DR3,-58.643,DR3,9.8553,DR3,7.9017,UCAC4,3359074685047632640
J06396-210,LP 780-032,06:39:37.43,-21:01:34.1,DR3,-196.927919199712,109.935492897497,DR3,63.7382382319638,DR3,-7.42639,Lafa20,13.0256,DR3,10.2003,UCAC4,2926756814770728064
J06400+285,LP 307-008,06:40:05.49,+28:35:14.4,DR3,43.1323954458107,-242.128525229936,DR3,43.8942357182463,DR3,-24.726,DR3,12.1478,DR3,9.762,UCAC4,3386515265459448192
J06401-164,LP 780-023,06:40:08.62,-16:27:26.3,DR3,87.0,304.1,PPMXL,,,-9.639,RAVE5,13.1824,DR3,10.6347,UCAC4,2946955182670591232
J06414+157,Wolf 289,06:41:28.19,+15:45:47.6,DR3,38.4216202080296,-315.97591358176,DR3,33.4606244485643,DR3,64.975,DR3,14.0711,DR3,11.3008,UCAC4,3357801171408044544
J06421+035,G 108-021,06:42:11.19,+03:34:52.6,DR3,41.8012414277739,-258.580003881753,DR3,65.9755094137054,DR3,82.754,DR3,12.2937,DR3,9.7308,UCAC4,3127503620545728128
J06422+035,G 108-022,06:42:13.34,+03:35:30.9,DR3,45.3914369724347,-253.464922130178,DR3,66.0601020598448,DR3,83.256,DR3,13.6604,DR3,10.8197,PS1,3127574019351694848
J06435+166,G 110-014,06:43:34.76,+16:41:35.1,DR3,-207.472832539326,22.3801332180285,DR3,41.9935641198017,DR3,29.24,DR3,14.6586,DR3,11.6266,UCAC4,3358735760588625152
J06438+511,G 192-39A,06:43:49.80,+51:08:19.9,DR3,85.4985944796104,-870.392247215239,DR3,53.029240839869,DR3,-10.1,DR3,12.7741,DR3,10.2677,PS1,991713931537805440
J06447+718,G 251-016,06:44:45.65,+71:53:15.4,DR3,-116.840656324723,-546.475621339386,DR3,46.494553675626,DR3,54.489,DR3,11.1708,DR3,9.1316,UCAC4,1113055759899565568
J06461+325,HD 263175B,06:46:07.46,+32:33:15.0,DR3,-461.461550692373,103.263489894421,DR3,38.8733091842655,DR3,-31.715,DR3,12.3486,DR3,10.2679,UCAC4,937667952870488704
J06467+159,TYC 1330-879-1,06:46:45.74,+15:57:42.2,DR3,-99.3191036322854,-25.3498814675606,DR3,44.6883182426219,DR3,15.646,DR3,11.2857,DR3,9.233,UCAC4,3357701803041885696
J06474+054,G 108-027,06:47:27.51,+05:24:28.1,DR3,56.7741956303985,-303.179509908692,DR3,36.5919998707183,DR3,38.604,DR3,13.9454,DR3,11.1664,UCAC4,3132301476972621184
J06486+532,G 192-046,06:48:38.47,+53:17:29.6,DR3,144.909093007054,-326.473799725419,DR3,25.8690957218213,DR3,21.132,DR3,12.3696,DR3,10.2682,UCAC4,993493662904705664
J06489+211,2MASS J06485522+2108039,06:48:55.22,+21:08:03.8,DR3,-37.9017697689996,-61.6972115822446,DR3,28.5948051996802,DR3,31.002,DR3,13.2537,DR3,10.8598,UCAC4,3378334482336389760
J06490+371,GJ 1092,06:49:05.46,+37:06:50.5,DR3,206.388243544503,-1589.98250956,DR3,69.2023509827166,DR3,-2.164,DR3,14.0908,DR3,11.2288,PS1,943688191349024000
J06509-091,LP 661-002,06:50:59.49,-09:10:50.2,DR3,-105.642600753193,-574.558291310275,DR3,40.9969857848367,DR3,-18.972,DR3,13.5659,DR3,10.9546,UCAC4,3050513754787437312
J06523-051,HD 50281B,06:52:18.04,-05:11:24.0,DR3,-576.331063951725,-13.0437651399077,DR3,114.291102186307,DR3,-7.698,DR3,10.3257,DR3,7.9959,PS1,3101920046552857728
J06524+182,LP 421-007,06:52:24.31,+18:17:05.0,DR3,125.517752693789,123.209843765417,DR3,44.351144630761,DR3,11.802,DR3,13.444,DR3,10.7333,UCAC4,3364557601640710272
J06540+608,LP 087-237,06:54:04.37,+60:52:18.1,DR3,483.206321456051,-980.530183067557,DR3,91.6112468233174,DR3,-40.9,PMSU,11.2156,DR3,8.6813,UCAC4,1003752587430126464
J06548+332,Wolf 294,06:54:48.96,+33:16:05.4,DR3,-726.672077835968,-398.102378946018,DR3,179.062934912596,DR3,22.296,DR3,10.2567,DR3,7.6955,UCAC4,939072613334579328
J06564+121,TYC 756-1685-1,06:56:25.80,+12:07:32.8,DR3,38.5036606392931,-90.2232779542678,DR3,27.4253820645523,DR3,26.021,DR3,11.3833,DR3,9.3228,UCAC4,3352930992028060032
J06564+400,G 107-38,06:56:28.48,+40:05:05.2,DR3,116.557016565022,-431.280998963952,DR3,39.9252018300065,DR3,51.482,DR3,11.3149,DR3,9.299,UCAC4,950395654664758272
J06564+759,LP 034-110,06:53:24.10,+72:55:14.8,DR3,56.1406778197903,-341.778843786783,DR3,19.5531775844041,DR3,8.087,DR3,12.2329,DR3,10.1954,UCAC4,1114713926515670016
J06565+440,G 107-036,06:56:30.96,+44:01:56.0,DR3,188.832205094351,-682.549571875249,DR3,37.9209810454967,DR3,5.398,DR3,14.6878,DR3,11.7407,UCAC4,953670245099501184
J06574+740,2MASS J06572616+7405265,06:57:26.12,+74:05:26.6,DR3,-89.3,-30.8,PPMXL,,,-2.68759,Lafa20,13.2866,DR3,10.5862,UCAC4,1114896308006484096
J06579+623,G 250-31A,06:57:57.15,+62:19:19.6,DR3,298.608505647457,-536.540217269547,DR3,87.0311263434695,DR3,10.0,New14,13.9465,DR3,10.6762,UCAC4,1099288633074163328
J06582+511,G 192-059,06:58:12.43,+51:08:37.6,DR3,158.759377350481,-327.764283489935,DR3,30.1998567354409,DR3,-28.466,DR3,12.5888,DR3,10.3722,APASS9,981020699919837952
J06594+193,GJ 1093,06:59:28.82,+19:20:55.9,DR3,909.120518260484,-894.549325883264,DR3,128.986598275059,DR3,-28.632,DR3,15.1276,DR3,11.3909,PS1,3365063724883180288
J06594+195,G 88-002,06:59:28.85,+19:30:33.7,DR3,-174.422729092367,-205.470323811239,DR3,49.4525963882653,DR3,27.258,DR3,13.0821,DR3,10.5123,UCAC4,3365092380904700544
J06596+057,2MASS J06594156+0545400,06:59:41.57,+05:45:40.0,DR3,-19.1684467151492,-67.6569451931117,DR3,34.3813178366181,DR3,11.853,DR3,12.6773,DR3,10.3746,UCAC4,3129596266051096320
J07001-190,2MASS J07000682-1901235,07:00:06.83,-19:01:23.6,DR3,145.467799710046,-89.655985631262,DR3,33.5252608498178,DR3,13.9593,Bar21,14.1458,DR3,10.9982,UCAC4,2932903703242234112
J07009-023,2MASS J07005978-0221330,07:00:59.79,-02:21:33.0,DR3,-44.824162642614,51.5373352136257,DR3,35.4388205942512,DR3,25.246,DR3,13.2865,DR3,10.8148,UCAC4,3108940565734700928
J07012+008,2MASS J07011554+0052419,07:01:15.54,+00:52:42.1,DR3,-7.15149001198402,-104.172466243049,DR3,31.2484613720832,DR3,23.55,DR3,12.5443,DR3,10.2297,UCAC4,3113099227947062656
J07033+346,LP 255-011,07:03:23.17,+34:41:51.4,DR3,-57.347536257764,140.588489619427,DR3,75.3464354085239,DR3,2.954,DR3,13.3958,DR3,10.5226,UCAC4,939599584345993984
J07034+767,LP 016-379,07:03:29.92,+76:46:25.7,DR3,12.7424171202652,-233.401812445835,DR3,59.3085771911113,DR3,1.894,DR3,12.9899,DR3,10.394,UCAC4,1139642706975159552
J07039+527,LP 122-059,07:03:55.73,+52:42:06.6,DR3,675.774945351446,-921.879776966209,DR3,110.826341417176,DR3,25.204,DR3,13.598,DR3,10.3877,APASS9,981548637301374336
J07042-105,Ross 54,07:04:17.70,-10:30:31.6,DR3,-138.414803737774,-814.619255993733,DR2,63.5507198067919,DR2,-20.955,DR3,11.5317,DR3,8.9141,PS1,3046530292874936448
J07044+682,GJ 258,07:04:25.94,+68:17:19.7,DR3,346.183613900303,50.3521792296615,DR3,61.1431889150533,DR3,-50.757,DR3,12.2086,DR3,9.6917,UCAC4,1103079616027292416
J07047+249,Ross 874,07:04:49.65,+24:59:55.0,DR3,-174.769042191224,-275.393512454788,DR3,42.1957240543436,DR3,15.888,DR3,11.8398,DR3,9.6516,UCAC4,3380787325274157824
J07051-101,2MASS J07051194-1007528,07:05:11.96,-10:07:52.8,DR3,127.753928710856,71.6731160037692,DR3,58.4939128004899,DR3,36.247,DR3,15.342,DR3,12.1253,UCAC4,3046640175314154624
J07052+084,G 108-052,07:05:12.31,+08:25:52.4,DR3,73.3241593851388,-419.159689454417,DR3,51.6047818267426,DR3,-9.05,DR3,12.4708,DR3,10.2157,UCAC4,3154550541435395200
J07076+486,G 107-048,07:07:37.75,+48:41:13.5,DR3,-33.9850187686845,-303.867188457908,DR3,94.2199992177614,DR3,-54.917,DR3,13.6638,DR3,10.7959,UCAC4,978338677527779200
J07078+672,G 250-034,07:07:50.42,+67:12:04.9,DR3,-270.853794087146,-73.7382754657231,DR3,52.7202646682739,DR3,-6.396,DR3,11.4034,DR3,9.2311,UCAC4,1102868303634261632
J07081-228,LP 840-016,07:08:07.01,-22:48:47.3,DR3,-411.628282450496,-228.930700358013,DR3,59.8674148663866,DR3,19.503,DR3,11.6623,DR3,9.4544,UCAC4,2927791352138805504
J07086+307,StKM 1-626,07:08:39.51,+30:42:50.0,DR3,167.939243769019,103.439892199236,DR3,38.1400683683406,DR3,-0.611,DR3,11.5783,DR3,9.5609,UCAC4,889516937076080256
J07095+698,G 251-027,07:09:32.41,+69:50:57.4,DR3,-177.983899619904,-270.869368007595,DR3,42.3335365006607,DR3,39.087,DR3,12.7396,DR3,10.3489,UCAC4,1109272718347432192
J07100+385,QY Aur,07:10:01.83,+38:31:46.1,DR3,-439.42044672817,-944.793489602922,DR3,165.214699433729,DR3,32.7,PMSU,11.7478,DR3,8.6419,UCAC4,946632924007399936
J07102+376,LTT 17942,07:10:13.60,+37:40:10.4,DR3,-209.281533941308,-280.808808555444,DR3,44.6008353451772,DR3,-17.91,DR3,14.8927,DR3,11.9928,PS1,946030529073022080
J07105-087,2MASS J07103147-0842485,07:10:31.46,-08:42:48.3,DR3,-84.5331509769734,97.9421585982772,DR3,51.7201962151147,DR3,33.126,DR3,13.4456,DR3,10.7096,UCAC4,3051343817347672576
J07111+434,LP 206-011,07:11:11.46,+43:29:58.2,DR3,350.2,-572.8,PPMXL,77.8,Dit14,-43.0,New14,15.8457,DR3,12.1061,APASS9,950075494913104768
J07119+773,TYC 4530-1414-1,07:11:57.14,+77:21:58.8,DR3,-1.68274914703885,-88.2313258735673,DR2,44.6847960819395,DR2,0.931,DR3,11.2354,DR3,9.0735,UCAC4,1140047121096265728
J07121+522,G 193-037,07:12:11.37,+52:16:24.5,DR3,-137.490256007844,-261.08839357231,DR3,39.6176189244139,DR3,8.461,DR3,11.5066,DR3,9.4235,UCAC4,980618897140903296
J07129+357,2MASS J07125952+3547032,07:12:59.53,+35:47:03.2,DR3,66.4235567744235,-3.13202893501544,DR3,42.3176420225881,DR3,-25.406,DR3,12.7065,DR3,10.3221,UCAC4,897765743888715392
J07140+507,G 193-39,07:14:04.51,+50:43:33.2,DR3,-130.426217546772,-269.200125021867,DR3,35.1519727822458,DR3,36.337,DR3,11.7548,DR3,9.7667,UCAC4,980384254488328192
J07163+271,BD+27 1348,07:16:19.77,+27:08:33.1,DR3,-33.3009811860954,-198.417460328509,DR3,83.8759561496775,DR3,-10.3,PMSU,11.0845,DR3,8.5806,UCAC4,883439489632629120
J07163+331,GJ 1096,07:16:18.02,+33:09:10.4,DR3,-96.4206538627529,-438.26702114799,DR3,65.4760335307039,DR3,9.477,DR3,14.7649,DR3,11.6359,UCAC4,890284258753196544
J07172-050,2MASS J07171706-0501031,07:17:17.09,-05:01:03.5,DR3,420.996015334755,-390.265819705202,DR3,89.8202482833791,DR3,11.8,DR3,13.5322,DR3,10.618,UCAC4,3059246454092369024
J07174+195,G 88-019,07:17:29.93,+19:34:16.7,DR3,-322.660802886277,-265.122787114902,DR3,47.7318119851002,DR3,17.421,DR3,13.046,DR3,10.5423,UCAC4,3363266366969232128
J07181+392,Ross 987,07:18:08.18,+39:16:29.3,DR3,-214.556737951886,-116.96818398504,DR3,71.3226505150266,DR3,9.904,DR3,10.5549,DR3,8.5115,UCAC4,948039989652369408
J07182+137,2MASS J07181290+1342167,07:18:12.90,+13:42:16.6,DR3,-34.7440354676475,-27.1481035603313,DR3,40.1817224988204,DR3,46.835,DR3,13.6307,DR3,10.965,PS1,3166484739422960640
J07195+328,BD+33 1505,07:19:31.27,+32:49:48.3,DR3,408.434017224344,-347.385392856448,DR3,54.8691759128937,DR3,-69.57,DR3,10.2836,DR3,8.4022,UCAC4,893214796542513280
J07199+840,TYC 4618-116-1,07:19:58.05,+84:04:38.1,DR3,-38.5870411431008,-80.9160493064148,DR3,80.0240831027188,DR3,21.79,DR3,12.155,DR3,9.7683,UCAC4,1149727977380998784
J07200-087,Scholz's Star,07:20:03.27,-08:46:49.9,DR3,-46.0,-116.5,Dup19,147.1,Dup19,83.1,Burg15,18.6654,DR3,13.7787,,3048443305671969152
J07212+005,TYC 178-2187-1,07:31:12.86,+00:33:14.1,DR3,98.2081423118526,-21.7584759528623,DR3,35.2271272297916,DR3,26.372,DR3,11.4279,DR3,9.5062,UCAC4,3134548741299795968
J07227+306,G 87-036,07:22:42.01,+30:40:11.7,DR3,-408.264762298792,-592.02450868356,DR3,38.9854379967053,DR3,22.273,DR3,13.6158,DR3,11.0199,UCAC4,886033095827283968
J07232+460,G 107-065,07:23:14.90,+46:05:14.7,DR3,-120.768764118029,-237.851682296266,DR3,58.9028568547834,DR3,-31.484,DR3,10.755,DR3,8.6649,UCAC4,974536192658255104
J07274+052,Luyten's Star,07:27:24.50,+05:13:32.8,DR3,571.232346729318,-3691.48656537927,DR3,264.126897754607,DR3,17.353,DR3,10.1117,DR3,7.3539,PS1,3139847906307949696
J07274+220,Ross 878,07:27:28.61,+22:02:37.9,DR3,-261.039309764346,-144.221340977481,DR3,49.3443795586458,DR3,28.204,DR3,11.4478,DR3,9.2294,UCAC4,866016662739803008
J07282-187,LP 782-2,07:28:13.06,-18:47:35.0,DR3,25.1701871110529,616.372181458351,DR3,73.9691611271372,DR3,76.025,DR3,13.882,DR3,10.8506,UCAC4,3026511175437908096
J07287-032,GJ 1097,07:28:45.44,-03:17:53.3,DR3,439.41070555468,-788.395834334682,DR3,85.2176772433136,DR3,1.054,DR3,11.6811,DR3,9.1379,PS1,3060641356390249728
J07295+359,1RXS J072931.4+355607,07:29:31.10,+35:56:00.4,DR3,-42.4054062782433,-114.969845758892,DR3,23.4217494376565,DR3,12.381,DR3,12.1224,DR3,10.0218,UCAC4,898486306258888832
J07307+481,G 107-69,07:30:42.78,+48:11:58.6,DR3,-201.282313497168,-1272.16243036685,DR3,88.7231202625499,DR3,-56.501,DR3,13.8215,DR3,10.8635,PS1,975968718869126144
J07310+460,1RXS J073101.9+460030,07:31:01.29,+46:00:26.4,DR3,-13.515535357425,-100.846071448192,DR3,18.1407067594582,DR3,7.039,DR3,14.4888,DR3,11.6659,UCAC4,975317464388545280
J07319+362N,V* BL Lyn,07:31:57.32,+36:13:47.4,DR3,-264.281493595087,-260.265421811286,DR3,83.3999781450608,DR3,-0.823,DR3,12.0519,DR3,9.2853,UCAC4,898506166187633280
J07319+362S,V* VV Lyn A,07:31:57.71,+36:13:10.1,DR3,-249.677195105871,-247.11947443804,DR3,83.3788470956009,DR3,-0.794,DR3,10.8694,DR3,8.41,UCAC4,898506093171335424
J07319+392,G 111-9,07:31:56.54,+39:13:38.0,DR3,151.121343309169,-251.69666590518,DR3,25.869957397776,DR3,16.99,DR3,13.3096,DR3,10.7666,UCAC4,900194908672475648
J07320+173E,G 88-36A,07:32:02.87,+17:19:09.9,DR3,-218.530306388665,-183.305368201588,DR3,37.0482671324129,DR3,22.722,DR3,11.1821,DR3,9.3467,UCAC4,3169256887411823872
J07320+173W,G 88-35,07:32:02.12,+17:19:12.2,DR3,-222.137004500531,-173.544684945879,DR3,34.1282603628939,DR3,25.544,DR3,13.8083,DR3,11.302,PS1,3169256883114489472
J07320+686,G 250-49,07:32:02.02,+68:37:15.5,DR3,-172.671444340067,-119.714771914319,DR3,42.7589863542133,DR3,-18.128,DR3,11.0997,DR3,9.0314,UCAC4,1108529414127974656
J07325+248,G 88-37,07:32:30.96,+24:53:41.1,DR3,-216.240564995756,81.6715711378926,DR3,36.8934665325667,DR3,-28.6,DR3,12.8792,DR3,10.4636,UCAC4,868475681838385536
J07342+009,GJ 1099,07:34:17.59,+00:59:09.3,DR3,-19.0987449611561,-599.280044742758,DR3,64.0035341170434,DR3,7.535,DR3,12.1717,DR3,9.7432,UCAC4,3134682194522547968
J07344+629,G 234-005,07:34:27.43,+62:56:29.4,DR3,-495.567255234493,-109.91666306728,DR3,84.7000658198209,DR3,-42.149,DR3,10.6976,DR3,8.6414,UCAC4,1088813933689615872
J07346+223,LP 365-24,07:34:39.11,+22:20:15.5,DR3,173.975654179755,-96.7651715173802,DR3,38.6980750961476,DR3,16.166,DR3,11.7595,DR3,9.6601,UCAC4,865699110037321600
J07346+318,YY Gem,07:34:37.45,+31:52:10.2,DR3,-201.405638726785,-96.9998978845338,DR3,66.3109725772252,DR3,-51.646,DR3,9.2563,DR3,7.3245,UCAC4,892348454394856064
J07349+147,TYC 777-141-1,07:34:56.33,+14:45:53.8,DR3,-73.6966242496786,-80.2302195191548,DR3,61.367099421621,DR3,29.464,EDR3,11.484,DR3,8.993,UCAC4,3165346538729784192
J07353+548,GJ 3452,07:35:21.88,+54:50:59.0,DR3,-113.543761361669,13.3643568525129,DR3,78.1626317485545,DR3,-15.248,DR3,11.5678,DR3,9.2198,UCAC4,985610542491481984
J07354+482,NLTT 18099,07:35:26.78,+48:14:36.1,DR3,107.15831423415,-195.544339736479,DR3,33.7534271793418,DR3,-37.958,DR3,11.9504,DR3,9.8834,UCAC4,975925219440361216
J07359+785,LP 17-66,07:35:58.10,+78:32:52.8,DR3,-147.343944942052,-187.855748037211,DR3,38.6706344460023,DR3,-13.131,DR3,13.4316,DR3,10.8371,UCAC4,1138690628688357376
J07361-031,BD-02 2198,07:36:07.07,-03:06:38.7,DR3,74.1286181871094,-293.118459698539,DR3,70.2748924672091,DR3,-18.35,Bar21,10.1391,DR3,8.1068,UCAC4,3060788519149063680
J07364+070,G 89-032,07:36:25.13,+07:04:43.0,DR3,222.2,-303.3,Gall15,115.67,Hen06,29.8,Z21,13.4983,DR3,10.1632,UCAC4,3142052633276822144
J07365-006,2MASS J07363027-0039351,07:36:30.28,-00:39:35.5,DR3,-10.5306901785752,-107.047373419923,DR3,36.3660600135239,DR3,3.776,DR3,13.671,DR3,11.0201,UCAC4,3086145387585648128
J07366+440,G 111-020,07:36:39.28,+44:04:48.8,DR3,-100.739724450666,-333.36286522948,DR3,22.9265374169722,DR3,35.093,DR3,14.0721,DR3,11.5297,UCAC4,925429323301334016
J07383+344,TYC 2461-826-1,07:38:19.93,+34:26:58.7,DR3,-5.9032021627162,121.062407245037,DR3,26.560845453833,DR3,5.298,DR3,11.4146,DR3,9.6431,UCAC4,894358430370154624
J07384+240,LSPM J0738+2400,07:38:29.50,+24:00:08.7,DR3,-152.081266203342,-96.9491095657128,DR3,51.5556411154901,DR3,16.311,DR3,13.2118,DR3,10.5588,UCAC4,868209703104242048
J07386-212,LP 763-001,07:38:40.96,-21:13:28.5,DR3,456.628871635535,-475.344525051232,DR3,95.6634417395721,DR3,-29.04,DR3,12.0064,DR3,9.4454,UCAC4,5715352842388433664
J07393+021,BD+02 1729,07:39:23.04,+02:11:01.2,DR3,-147.283677910227,-245.681738920289,DR3,66.3373649808595,DR3,19.473,DR3,9.8332,DR3,7.9424,UCAC4,3135225421986581504
J07395+334,G 90-016,07:39:35.82,+33:27:45.5,DR3,-151.371473448912,-181.940456663911,DR3,28.473050946567,DR3,-16.5,Z21,12.0843,DR3,9.8353,UCAC4,894054862081534592
J07403-174,LP 783-002,07:40:19.37,-17:24:45.9,DR3,1152.24303995404,-536.411721090886,DR3,109.254482460989,DR3,-28.81147,Lafa20,16.8854,DR3,12.506,PS1,5717278911884264576
J07418+050,G 50-1,07:41:52.82,+05:02:24.5,DR3,-248.173375664527,-87.2107218254956,DR3,36.1089303355711,DR3,-0.4,Jeff18,12.9781,DR3,10.4578,UCAC4,3138456714862505472
J07421+500,NLTT 18279,07:42:09.76,+50:04:27.7,DR3,189.17155508078,50.6351863019708,DR3,48.5846433128076,DR3,-55.441,DR3,12.3545,DR3,9.9325,UCAC4,982051285912835200
J07431+181,BD+18 1719,07:43:11.73,+18:10:42.3,DR3,-53.7423269259989,-468.987689701767,DR3,31.2815655872821,DR3,29.7,Haw96,11.5138,DR3,9.4373,UCAC4,671261198902912128
J07446+035,YZ CMi,07:44:40.17,+03:33:08.9,DR3,-347.781601334718,-445.701779935048,DR3,166.976896526667,DR3,25.717,DR3,11.4169,DR3,8.4199,UCAC4,3136952686035250688
J07467+574,G 193-065,07:46:42.04,+57:26:53.2,DR3,-36.3002863621515,-231.973186148199,DR3,43.2613211678464,DR3,0.488,DR3,14.6789,DR3,11.5604,UCAC4,1082224869741957888
J07470+760,LP 017-075,07:47:05.83,+76:03:19.3,DR3,146.744804354307,-388.060730396729,DR3,39.3551738938334,DR3,-25.704,DR3,14.3653,DR3,11.6138,UCAC4,1136652104067053056
J07472+503,2MASS J07471385+5020386,07:47:13.87,+50:20:38.5,DR3,-16.7927368409486,79.6187987775167,DR3,70.8769628229281,DR3,-15.164,DR3,13.359,DR3,10.5596,UCAC4,982389862479141376
J07482+203,Wolf 1421,07:48:16.39,+20:22:05.2,DR3,1450.03747155026,-992.054978382924,DR3,68.0333637553494,DR3,53.215,DR3,11.6704,DR3,9.5002,SDSS9,672091364541849344
J07493+849,LP 004-258,07:49:19.59,+84:58:38.1,DR3,-153.686364881544,-351.782275254907,DR3,41.7993547928343,DR3,5.184,DR3,13.0894,DR3,10.5501,UCAC4,1149498488689240448
J07497-033,2MASS J07494215-0320338,07:49:42.14,-03:20:34.0,DR3,-161.904041588315,-55.7095995165724,DR3,57.8272737363286,DR3,5.456,DR3,13.4029,DR3,10.5753,UCAC4,3080857458209146368
J07518+055,G 50-6,07:51:51.39,+05:32:57.2,DR3,443.245946829583,-409.88525092914,DR3,67.6212567094861,DR3,44.945,DR3,15.0586,DR3,11.8433,UCAC4,3143635723866162432
J07519-000,GJ 1103 A,07:51:54.67,-00:00:12.3,DR3,263.542912898262,-756.86338177668,DR3,107.848785961341,DR3,39.198,DR3,13.4792,DR3,10.3634,APASS9,3085716990368639744
J07523+162,LP 423-031,07:52:23.93,+16:12:15.0,DR3,183.16922643832,-350.297300619667,DR3,52.9630251980745,DR3,-21.0,New14,17.2258,DR3,13.3296,SDSS9,666988221840703232
J07525+063,G 50-7,07:52:33.60,+06:18:25.5,DR3,25.7841824269715,-213.006348005546,DR3,31.4349297878984,DR3,37.696,DR3,13.8017,DR3,11.1735,UCAC4,3143961278087726720
J07545+085,LSPM J0754+0832,07:54:34.14,+08:32:25.2,DR3,-224.3,17.5,PPMXL,,,23.87,Jeff18,12.5006,DR3,10.0429,UCAC4,3145441809152357888
J07545-096,2MASS J07543272-0941478,07:54:32.70,-09:41:47.7,DR3,-90.1232500316106,-11.8346229087421,DR3,27.0887084211129,DR3,28.795,DR3,13.9689,DR3,11.3321,UCAC4,3039164870639246848
J07558+833,GJ 1101,07:55:53.93,+83:23:04.9,DR3,-291.529255857914,-599.141312827807,DR3,76.3854067571206,DR3,7.205,DR3,13.3875,DR3,10.4973,UCAC4,1148885991992198016
J07581+072,G 50-12,07:58:09.09,+07:17:01.5,DR3,-325.709762012201,-31.9279408508463,DR3,76.2806263197595,DR3,-1.813,DR3,14.0206,DR3,11.0212,PS1,3144499458967932672
J07582+413,GJ 1105,07:58:12.70,+41:18:13.3,DR3,216.866224475129,-687.614851836002,DR3,112.992677897459,DR3,-20.87,DR3,12.2395,DR3,9.4479,UCAC4,922225002820369152
J07583+496,LP 163-047,07:58:22.73,+49:39:53.2,DR3,320.546020013203,-744.970933689839,DR3,62.4666280080088,DR3,-27.039,DR3,13.4034,DR3,10.514,UCAC4,934118557536670720
J07585+155N,GJ 368,07:58:30.97,+15:30:14.5,DR3,-81.089671362909,-114.061289339941,DR3,32.0789261028195,DR3,23.343,DR3,14.5323,DR3,11.6996,PS1,654704237415844736
J07585+155S,GJ  3469 A,07:58:30.47,+15:30:00.7,DR3,-84.2893398476985,-116.355210466013,DR3,32.0326991585143,DR3,15.615,DR3,15.4284,DR3,12.3537,PS1,654704237414120192
J07590+153,LP 424-004,07:59:05.84,+15:23:29.2,DR3,-185.706361924151,-56.9940407467439,DR3,34.0172247412248,DR3,25.946,DR3,12.5641,DR3,10.2686,UCAC4,654687847820642560
J07591+173,2MASS J07590718+1719474,07:59:07.17,+17:19:47.4,DR3,-87.2,-38.8,CC21,,,,,13.9905,DR3,11.1909,UCAC4,667531032692626944
J08005+258,TYC 1930-667-1,08:00:34.74,+25:53:33.3,DR3,114.413508514264,-42.8680545372252,DR3,28.1223845148026,DR3,91.636,DR3,11.8109,DR3,9.6304,UCAC4,682095339806345984
J08017+237,TYC 1926-794-1,08:01:43.59,+23:42:27.5,DR3,-127.846423855673,-135.210313783482,DR3,46.0937275279249,DR3,8.847,DR3,11.1828,DR3,9.0174,SDSS9,680446793919166080
J08023+033,G 50-16 A,08:02:22.88,+03:20:19.7,DR3,-403.197968277755,-380.928096827965,DR3,36.6105301581624,DR3,-1.945,DR3,13.9453,DR3,11.2521,UCAC4,3094290054327367168
J08025-130,LP 724-016,08:02:32.93,-13:05:29.4,DR3,147.241151556278,-252.113988912258,DR3,29.446149221572,DR3,5.248,DR3,13.4135,DR3,10.929,UCAC4,5726110532872810752
J08031+203,2MASS J08031018+2022154,08:03:10.17,+20:22:15.1,DR3,-98.3122017139528,-51.3259362612199,DR2,27.2451881977772,DR2,28.054,DR3,13.5686,DR3,10.9063,UCAC4,670597574915872000
J08033+528,G 194-007,08:03:19.54,+52:50:38.1,DR3,362.42,-676.32,HIP2,31.87,HIP2,29.553,EDR3,11.5912,DR3,9.4167,UCAC4,936421209763448448
J08066+558,LP 123-075,08:06:36.50,+55:53:38.4,DR3,132.028179385822,-80.4913999565442,DR2,40.3405504197183,DR2,-38.647,DR3,11.7529,DR3,9.4801,UCAC4,1033386521741601280
J08068+367,G 90-044,08:06:48.41,+36:45:38.8,DR3,-150.682460480871,-389.374045429796,DR3,56.5917315649276,DR3,5.208,DR3,13.176,DR3,10.5634,UCAC4,907066684548911872
J08069+422,G 111-056,08:06:55.31,+42:17:33.0,DR3,-224.673055944184,-273.246549725955,DR3,50.3549942055512,DR3,21.062,DR3,14.4612,DR3,11.5102,UCAC4,921952117778154240
J08082+211,BD+21 1764B,08:08:13.60,+21:06:09.7,DR3,-270.07040942405,-364.081870252985,DR3,56.2336105500723,DR3,82.87,Shk10,11.4164,DR3,8.9166,PS1,676689831406224384
J08083+585,LP 089-101,08:08:18.17,+58:31:09.4,DR3,-174.835271116858,-62.3003379176203,DR3,64.4335995897927,DR3,19.287,DR3,12.9492,DR3,10.3847,UCAC4,1083242222939300480
J08089+328,V* FP Cnc B,08:08:55.44,+32:49:04.7,DR3,-48.6833984605889,-208.485408409239,DR3,40.8159984318124,DR3,12.12,Shk10,12.3197,DR3,9.6696,PS1,902175030329924608
J08095+219,LP 366-045,08:09:30.95,+21:54:17.2,DR3,-319.278995185587,-65.9559493795726,DR3,47.7384996028078,DR3,14.745,DR3,12.0495,DR3,9.7811,UCAC4,676804558572501120
J08103+095,2MASS J08102073+0935160,08:10:20.74,+09:35:16.0,DR3,-78.7201456185391,-35.9737214700724,DR3,39.6146307264832,DR3,-13.958,DR3,12.145,DR3,9.8373,UCAC4,3146559428361977472
J08105-138,18 Pup B,08:10:34.30,-13:48:51.2,DR3,-251.865902081954,64.1650346219578,DR3,44.5200312400776,DR3,32.654,DR3,12.0783,DR3,9.7432,UCAC4,5725122960972658048
J08108+039,G 50-21,08:10:53.63,+03:58:33.6,DR3,113.992268528512,-339.981699570917,DR3,45.3824091966269,DR3,44.698,DR3,13.7009,DR3,10.9261,UCAC4,3094572113419797248
J08117+531,G 194-014,08:11:47.57,+53:11:51.3,DR3,-280.260331748093,-182.201934195215,DR3,28.0634432172072,DR3,-12.466,DR3,13.2678,DR3,10.8044,UCAC4,1031735536312319360
J08119+087,Ross 619,08:11:57.57,+08:46:23.0,DR3,1069.81173808731,-5094.22010337836,DR3,147.721848501835,DR3,14.109,DR3,13.1301,DR3,10.138,UCAC4,3098328182579892096
J08126-215,GJ 300,08:12:40.89,-21:33:07.0,DR3,13.4584233738766,-693.986864442085,DR3,123.203294505224,DR3,8.935,DR3,12.3634,DR3,9.4162,UCAC4,5700706729031126656
J08158+346,LP 311-008,08:15:53.90,+31:36:38.8,DR3,-97.5656375564816,-191.164940053786,DR3,19.6884820383879,DR3,32.391,DR3,12.1902,DR3,10.1957,UCAC4,900963815193193984
J08161+013,GJ 2066,08:16:07.98,+01:18:09.3,DR3,-376.195843064247,60.538113008472,DR3,111.869776683175,DR3,61.822,DR3,10.3376,DR3,8.0399,UCAC4,3089711447388931584
J08175+209,LP 367-067,08:17:31.74,+20:59:52.0,DR3,-373.748558793468,-208.38086702472,DR3,32.012772445834,DR3,64.918,DR3,12.7682,DR3,10.4585,UCAC4,675806064576497664
J08178+311,G 90-052,08:17:51.29,+31:07:46.0,DR3,-77.7357699515301,216.366480406853,DR3,46.059288992897,DR3,45.854,DR3,11.4229,DR3,9.2977,UCAC4,900887948891049856
J08202+055,2MASS J08201336+0532082,08:20:13.37,+05:32:08.1,DR3,-75.3015124856787,6.0789552083484,DR3,44.5077173185517,DR3,22.808,DR3,12.1301,DR3,9.8969,UCAC4,3093380483331664896
J08258+690,LP 035-347,08:25:52.82,+69:02:01.1,DR3,-691.164899468893,-1276.31821937693,DR3,81.373068750806,DR3,-4.59,DR3,15.9731,DR3,12.2363,PS1,1097353325107339776
J08282+201,GJ 1110,08:28:12.66,+20:08:21.6,DR3,-261.229333797417,-634.082473136847,DR3,42.5625088703789,DR3,125.808,DR3,13.3274,DR3,10.8899,PS1,663767443044739840
J08283+350,GJ 308,08:28:22.18,+35:00:58.8,DR3,-1035.41,-329.06,HIP2,50.82,HIP2,32.2,PMSU,10.938,DR3,8.9262,SDSS9,903444931900932480
J08283+553,2MASS J08281881+5522424,08:28:18.81,+55:22:42.2,DR3,-35.4139226356494,-100.276368424448,DR3,35.5601108841365,DR3,-16.891,DR3,13.231,DR3,10.772,UCAC4,1033700084417958528
J08286+660,2MASS J08284121+6602239,08:28:41.26,+66:02:23.9,DR3,26.1,95.4,PPMXL,50.5,FZ16,-5.47,Jeff18,13.8136,DR3,10.9264,UCAC4,1093365740030698240
J08293+039,2MASS J08292191+0355092,08:29:21.91,+03:55:09.3,DR3,-93.4603188856345,-70.1996010154446,DR3,54.2806331785772,DR3,22.362,DR3,11.6576,DR3,9.3485,UCAC4,3091982587439255168
J08298+267,DX Cnc,08:29:49.35,+26:46:33.6,DR3,-1113.69354678455,-612.191072828519,DR3,279.249639101248,DR3,9.93552,Lafa20,15.1031,DR3,10.7055,PS1,703790044252850688
J08313-060,LP 665-021,08:31:21.60,-06:02:01.7,DR3,-431.057277965943,-66.6685444793869,DR3,39.6192127645036,DR3,74.699,DR3,11.3936,DR3,9.3292,UCAC4,3064885260813278336
J08313-104,LP 725-015,08:31:23.46,-10:29:53.7,DR3,-593.355087948964,-324.794546499483,DR3,58.9094668622131,DR3,28.109,DR3,15.2938,DR3,12.0454,UCAC4,5751680775281710720
J08314-060,LP 665-022,08:31:27.22,-06:02:12.6,DR3,-436.884340324534,-61.0474086291355,DR3,39.791846147949,DR3,74.837,DR3,12.5673,DR3,10.1928,UCAC4,3064886536418158208
J08315+730,LP 035-219,08:31:30.12,+73:03:45.8,DR3,611.232585884744,273.206972706211,DR3,68.2140126392241,DR3,-90.458,DR3,13.2165,DR3,10.4409,UCAC4,1123140411831352064
J08316+193N,CV Cnc,08:31:37.43,+19:23:49.7,DR3,-232.877644493126,-128.910943676269,DR3,60.2484725635951,DR3,7.83,DR3,13.6749,DR3,10.5577,PS1,662732115407952768
J08316+193S,CU Cnc,08:31:37.57,+19:23:39.4,DR3,-228.694032666449,-119.91862994146,DR3,60.0601973391189,DR3,11.8,Z21,12.1721,DR3,9.3116,UCAC4,662732046688476288
J08317+057,2MASS J08314794+0545186,08:31:47.92,+05:45:18.4,DR3,-28.4404547270447,-88.8624404613232,DR3,20.6306292480066,DR3,13.669,DR3,12.1911,DR3,10.2186,UCAC4,3092839523609691904
J08321+844,LP 005-110,08:32:10.12,+84:24:30.8,DR3,353.59699943907,249.020721783651,DR3,51.9209558326971,DR3,-7.665,DR3,13.686,DR3,11.036,UCAC4,1149245394855341440
J08325+451,2MASS J08323599+4510175,08:32:35.99,+45:10:17.3,DR3,-142.367745980626,-62.9664610141886,DR3,40.6628601515765,DR3,20.756,DR3,12.6072,DR3,10.3205,UCAC4,917859937361774976
J08334+185,NLTT 19754,08:33:25.12,+18:31:45.2,DR3,-56.9944805481014,-646.278116139587,DR3,47.8681109627112,DR3,9.727,DR3,14.9896,DR3,12.0299,UCAC4,659624826828509440
J08344-011,LP 605-037,08:34:25.89,-01:08:39.6,DR3,231.909766420609,-419.394278808536,DR3,74.4143517774149,DR3,60.389,DR3,12.9385,DR3,10.3426,UCAC4,3073508528645520000
J08353+141,LSPM J0835+1408,08:35:19.91,+14:08:33.3,DR3,-148.817939769875,-85.6764673481174,DR3,38.8455892047291,DR3,19.7,Z21,14.1704,DR3,11.0957,UCAC4,651484656914433920
J08358+680,G 234-037,08:35:49.04,+68:04:09.1,DR3,-837.326351914071,-562.490906528746,DR3,76.9371853120815,DR3,18.838,DR3,11.8863,DR3,9.4072,UCAC4,1094235934764378112
J08364+264,LP  311-37,08:36:26.69,+26:28:19.5,DR3,-195.736164273616,-39.258123912197,DR3,34.347728263026,DR3,-22.374,DR3,12.6911,DR3,10.3934,UCAC4,703058078746339072
J08364+672,BD+67 552,08:36:25.47,+67:17:41.8,DR3,-1070.52760664874,67.8147962914044,DR3,70.6194625207145,DR3,13.592,DR3,9.5136,DR3,7.6259,UCAC4,1093918828739878528
J08371+151,NLTT 19893,08:37:07.96,+15:07:45.5,DR3,-127.056002617906,-894.204015433908,DR3,56.1118401049535,DR3,83.64,DR3,12.0143,DR3,9.614,UCAC4,657608666099404544
J08375+035,LSPM J0837+0333,08:37:30.22,+03:33:45.9,DR3,61.9298806739506,-175.68056184598,DR3,52.9343978126346,DR3,1.506,DR3,14.5939,DR3,11.648,UCAC4,3080039799513337216
J08387+516,StKM 1-711,08:38:42.21,+51:41:33.7,DR3,-89.8484735986207,-109.453463673571,DR3,30.5175543794436,DR3,-49.02,DR3,12.1115,DR3,10.0328,UCAC4,1027827494030265472
J08398+089,G 52-23,08:39:48.03,+08:56:18.0,DR3,-212.641211290067,189.334840735667,DR3,38.0591250452705,DR3,35.404,DR3,13.2583,DR3,10.9125,UCAC4,596631263051271808
J08402+314,LSPM J0840+3127,08:40:15.98,+31:27:06.8,DR3,205.526772182111,120.360278429824,DR3,89.0701961270145,DR3,66.868,DR3,12.4915,DR3,9.7882,UCAC4,709563717249089792
J08404+184,AZ Cnc,08:40:29.68,+18:24:08.7,DR3,-809.817219202047,-448.969238786551,DR3,73.8572569444738,DR3,88.6,Z21,17.8144,DR3,13.5374,PS1,659464504288593536
J08409-234,LP 844-008,08:40:59.21,-23:27:22.6,DR3,-461.344454674079,805.220623588271,DR3,65.8771920227202,DR3,87.108,DR3,12.2327,DR3,9.5689,UCAC4,5701750715316821248
J08410+676,LP 060-100,08:41:03.75,+67:39:38.5,DR3,-682.414092157383,-337.145636445281,DR3,38.935325873137,DR3,18.738,DR3,14.9497,DR3,12.0559,UCAC4,1093977549531975040
J08413+594,LP 090-018,08:41:20.13,+59:29:50.4,DR3,-260.27618577042,-1279.56223354523,DR3,105.293505821315,DR3,7.133,DR3,15.3833,DR3,11.7121,SDSS9,1040827088726734976
J08427+095,BD+10  1857A,08:42:44.53,+09:33:24.1,DR3,223.95887815179,-631.863524505742,DR3,64.6810112580011,DR3,28.86,DR3,9.8694,DR3,7.9596,UCAC4,598180818531935232
J08428+095,G  46-2,08:42:52.23,+09:33:11.2,DR3,223.283620042161,-614.059771772171,DR3,64.7053838933056,DR3,20.814,DR3,12.0374,DR3,9.5946,UCAC4,598180646733241216
J08443-104,LP 726-006,08:44:22.38,-10:24:11.7,DR3,300.236779109143,-524.038549841854,DR3,33.6518556589635,DR3,-20.916,DR3,14.2639,DR3,11.5039,UCAC4,5750007559102116608
J08447+182,NLTT 20157,08:44:45.35,+18:13:06.4,DR3,-238.494565336024,-451.489446366745,DR3,31.812833220222,DR3,71.316,DR3,13.2775,DR3,10.586,UCAC4,660143693236636160
J08449-066,2MASS J08445566-0637259,08:44:55.66,-06:37:26.1,DR3,-58.3,-126.4,PPMXL,,,-22.775,DR3,13.5914,DR3,10.9138,UCAC4,5754382275351646720
J08517+181,Ross 622,08:51:43.79,+18:07:29.9,DR3,-899.985843717646,-52.6677955247295,DR3,59.84119918659,DR3,3.884,DR3,11.7742,DR3,9.6145,UCAC4,659951725379878272
J08526+283,rho Cnc B,08:52:40.86,+28:18:58.8,DR3,-481.176281661271,-244.54437170113,DR3,79.6560236462924,DR3,27.77,DR3,13.4014,DR3,10.4159,UCAC4,704966762213039488
J08531-202,2MASS J08531090-2017172,08:53:10.91,-20:17:17.4,DR3,37.6587831766509,-117.312476624582,DR3,42.1873019301207,DR3,-4.776,DR3,13.4246,DR3,10.8782,UCAC4,5704445579657833856
J08536-034,LP 666-009,08:53:36.16,-03:29:32.2,DR3,-516.605397897889,-199.65184645561,DR3,115.487571063135,DR3,-7.22456,Lafa20,19.11,DR3,14.3517,PS1,5761985432616501376
J08537+149,StKM 1-730,08:53:43.71,+14:58:10.9,DR3,-30.4422512524064,-77.9016137647521,DR3,33.0559764959812,DR3,22.796,EDR3,11.294,DR3,9.3837,UCAC4,609050418685156864
J08540-131,L  820-19 A,08:54:05.33,-13:07:30.7,DR3,333.042456413201,-579.873311551002,DR3,64.9354563669806,DR3,-27.932,DR3,12.1869,DR3,9.6825,UCAC4,5736464668224470400
J08551+015,BD+02 2098,08:55:07.62,+01:32:47.4,DR3,44.9439953066883,-1045.87584316635,DR3,48.7404342197161,DR3,-4.268,DR3,10.1863,DR3,8.3539,UCAC4,577602496345490176
J08555+664,2MASS J08553135+6628078,08:55:31.35,+66:28:08.0,DR3,41.2272354975909,-84.5114258092551,DR3,40.6982885785206,DR3,-34.425,DR3,12.7494,DR3,10.3278,UCAC4,1092884772411363200
J08563+126,G 41-8,08:56:19.55,+12:39:49.8,DR3,-47.2953305438258,-246.674635235264,DR3,85.8042813773418,DR3,-18.364,DR3,14.6781,DR3,11.458,UCAC4,605079910398496640
J08570+116,BD+12 1944,08:57:04.68,+11:38:48.8,DR3,-23.4106007645746,-310.147156305242,DR3,61.3238246623648,DR3,-14.6,D22,10.827,DR3,8.6864,UCAC4,604756890202697728
J08572+194,LP 426-035,08:57:15.42,+19:24:17.6,DR3,121.4,-153.5,CC21,28.5,Dit14,-27.1,Z21,13.7235,DR3,11.0745,UCAC4,660514945913335808
J08582+197,G 9-38A,08:58:15.15,+19:45:45.8,DR3,-937.132835654488,-34.5590368877166,DR3,196.261926034374,DR3,15.26,DR3,15.063,DR3,11.0246,UCAC4,660597997697274752
J08588+210,G 9-40,08:58:52.33,+21:04:34.2,DR3,175.740021578863,-318.332224134643,DR3,35.9298105697578,DR3,14.089,DR3,14.0959,DR3,11.5616,UCAC4,684992690384102528
J08589+084,NLTT 20670,08:58:56.32,+08:28:26.0,DR3,376.4,-321.8,Gall15,147.66,Hen06,-5.0,Z21,11.1607,DR3,8.2768,UCAC4,585250252550906624
J08595+537,G 194-047,08:59:35.89,+53:43:50.4,DR3,-268.965512565952,-181.404372887654,DR3,55.7338044454523,DR3,6.177,DR3,13.502,DR3,10.6912,UCAC4,1017783146073299328
J08599+729,LP 036-098,08:59:56.20,+72:57:36.3,DR3,961.601767045684,-32.3166926106366,DR3,69.4564565687987,DR3,-1.536,DR3,14.576,DR3,11.5182,UCAC4,1123681096674583552
J09003+218,LP 368-128,09:00:23.55,+21:50:04.9,DR3,-514.942246299456,-592.253397977563,DR3,157.268576545613,DR3,8.11416,Lafa20,16.3512,DR3,11.9516,APASS9,685103912857072640
J09005+465,GJ 1119,09:00:32.48,+46:35:11.1,DR3,-472.83456787891,-523.58630885002,DR3,99.1649523992753,DR3,2.051,DR3,13.6084,DR3,10.5063,UCAC4,1010729194865571456
J09008+052E,Ross 687,09:00:50.33,+05:14:29.6,DR3,-255.4258905902,-207.222550703364,DR3,45.1497454724618,DR3,-37.376,DR3,12.9197,DR3,10.3797,UCAC4,583257319006770176
J09008+052W,Ross 686,09:00:48.52,+05:14:41.5,DR3,-259.45035073132,-210.196876169216,DR3,45.1445624026489,DR3,-37.36,DR3,12.5693,DR3,10.1138,UCAC4,583257314711142144
J09011+019,Ross  625,09:01:10.47,+01:56:35.3,DR3,-375.502169583359,-97.4964871846578,DR3,42.6329054909009,DR3,53.285,DR3,12.0472,DR3,9.5144,UCAC4,576949798755602560
J09023+084,NLTT 20817,09:02:19.88,+08:28:06.5,DR3,618.584127551755,-204.349822661056,DR3,48.9558461452744,DR3,39.431,DR3,11.9858,DR3,9.6006,UCAC4,585132295569511168
J09023+177,2MASS J09022307+1746326,09:02:23.06,+17:46:32.6,DR3,-133.280630450335,-47.6132477549414,DR3,47.6013496907937,DR3,42.667,DR3,14.1588,DR3,11.359,UCAC4,612073663345730560
J09028+680,LP 060-179,09:02:52.87,+68:03:46.6,DR3,189.089793925161,342.699434508189,DR3,81.3621263425869,DR3,-24.788,DR3,12.9151,DR3,10.1452,UCAC4,1117132130541140736
J09029+716,LSPM J0902+7138,135.734103,71.637001,DR3,-100.482389140357,-142.980061638982,DR3,23.1878154071946,DR3,0.09,DR3,13.6209,DR3,11.2238,APASS9,1119059574424538496
J09033+056,NLTT 20861,09:03:20.96,+05:40:14.6,DR3,-50.2,-381.6,PPMXL,57.2,FZ16,-28.11824,Lafa20,17.0985,DR3,13.0542,SDSS9,583370740503160704
J09037+520,G 194-052,09:03:42.95,+52:02:52.7,DR3,250.866471073809,-222.788582512427,DR3,53.6591430304031,DR3,-35.007,DR3,13.2553,DR3,10.5863,UCAC4,1016640817918422272
J09038+129,LP 486-043,09:03:53.42,+12:59:28.2,DR3,-11.0674026679804,-214.075376039325,DR3,23.4689812917887,DR3,-6.626,DR3,12.5712,DR3,10.3342,UCAC4,605324994116863360
J09040-159,2MASS J09040555-1555184,09:04:05.56,-15:55:18.5,DR3,-109.026831154463,-32.5116909747031,DR3,36.628119263863,DR3,3.931,DR3,13.0304,DR3,10.6344,UCAC4,5730445043924684288
J09050+028,G 114-33A,09:05:04.44,+02:50:03.4,DR3,-312.701008080699,29.7530146372641,DR3,42.090988539432,DR3,25.35,EDR3,11.9709,DR3,9.7173,UCAC4,577478114092768384
J09057+186,LP 426-056,09:05:42.97,+18:36:33.9,DR3,47.9250369325343,-394.376144796819,DR3,25.7413453580992,DR3,5.678,DR3,12.7571,DR3,10.4171,UCAC4,636160767653846784
J09062+128,LP 486-049,09:06:14.11,+12:51:34.6,DR3,-292.188505613612,-283.401938637272,DR3,34.1734742024277,DR3,40.469,DR3,13.572,DR3,10.8895,UCAC4,604583102941729792
J09070-221,LP 845-023,09:07:02.75,-22:08:50.0,DR3,-302.418538621794,-409.38823816263,DR3,65.2184302642222,DR3,-5.065,DR3,14.4586,DR3,11.3297,UCAC4,5655050092795276800
J09087+665,G 234-056,09:08:45.97,+66:35:38.5,DR3,228.714301061586,-131.86421357719,DR3,49.3133601193705,DR3,-12.032,DR3,13.21,DR3,10.7026,UCAC4,1068825362052486784
J09091+227,J0909+2247,09:09:07.98,+22:47:41.2,DR3,-83.6701853825157,-70.5027710776985,DR3,39.6859371447774,DR3,-24.819,DR3,15.5744,DR3,12.3678,UCAC4,686895567054724736
J09093+401,GJ 1121,09:09:23.83,+40:06:04.9,DR3,-554.400035341667,-587.255091862722,DR3,47.8508999805119,DR3,32.309,DR3,14.8011,DR3,11.8608,UCAC4,815474621470643968
J09095+328,BD+33  1814A,09:09:30.59,+32:49:09.7,DR3,-328.737147961355,-635.745967883977,DR2,46.8075274575104,DR2,10.248,DR2,10.1683,DR3,8.2985,SDSS9,712329087779343744
J09096+067,2E 2104,09:09:39.15,+06:42:11.0,DR3,-76.4546847764397,50.0159054230552,DR3,43.4827374325009,DR3,2.487,DR3,13.5291,DR3,10.9002,UCAC4,580925323563533056
J09099+004,G 46-24,09:09:59.06,+00:23:45.4,DR3,348.366435819177,-367.636905458298,DR3,39.4062933914817,DR3,6.646,DR3,12.3413,DR3,10.2395,UCAC4,3843330735839291648
J09115+126,LP 487-010,09:11:31.95,+12:37:23.6,DR3,178.242909145514,-334.298478070622,DR3,19.0902118550971,DR3,-76.263,DR3,13.2597,DR3,10.883,UCAC4,605792565732307840
J09115+466,MCC 265,09:11:30.82,+46:37:01.4,DR3,-349.899587176318,-44.3498009872436,DR3,42.2251409376089,DR3,58.692,DR3,11.1275,DR3,9.162,UCAC4,1011390516749963392
J09120+279,G 47-28,09:12:02.68,+27:54:23.4,DR3,-199.344027858521,-447.268705352211,DR3,34.309925216601,DR3,32.687,DR3,12.5504,DR3,10.0003,UCAC4,698112509803434880
J09133+688,G 234-57A,09:13:23.86,+68:52:31.0,DR3,-146.144372459445,-248.21019991822,DR3,42.3620751893994,DR3,8.9,EDR3,11.4932,DR3,9.2077,UCAC4,1117564303034031744
J09140+196,LP 427-016,09:14:03.18,+19:40:05.8,DR3,-146.55689707156,-160.417698862161,DR3,43.5148664252586,DR3,13.6,Bar21,12.4125,DR3,9.969,UCAC4,635964431813070848
J09143+526,HD 79210,09:14:22.77,+52:41:11.8,DR3,-1545.78745206047,-569.052823523412,DR3,157.887930779239,DR3,10.642,DR3,7.8634,DR3,6.0461,PS1,1022456139210632064
J09144+526,HD 79211,09:14:24.68,+52:41:10.9,DR3,-1573.0402244551,-659.906000812353,DR3,157.88249112606,DR3,11.97,DR3,7.9594,DR3,6.113,SDSS9,1022456104850892928
J09156-105,G 161-007,09:15:36.39,-10:35:47.3,DR3,-396.2,-186.0,PPMXL,134.9,FZ16,,,14.036,DR3,10.6158,UCAC4,5742299050967060352
J09160+293,G 47-31,09:16:05.20,+29:19:44.8,DR3,-133.331473704669,-527.991990274691,DR3,30.5743520139206,DR3,-45.722,DR3,12.5227,DR3,10.3123,UCAC4,698705249649956096
J09161+018,RX J0916.1+0153,09:16:10.18,+01:53:08.8,DR3,54.8226113398347,-101.304594787388,DR3,63.8909279784702,DR3,-13.289,DR3,13.2384,DR3,10.474,UCAC4,3845035696121944576
J09163-186,LP 787-052,09:16:20.64,-18:37:32.9,DR3,-314.709479707601,146.200122782576,DR3,74.3880121298048,DR3,14.608,DR3,10.9743,DR3,8.7317,UCAC4,5680147991886954240
J09165+841,G 253-021,09:16:30.13,+84:10:59.7,DR3,-511.2,420.4,Gall15,38.5,vAl95,-87.8,Haw96,12.1091,DR3,9.9693,UCAC4,1147659521129543040
J09168+248,2MASS J09165078+2448559,09:16:50.78,+24:48:56.0,DR3,-69.7376843896347,-123.643870252793,DR3,28.493771151254,DR3,,,15.6011,DR3,12.4141,UCAC4,687790775678270336
J09177+462,RX J0917.7+4612,09:17:44.72,+46:12:24.7,DR3,-129.864622390709,-17.4969402317931,DR2,29.8981959729962,DR2,-8.152,EDR3,11.8122,DR3,9.5525,UCAC4,819081225767313024
J09177+584,LP 090-134,09:17:45.99,+58:25:21.4,DR3,26.2103806419711,-1170.93242185719,DR3,64.2373613092178,DR3,-83.04,DR3,15.4664,DR3,12.1855,SDSS9,1038195201485531776
J09187+267,G 47-33 A,09:18:46.23,+26:45:11.0,DR3,-196.624849428304,-353.40283025697,DR3,40.2928923973767,DR3,39.959,DR3,11.9758,DR3,9.7259,UCAC4,694744636968134528
J09193+385N,GJ 1122,09:19:19.03,+38:31:23.3,DR3,-238.974121388634,-1.24173590637529,DR3,51.7268805878841,DR3,-8.999,DR3,14.9749,DR3,11.8926,PS1,811947108994206976
J09193+385S,GJ 1122 A,09:19:18.94,+38:31:15.9,DR3,-234.549221329486,-0.961269584171057,DR3,51.736767906469,DR3,-7.451,DR3,14.8292,DR3,11.7806,PS1,811947078931179264
J09193+620,LP 091-014,09:19:22.87,+62:03:16.9,DR3,-288.099391070644,-386.09775223924,DR3,26.3567167535774,DR3,53.9,PMSU,11.5298,DR3,9.4937,UCAC4,1040191742802868992
J09200+308,TYC 2493-1386-1,09:20:00.48,+30:52:39.7,DR3,-80.8,-35.7,PPMXL,,,101.5,D22,11.7605,DR3,9.6573,UCAC4,700595069620196992
J09201+037,1RXS J092010.8+034731,09:20:10.87,+03:47:25.9,DR3,-121.53226519738,68.76094187593,DR3,40.3619451305502,DR3,41.484,DR3,13.6367,DR3,10.9308,UCAC4,3845908124238526848
J09209+033,NLTT 21531,09:20:57.95,+03:22:06.4,DR3,314.607082905572,-1136.53702338208,DR3,56.7252314295734,DR3,8.938,DR3,13.5735,DR3,10.9163,UCAC4,3845829101135351296
J09213+731,LP 036-181,09:21:19.38,+73:06:38.6,DR3,-912.026243690629,-343.030820195331,DR3,66.4389503992807,DR3,54.436,DR3,15.2925,DR3,12.1923,PS1,1120741689776617600
J09218+435,G 115-071,09:21:49.06,+43:30:28.4,DR3,-300.50475922428,-118.616301440063,DR3,34.0315902904643,DR3,0.58,DR3,14.2484,DR3,11.2778,UCAC4,817747655601865088
J09218-023,RAVE J092148.1-021943,09:21:48.13,-02:19:43.3,DR3,176.974485445122,6.63466098291393,DR3,83.6782156389214,DR3,-58.217,DR3,12.3313,DR3,9.9119,UCAC4,3838384617141390208
J09228+467,G 115-72,09:22:51.63,+46:47:00.6,DR3,-210.156648499876,-112.843062742534,DR3,29.4312492067249,DR3,13.515,DR3,11.861,DR3,9.8822,SDSS9,819441178386727680
J09231+223,BD+22  2086B,09:23:06.17,+22:18:28.4,DR3,-135.623137027521,-177.220400081995,DR3,29.4440806062012,DR3,1.327,DR3,11.5735,DR3,9.686,PS1,638958990386751616
J09238+001,LP 607-039,09:23:52.58,+00:08:17.4,DR3,-204.544356079224,-227.422915759776,DR3,37.0379479368672,DR3,25.476,DR3,11.8289,DR3,9.7678,UCAC4,3840824948839560576
J09248+306,LSPM J0924+3041,09:24:50.80,+30:41:37.0,DR3,-100.62761427945,-170.593682631731,DR3,31.4879002120989,DR3,16.32,DR3,13.7277,DR3,11.119,UCAC4,700357227214999296
J09256+634,G 235-025,09:25:40.28,+63:29:19.3,DR3,-319.67103822828,-272.693393157534,DR2,38.6319891200266,DR2,34.476,DR3,14.6531,DR3,11.6167,UCAC4,1064315813895873664
J09275+506,G 195-027,09:27:30.56,+50:39:12.5,DR3,-222.108517918943,-145.115238948955,DR3,32.0866957130664,DR3,28.8,Haw96,12.1732,DR3,9.8881,UCAC4,1018344687277429760
J09286-121,G 161-32,09:28:41.58,-12:09:55.1,DR3,35.8582318917236,-389.784827082155,DR3,30.290160671056,DR3,5.653,DR3,12.471767,DR3,10.231249,UCAC4,5738284016370287616
J09288-073,Ross 439,09:28:53.33,-07:22:15.8,DR3,-160.247199426917,-714.258944043864,DR3,57.1821212452766,DR3,8.506,DR3,12.3391,DR3,9.913,UCAC4,5745027080665197696
J09289-073,GJ 347 B,09:28:55.71,-07:22:11.9,DR3,-166.488247921138,-712.628733043888,DR3,57.1770135216565,DR3,7.729,DR3,15.3181,DR3,12.1926,UCAC4,5745027011945719808
J09291+259,NLTT 21866,09:29:11.08,+25:58:09.3,DR3,-1048.22112622415,-270.144278499381,DR3,56.5932812719858,DR3,71.511,DR3,16.6506,DR3,13.0211,SDSS9,646076953786745472
J09300+396,LP 211-012,09:30:01.67,+39:37:23.8,DR3,119.473903015321,-166.91715890371,DR3,48.7367862986881,DR3,3.357,DR3,12.3634,DR3,9.9741,UCAC4,811697489791310592
J09302+265,2MASS J09301445+2630250,09:30:14.43,+26:30:24.9,DR3,-154.221483555872,-136.905307785417,DR3,41.308099233053,DR3,19.995,DR3,13.0572,DR3,10.463,UCAC4,694161724005809536
J09307+003,GJ 1125,09:30:44.59,+00:19:21.6,DR3,-569.01631261809,-549.386096601401,DR3,100.90325241621,DR3,46.199,DR3,11.9665,DR3,9.315,UCAC4,3840711729206827520
J09308+024,1RXS J093051.2+0222741,09:30:50.84,+02:27:20.2,DR3,-29.1995011614022,84.0336416764539,DR3,45.2785786907422,DR3,-4.816,DR3,14.0354,DR3,11.1476,UCAC4,3844632759469347584
J09313-134,Ross 440,09:31:19.46,-13:29:20.6,DR3,692.52,104.68,HIP2,99.88,HIP2,5.2,PMSU,10.3182,DR3,7.8666,UCAC4,5690031948585514368
J09315+202,Ross 84,09:31:33.02,+20:16:56.5,DR3,24.6921883486767,-806.912542423577,DR3,45.0545161286944,DR3,-18.313,DR3,12.4405,DR3,10.1928,UCAC4,634729066075133056
J09319+363,BD+36 1970,09:31:56.33,+36:19:12.8,DR3,-209.909094520372,-524.181595815951,DR3,73.6956292395512,DR3,19.554,DR3,10.4243,DR3,8.4162,UCAC4,798914636327665536
J09328+269,HD 82443B,09:32:48.24,+26:59:43.8,DR3,-143.814816119843,-245.092192145943,DR3,55.2923610984384,DR3,3.3,Haw96,16.0559,DR3,12.4619,APASS9,646255246469567232
J09352+612,StKM 1-785,09:35:13.19,+61:14:36.9,DR3,117.514801951976,39.2874570450117,DR3,50.3878067386876,DR3,-45.45,DR3,12.1669,DR3,9.8666,UCAC4,1062935140823485184
J09360-061,G 161-051,09:36:04.82,-06:06:55.9,DR3,-672.006733674885,-327.177644945267,DR3,42.4955717999296,DR3,45.565,DR3,14.2344,DR3,11.4967,UCAC4,3823729157935421952
J09360-216,GJ 357,09:36:01.64,-21:39:38.9,DR3,138.721790962557,-990.341719068843,DR3,105.978909135584,DR3,-35.028,DR3,11.1694,DR3,8.7732,UCAC4,5664814198431308288
J09362+375,TYC 2992-428-1,09:36:15.91,+37:31:45.5,DR3,-100.572169853618,-89.5167740189674,DR3,25.7404039721325,DR3,11.3,Z21,11.2421,DR3,9.3272,UCAC4,799092516692729344
J09370+405,LP 211-022,09:37:03.53,+40:34:38.9,DR3,-172.673971415803,-78.0155490892635,DR3,46.997078044462,DR3,3.98,DR3,14.3345,DR3,11.4931,UCAC4,813159393579585024
J09394+146,NLTT 22280,09:39:29.94,+14:38:49.7,DR3,-161.246788653245,-80.2309632350604,DR3,51.4896768787403,DR3,-13.177,DR3,13.6622,DR3,11.0001,UCAC4,617982090939470464
J09394+317,G 117-34,09:39:24.29,+31:45:17.0,DR3,-194.384649186974,-207.932510688086,DR3,46.9695497829826,DR3,-2.257,DR3,12.0669,DR3,9.858,UCAC4,793785826901083520
J09410+220,Ross 92,09:41:02.05,+22:01:28.3,DR3,461.721585696501,-487.446417177456,DR3,81.0237338237848,DR3,46.795,DR3,14.5156,DR3,11.4191,UCAC4,640862653425455360
J09411+132,Ross 85,09:41:10.36,+13:12:34.4,DR3,-660.038514896349,-143.168850058577,DR3,86.6195891003457,DR3,10.823,DR3,10.608,DR3,8.3671,UCAC4,614543647497149056
J09423+559,GJ 363,09:42:23.19,+55:59:01.3,DR3,-709.956137438318,-508.204692001657,DR3,60.5083305889746,DR3,15.021,DR3,12.7794,DR3,10.0478,UCAC4,1022122334352145280
J09425+700,GJ 360,09:42:34.84,+70:02:02.0,DR3,-671.774802772187,-271.155031319451,DR3,84.3280836490557,DR3,6.676,DR3,10.8477,DR3,8.4522,UCAC4,1071194431653425280
J09425-192,LP 788-024,09:42:35.67,-19:14:05.1,DR3,-475.129940841868,-217.68400444367,DR3,58.6304697880303,DR3,44.373,DR3,12.1953,DR3,9.7853,UCAC4,5677606810060597248
J09428+700,GJ 362,09:42:51.73,+70:02:21.9,DR3,-670.961781294192,-265.456097040027,DR3,84.2983301598262,DR3,6.205,DR3,11.4824,DR3,8.9087,UCAC4,1071195187567668480
J09430+237,LP 370-035,09:43:01.31,+23:49:21.8,DR3,-164.549453532339,-213.464177359885,DR3,27.5501486518469,DR3,33.441,DR3,12.3685,DR3,10.3123,SDSS9,641698561046235776
J09439+269,Ross 93,09:43:55.61,+26:58:08.4,DR3,-577.841201845811,-101.210018526492,DR3,69.5883327065552,DR3,34.727,DR3,12.2858,DR3,9.6686,UCAC4,646818024623804416
J09447-182,GJ 1129,09:44:47.35,-18:12:49.0,DR3,-1600.52902547178,-171.230709099469,DR3,90.9931878179153,DR3,8.761,DR3,12.6775,DR3,9.8586,UCAC4,5683871247496205312
J09449-123,G 161-071,09:44:54.19,-12:20:54.4,DR3,-331.327022587514,40.1773580752098,DR3,76.0509044351348,DR3,16.95892,Lafa20,13.9251,DR3,10.5341,UCAC4,5690846274384548864
J09461-044,G 161-74A,09:46:09.25,-04:25:43.3,DR3,-554.264583372006,166.404142261132,DR3,50.4543822405923,DR3,26.75,DR3,14.48,DR3,11.4681,UCAC4,3825820772648802816
J09468+760,BD+76 3952,09:46:48.49,+76:02:38.1,DR3,87.3667512611242,-1000.44030199585,DR3,63.3250630238472,DR3,-28.029,DR3,10.8672,DR3,8.7572,UCAC4,1130450270073924608
J09473+263,BD+26 2004,09:47:22.40,+26:18:12.5,DR3,-211.906090550438,-353.115737648987,DR3,29.4437055399619,DR3,63.643,DR3,11.0717,DR3,9.2945,UCAC4,646534556782461056
J09475+129,LP 488-037,09:47:34.81,+12:56:39.1,DR3,-87.8196750924453,226.637490930866,DR3,47.1137971750173,DR3,50.74,DR3,13.6415,DR3,10.9154,UCAC4,614339786873867264
J09488+156,G 43-2,09:48:50.20,+15:38:44.9,DR3,-19.7712693472075,228.861042028459,DR3,58.184551095759,DR3,-1.58,DR3,13.452,DR3,10.864,UCAC4,619440661833351040
J09506-138,LP 728-070,09:50:40.53,-13:48:38.6,DR3,152.0,-99.0,PPMXL,,,27.2,Jeff18,12.9422,DR3,10.2108,UCAC4,5687448646015120896
J09511-123,BD-11 2741,09:51:09.64,-12:19:47.5,DR3,1137.71976814781,-1455.37915087366,DR3,76.164390694674,DR3,62.025,DR3,10.259,DR3,8.2386,UCAC4,5690980582306104448
J09526-156,LP 728-071,09:52:41.78,-15:36:13.8,DR3,-118.933799057551,-134.08987448138,DR3,56.8206835330503,DR3,-11.651,DR3,13.6899,DR3,10.9707,UCAC4,5686163724944033792
J09527+554,G 195-43,09:52:44.70,+55:28:19.3,DR3,296.471891839166,-194.27351784874,DR3,26.9584519474451,DR3,-52.468,DR3,12.4267,DR3,10.3301,UCAC4,1021178472339004032
J09531-036,GJ 372,09:53:11.78,-03:41:24.4,DR3,-102.341252056822,-462.148102738422,DR3,63.6116754451316,DR3,31.237,EDR3,10.772,DR3,8.4529,UCAC4,3823307284773157248
J09535+355,Wolf 327,09:53:30.91,+35:34:16.7,DR3,-87.7599457428006,-177.135041621806,DR3,34.9987991260436,DR3,,DR3,13.2478,DR3,10.8112,UCAC4,796185407950360192
J09535+507,LP 126-073,09:53:33.52,+50:45:03.9,DR3,-524.036116409255,16.3119308149432,DR3,39.603243050377,DR3,14.655,DR3,12.2572,DR3,10.0884,UCAC4,826957061916956544
J09539+209,NLTT 22870,09:53:55.17,+20:56:46.8,DR3,-345.972642785921,393.248968345767,DR3,104.76384886335,DR3,-11.332,DR3,14.2604,DR3,11.062,UCAC4,628080246633611520
J09557+353,G 116-065,09:55:43.60,+35:21:41.8,DR3,-35.9753272647283,-312.703572953327,DR3,52.1159118141143,DR3,-11.035,DR3,13.0168,DR3,10.4432,UCAC4,795434510226597760
J09561+627,BD+63 869,09:56:08.67,+62:47:18.5,DR3,-303.921850241066,-583.412886843431,DR3,95.0477129060106,DR3,14.855,DR3,9.189,DR3,7.2611,SDSS9,1051547052218220160
J09564+226,NLTT 22978,09:56:26.96,+22:39:01.1,DR3,-465.314451131644,-258.893355606601,DR3,54.6212606108556,DR3,59.042,DR3,14.4261,DR3,11.4436,SDSS9,641821259671808896
J09579+118,NLTT 23051,09:57:58.00,+11:48:28.8,DR3,-422.754017330261,-158.519498859935,DR3,39.5652511150477,DR3,29.255,DR3,14.9186,DR3,11.9296,UCAC4,3881331094645624960
J09587+555,G 196-001,09:58:46.69,+55:33:02.8,DR3,-39.3174543590409,-239.511459837326,DR3,26.8575252591676,DR3,-32.338,DR3,12.3431,DR3,10.253,UCAC4,1045131676747611776
J09589+059,NLTT 23096,09:58:56.50,+05:57:59.9,DR3,-180.665646575576,-68.836507022869,DR3,66.4856749005726,DR3,9.864,DR3,14.9344,DR3,11.792,UCAC4,3850237416912716928
J09593+438E,G 116-073 B,09:59:20.93,+43:50:25.6,DR3,-100.499075579488,-220.21805257305,DR3,36.7225166030608,DR3,9.4,Z21,14.4524,DR3,11.6287,UCAC4,808270896163473920
J09593+438W,G 116-072 A,09:59:18.79,+43:50:25.4,DR3,-99.0879447848088,-221.387941535165,DR3,36.7471913070589,DR3,-1.592,DR3,14.1179,DR3,11.3712,UCAC4,808270896163474176
J09597+472,G 146-005,09:59:45.99,+47:12:11.3,DR3,78.8224767656038,-273.791705599782,DR3,44.6396855337671,DR3,-28.398,DR3,14.3557,DR3,11.4767,UCAC4,822327052812586240
J09597+721,Pul -3 620285,09:59:45.38,+72:11:59.8,DR3,-22.8054247075006,95.0563084187511,DR3,54.4871695216314,DR3,-18.651,DR3,13.3591,DR3,10.6902,UCAC4,1071851527289746176
J10004+272,GJ 375.2,10:00:26.71,+27:16:01.6,DR3,-16.374580820598,117.285198946361,DR3,27.7674297279758,DR3,-11.478,DR3,11.4448,DR3,9.5811,SDSS9,740041664173180544
J10007+323,Wolf 335,10:00:44.29,+32:18:33.7,DR3,-1007.8375164734,-666.023587911392,DR3,36.3622147187247,DR3,-32.412,DR3,12.0916,DR3,10.0656,PS1,746572522723948672
J10020+697,LP 037-057,10:02:05.80,+69:45:29.2,DR3,-42.264406281281,-228.153653868846,DR3,62.2789321531887,DR3,-19.611,DR3,14.5763,DR3,11.5639,UCAC4,1070519572033023232
J10023+480,BD+48 1829,10:02:21.75,+48:05:19.7,DR3,-633.073551296603,-1474.82709573181,DR3,66.8447793823991,DR3,-10.184,DR3,10.2876,DR3,8.2623,UCAC4,823228721067307392
J10027+149,G 43-23,10:02:42.45,+14:59:13.0,DR3,157.021220372263,-235.646110123513,DR3,56.0060830717566,DR3,1.844,DR3,14.4237,DR3,11.4754,UCAC4,615779464207025152
J10028+484,G 195-055,10:02:49.32,+48:27:33.1,DR3,-330.6,-273.9,PPMXL,60.1,Dit14,5.891,DR3,15.6661,DR3,12.0894,APASS9,823290156279169152
J10035+059,NLTT 23292,10:03:33.36,+05:57:48.0,DR3,-564.561452119625,-164.249456255194,DR3,42.5497006664495,DR3,-0.643,DR3,13.4522,DR3,10.852,UCAC4,3873461954734052736
J10040+187,TYC 1415-1123-1,10:04:05.98,+18:47:45.1,DR3,-156.389148549062,-226.390530465199,DR2,22.8970674439339,DR2,5.879,DR3,11.5487,DR3,9.6218,SDSS9,626609103984573056
J10043+503,NLTT 23293,10:04:21.46,+50:23:13.4,DR3,-141.079108487751,-202.33556022932,DR3,45.8540660264635,DR3,-1.592,DR3,11.8569,DR3,9.5073,UCAC4,824017070904063104
J10067+417,G 116-077,10:06:43.81,+41:42:52.7,DR3,-250.573191232685,-408.633108794562,DR3,44.8794720241494,DR3,-13.028,DR3,11.5485,DR3,9.5165,UCAC4,806893276814027008
J10068-127,2MASS J10065210-1246543,10:06:52.10,-12:46:54.4,DR3,-107.6,2.1,PPMXL,,,,,14.7432,DR3,11.6096,UCAC4,3765463764741153024
J10069+126,LP 489-035,10:06:57.84,+12:40:52.3,DR3,-321.489311174926,-43.7520553454387,DR3,40.1526770393064,DR3,11.308,DR3,12.275,DR3,10.0986,UCAC4,3881626244798724480
J10079+692,LP 037-075,10:07:59.33,+69:14:45.7,DR3,-909.028584700858,24.4401531473834,DR3,58.2459759695555,DR3,2.483,DR3,14.5962,DR3,11.7658,UCAC4,1070382098718626176
J10087+027,LP 549-023,10:08:44.60,+02:43:56.8,DR3,-82.2760193764392,-449.023033135153,DR3,41.4382880540824,DR3,29.676,DR3,12.5585,DR3,10.106,UCAC4,3836540220745072384
J10087+355,Wolf 346,10:08:42.37,+35:32:51.3,DR3,192.379696342681,133.239337436568,DR3,53.8974680105371,DR3,19.835,DR3,11.7206,DR3,10.6034,SDSS9,753585104807022080
J10088+692,TYC 4384-1735-1,10:08:51.81,+69:16:35.6,DR3,196.63280907996,17.6270475677456,DR3,25.2430422713211,DR3,-27.151,DR3,11.7526,DR3,9.9113,UCAC4,1070387905514406400
J10094+512,LP 127-132,10:09:29.97,+51:17:19.7,DR3,-439.844442721634,-827.855553534604,DR3,76.0136390127306,DR3,45.675,DR3,13.7574,DR3,10.9392,UCAC4,848178083009862656
J10094+544,2MASS J10092678+5424247,10:09:26.76,+54:24:24.6,DR3,65.0199231360643,-134.631326267955,DR3,37.1477753429218,DR3,0.147,DR3,12.2785,DR3,10.0296,UCAC4,852544209323820416
J10117+353,G 118-037,10:11:43.95,+35:18:44.1,DR3,128.087961923233,-250.647504094472,DR3,47.3999155835603,DR3,-29.957,DR3,14.8086,DR3,11.8831,PS1,753332560729770496
J10120-026,GJ 381,10:12:04.67,-02:41:05.2,DR3,526.76901667673,-600.6503851642,DR2,86.6489343274153,DR2,31.594,EDR3,10.8631,DR3,8.4797,UCAC4,3828751074215823872
J10122-037,AN Sex,10:12:17.67,-03:44:44.4,DR3,-152.760223909306,-243.692955388012,DR3,129.754396236932,DR3,7.366,DR3,9.4917,DR3,7.2572,UCAC4,3828238392559860992
J10125+570,LP 092-048,10:12:34.78,+57:03:49.0,DR3,-344.075875134322,-533.274685509801,DR3,99.5584660346966,DR3,-4.133,DR3,11.9815,DR3,9.3354,UCAC4,1045525233191254784
J10130+233,G 54-18,10:13:00.26,+23:20:49.9,DR3,164.766255416932,-252.08987820915,DR3,35.0760631491178,DR3,-23.4,Z21,13.5368,DR3,10.8391,UCAC4,726205714791433984
J10133+467,LP 167-017,10:13:20.95,+46:47:25.8,DR3,-253.383119952723,-81.7779873463107,DR3,47.292407509261,DR3,19.228,DR3,16.739,DR3,12.9966,PS1,810434666326580224
J10143+210,DK Leo,10:14:19.16,+21:04:29.8,DR3,-119.552056933061,-191.194366579101,DR2,42.7416983480339,DR2,-0.25,DR3,10.2999,DR3,8.4051,UCAC4,628827128175694976
J10148+213,G 54-19,10:14:53.12,+21:23:46.0,DR3,-183.971670080286,-222.352361647222,DR3,55.1934260349135,DR3,32.633,DR3,14.6923,DR3,11.5757,UCAC4,628865130046268672
J10151+314,G 118-43A,10:15:06.94,+31:25:10.4,DR3,-54.9094729618867,-213.008727614667,DR3,30.0308495173711,DR3,-20.339,DR3,14.3979,DR3,11.6426,UCAC4,742898500326087552
J10155-164,WT 1774,10:15:35.35,-16:28:23.3,DR3,-442.489550804438,183.849934915527,DR3,33.3832201299365,DR3,62.432,DR3,13.7111,DR3,11.019,APASS9,5673125406825164544
J10158+174,LSPM J1015+1729,10:15:53.94,+17:29:27.1,DR3,290.676235697802,6.39145427255025,DR3,71.5446866774105,DR3,23.987,DR3,13.1211,DR3,10.3886,UCAC4,622339455521105280
J10167-119,GJ 386,10:16:45.95,-11:57:42.4,DR3,-417.614295079753,-604.200975942185,DR3,74.2380351745139,DR3,-10.89,DR3,11.2245,DR3,8.8036,UCAC4,3765772972322477696
J10182-204,NLTT 23956,10:18:13.84,-20:28:41.1,DR3,-396.411081840359,114.396493139968,DR3,39.4872766633777,DR3,13.688,Bar18,14.21,DR3,11.0133,UCAC4,5668221005144096896
J10185-117,LP  729-54,10:18:35.14,-11:43:00.2,DR3,-341.537266086264,-247.747252471608,DR3,45.3971952070579,DR3,0.271,DR3,13.3242,DR3,10.6407,UCAC4,3767281845873242112
J10196+198,AD Leo,10:19:36.28,+19:52:12.0,DR3,-498.620360311109,-43.4276690820186,DR3,201.406421019486,DR3,10.673,DR3,9.5972,DR3,7.0326,UCAC4,625453654702751872
J10200+289,G 118-051,10:20:00.80,+28:57:12.8,DR3,-469.838234148581,-201.493171219004,DR3,53.5755907292292,DR3,1.963,DR3,13.2766,DR3,10.7413,UCAC4,741275934694972800
J10206+492,G 196-019,10:20:37.75,+49:17:45.3,DR3,-368.541743161434,-135.123720488931,DR3,41.6257092244787,DR3,11.181,DR3,13.4353,DR3,10.9152,UCAC4,846793900950016768
J10238+438,LP 212-062,10:23:51.86,+43:53:33.1,DR3,178.67459228567,3.95164925608077,DR3,54.9744727116058,DR3,9.1,Z21,15.5172,DR3,12.1171,SDSS9,806039471675754112
J10240+366,HAT 182-00646,10:24:05.07,+36:39:32.5,DR3,-20.9809840278182,-146.555373026716,DR3,34.5512962392091,DR3,-6.426,DR3,13.8159,DR3,11.1264,UCAC4,753198111073583488
J10243+119,StKM 1-852,10:24:20.19,+11:57:20.6,DR3,-24.5691562026274,176.23006577908,DR3,51.7862202500714,DR3,-4.936,DR3,12.6756,DR3,10.2984,UCAC4,3883368588478223360
J10251-102,BD-09 3070,10:25:10.84,-10:13:43.3,DR3,-693.18149333256,121.469456563962,DR3,78.1745784222099,DR3,20.861,DR3,10.3814,DR3,8.2308,UCAC4,3767878708888402816
J10255+263,G 54-26,10:25:30.31,+26:23:17.7,DR3,-322.350108597097,-495.557681649947,DR3,46.7447866720662,DR3,22.735,DR3,13.4657,DR3,10.7225,UCAC4,728496959585070208
J10260+504E,LP 127-372,10:26:03.27,+50:27:21.6,DR3,-376.176543246863,-541.839967952486,DR3,53.4296109857229,DR3,28.792,DR3,13.9689,DR3,11.1404,SDSS9,847330325186182912
J10260+504W,LP 127-371,10:26:02.61,+50:27:08.7,DR3,-368.902584148582,-540.957513197771,DR3,53.4519460863551,DR3,28.971,DR3,13.7368,DR3,10.967,PS1,847330222106968064
J10273+799,2MASS J10272334+7959511,10:27:23.25,+79:59:51.4,DR3,-94.5887377490276,-86.7048069216409,DR3,35.8962385751258,DR3,6.583,DR3,12.2298,DR3,10.0438,UCAC4,1133037803187201664
J10278+028,G 55-21,10:27:49.65,+02:51:37.2,DR3,-491.116159572511,-105.835145969039,DR3,35.6995944888526,DR3,66.389,DR3,13.7129,DR3,11.0417,UCAC4,3856858160539107584
J10284+482,G 146-035,10:28:27.90,+48:14:20.2,DR3,600.3,-154.1,PPMXL,47.7,vAl95,-20.6,Haw96,13.5073,DR3,10.7355,UCAC4,834495451075108864
J10286+322,G 118-61A,10:28:41.32,+32:14:18.9,DR3,-468.23254492948,174.95836157949,DR3,44.6096303831449,DR3,16.158,DR3,13.5124,DR3,11.0871,UCAC4,748118401712712320
J10289+008,BD+01 2447,10:28:55.55,+00:50:27.6,DR3,-602.991978045199,-731.881996423668,DR3,142.09514314211,DR3,7.977,DR3,9.8777,DR3,7.5822,UCAC4,3855208897392952192
J10303+328,G 118-066,10:30:23.70,+32:50:13.5,DR3,-395.523776815066,-386.493695945038,DR3,36.4876209928741,DR3,40.982,DR3,12.9694,DR3,10.451,UCAC4,748536181771608704
J10315+570,LP 92-176,10:31:30.77,+57:05:17.7,DR3,-67.1636775357164,172.778851245555,aDR3,57.0099591956078,aDR3,-6.0,New14,14.883,DR3,11.6614,UCAC4,854769723937106560
J10320+033,2MASS J10320226+0318547,10:32:02.27,+03:18:55.1,DR3,38.6045724709381,-12.5005028672458,DR3,28.9552624354844,DR3,-10.296,DR3,11.9877,DR3,9.7361,UCAC4,3856935336807018368
J10345+463,LP  167-64,10:34:30.17,+46:18:08.8,DR3,-412.07469093125,-102.769322936791,DR3,41.2692471116433,DR3,11.113,DR3,13.3834,DR3,10.7908,UCAC4,830705262697930240
J10350-094,LP 670-017,10:35:01.12,-09:24:38.6,DR3,228.17030778596,-185.194027492888,DR3,61.219770937627,DR3,13.864,DR3,12.3734,DR3,9.8294,UCAC4,3762071530853756928
J10354+694,LP 037-179,10:35:26.99,+69:26:58.7,DR3,-1653.63754432515,-641.529649289956,DR3,78.5748421085065,DR3,-62.089,Bar18,12.1888,DR3,9.5283,PS1,1073206263054159104
J10359+288,RX J1035.9+2853,10:35:57.27,+28:53:31.5,DR3,-122.011706699869,-71.8655432321156,DR3,34.4097949546331,DR3,11.654,DR3,13.4274,DR3,10.846,UCAC4,735219962087569792
J10360+051,RY Sex,10:36:01.22,+05:07:12.8,DR3,-654.120693395749,127.510717908754,DR3,65.4708328897747,DR3,20.159,DR3,12.9132,DR3,10.142,UCAC4,3858896247076028288
J10364+415,G 146-48,10:36:26.82,+41:30:06.3,DR3,255.887234818615,-218.723863685759,DR3,35.3034916865757,DR3,-13.713,DR3,12.4924,DR3,10.1642,UCAC4,780370406354833920
J10367+153,RX J1036.7+1521,10:36:44.84,+15:21:39.9,DR3,110.210092942586,-78.9390471486207,DR3,49.9787962751952,DR3,-12.7,Shk12,13.5014,DR3,10.5851,UCAC4,3886019480945496576
J10368+509,LP 127-502,10:36:48.16,+50:55:03.9,DR3,248.87347366169,-199.640571211272,DR3,40.7295083506814,DR3,-37.513,DR3,14.7942,DR3,11.7233,UCAC4,835398287562006784
J10379+127,LP 490-42 A,10:37:55.27,+12:46:37.3,DR3,-222.409936415456,17.6729335924471,DR3,38.2484795100043,DR3,18.423,DR3,12.9085,DR3,10.3786,UCAC4,3884641758516220544
J10384+485,LP 167-071,10:38:29.79,+48:31:44.8,DR3,-196.269833156154,-87.8698064087632,DR3,32.1990957886485,DR3,13.702,DR3,13.7214,DR3,11.0798,UCAC4,834162608290205312
J10385+354,LP 262-400,10:38:33.24,+35:29:49.4,DR3,-441.417640583406,266.971019456472,DR3,47.7440318114288,DR3,36.664,DR3,12.6047,DR3,10.1759,UCAC4,751145975699350656
J10389+250,StKM 1-873,10:38:56.84,+25:05:40.2,DR3,-176.347308402485,-73.6247531619927,DR3,36.4631772058726,DR3,18.833,DR3,12.5527,DR3,10.356,APASS9,724229140777022208
J10396-069,GJ 399,10:39:40.56,-06:55:25.5,DR3,-717.93552070627,-104.818454727324,DR3,64.1977288795501,DR3,2.926,DR3,11.5392,DR3,9.1539,UCAC4,3774789959807192064
J10403+015,TYC 254-88-1,10:40:21.47,+01:34:37.4,DR3,-48.5301475884202,-50.6065026628402,DR3,28.928126318892,DR3,-7.442,DR3,12.0366,DR3,10.0209,UCAC4,3807678452833410688
J10416+376,GJ 1134,10:41:37.88,+37:36:39.2,DR3,-1457.06589985924,-358.658452404967,DR3,99.4619093673279,DR3,-1.265,DR3,13.2705,DR3,10.2863,PS1,751975660302006784
J10430-092,WT 1827,10:43:02.85,-09:12:40.9,DR3,-1975.44984530491,365.831000984726,DR3,82.0005460000602,DR3,45.035,DR3,15.3281,DR3,11.7629,PS1,3762231926405726720
J10443+124,LP 490-063,10:44:18.82,+12:25:11.5,DR3,-274.620331227362,-0.729716186943469,DR3,34.0435220484851,DR3,22.583,DR3,13.7815,DR3,11.0917,UCAC4,3872383986278067968
J10448+324,LP 316-604 A,10:44:52.67,+32:24:41.7,DR3,-213.113319124832,-22.7857083327189,DR3,32.0403067106214,DR3,6.76,DR3,14.0498,DR3,11.2623,UCAC4,737756599837263104
J10453+385,BD+39 2376,10:45:21.49,+38:30:42.4,DR3,-38.1834668861713,150.413935335259,DR3,72.1203042945277,DR3,-4.8,Wil67,9.4587,DR3,7.5713,UCAC4,776067089642433664
J10456-191,BD-18 3019A,10:45:39.09,-19:06:51.7,DR3,-1869.91617389026,-599.843730242812,DR3,53.1717785758267,DR3,41.993,DR3,11.2771,DR3,9.3047,UCAC4,3554395813252625920
J10460+096,G 44-35,10:46:03.93,+09:41:51.3,DR3,-113.72264995814,-263.899116610003,DR3,39.8164813846205,DR3,4.205,DR3,13.777,DR3,11.109,UCAC4,3869489010817484544
J10472+404,LP  213-67,10:47:12.61,+40:26:43.7,DR3,-298.288133764976,-33.2580919526366,DR3,40.4317894345154,DR3,13.7,Z21,17.7934,DR3,13.7276,SDSS9,779689606794219136
J10474+025,Ross 895,10:47:24.28,+02:35:32.0,DR3,175.185297592449,46.5680201764766,DR2,32.5714599035341,DR2,-48.528,EDR3,12.4826,DR3,10.2459,UCAC4,3809351492919091968
J10482-113,LP 731-058,10:48:12.61,-11:20:09.6,DR3,579.018668284531,-1530.07648358805,DR3,219.330212630596,DR3,1.474,DR3,15.9407,DR3,11.3599,UCAC4,3757613049856225792
J10485+191,LP 431-069,10:48:32.58,+19:09:02.0,DR3,233.683223064479,-106.5900288928,DR3,43.2206442761352,DR3,-10.844,DR3,13.7137,DR3,11.1043,UCAC4,3986412584848128000
J10497+355,GJ 1138,10:49:45.63,+35:32:51.1,DR3,-700.864332381506,-1048.66877760574,DR3,102.752128858273,DR3,64.614,DR3,13.2896,DR3,10.3235,SDSS9,750586216906847104
J10504+331,G 119-037,10:50:26.01,+33:06:04.2,DR3,51.9971659070513,-636.210586375178,DR3,44.2718603018231,DR3,-59.87,Bar21,13.3083,DR3,10.5809,UCAC4,737721385400747520
J10506+517,LP 128-032,10:50:38.24,+51:45:01.5,DR3,-191.375816627077,3.29721947196776,DR3,37.8885155713783,DR3,-0.208,DR3,14.3366,DR3,11.5421,UCAC4,837177915851182080
J10508+068,EE Leo,10:50:52.03,+06:48:29.3,DR3,-856.289496530005,-818.583406902173,DR3,143.539061906115,DR3,-1.242,DR3,11.9195,DR3,9.0502,UCAC4,3864615459886222464
J10513+361,LP 263-035,10:51:20.58,+36:07:25.5,DR3,-189.401811700163,-59.0834710528827,DR3,29.95526818564,DR3,10.537,DR3,13.7007,DR3,11.0796,APASS9,774690093062727040
J10520+005,G 45-11,10:52:03.27,+00:32:38.5,DR3,-407.592887686618,0.701740926330868,DR3,25.4609651215497,DR3,25.88,Shk10,14.1201,DR3,11.1942,UCAC4,3807875127975955328
J10520+139,GJ 403,10:52:04.24,+13:59:51.3,DR3,-1124.69238504216,199.038889373377,DR3,75.4937364247941,DR3,22.792,DR3,12.956,DR3,10.2706,UCAC4,3873066031380105216
J10522+059,NLTT 25568,10:52:14.25,+05:55:09.8,DR3,-695.520274542825,-60.2788530687992,DR3,71.7960240100421,DR3,1.793,DR3,15.0471,DR3,11.7588,UCAC4,3864228496219589120
J10546-073,LP 671-008,10:54:41.96,-07:18:33.4,DR3,-171.401872275091,-373.13299980938,DR3,48.8070917993033,DR3,26.863,DR3,13.5184,DR3,10.6358,UCAC4,3763681215875388288
J10555-093,LP 671-010,10:55:34.47,-09:21:25.9,DR3,-266.672340481975,448.918423814042,DR3,52.119408374064,DR3,18.519,DR3,13.8121,DR3,11.0763,UCAC4,3759774208680370688
J10563+042,2MASS J10562225+0415459,10:56:22.26,+04:15:46.2,DR3,56.0279876374987,-99.1430820825246,DR3,36.6316023427663,DR3,-1.516,DR3,13.0333,DR3,10.625,UCAC4,3815775943655043072
J10564+070,CN Leo,10:56:28.92,+07:00:53.0,DR3,-3866.33827514368,-2699.21498767917,DR3,415.179415678021,DR3,19.44227,Lafa20,13.7703,DR3,9.5855,UCAC4,3864972938605115520
J10576+695,BD+70 639,10:57:38.09,+69:35:47.8,DR3,-629.995646074979,58.3537279195534,DR3,42.6684363750756,DR3,-2.055,DR3,10.4659,DR3,8.6778,UCAC4,1072844970405231104
J10584-107,LP 731-076,10:58:27.99,-10:46:30.5,DR3,-192.998936073022,-83.9648057921172,DR3,68.9622000104425,DR3,10.375,DR3,14.647,DR3,11.45,PS1,3758629475341196672
J11000+228,Ross 104,11:00:04.26,+22:49:58.6,DR3,-426.957722157685,-282.298403195064,DR3,148.198550310563,DR3,2.654,DR3,10.2753,DR3,7.8457,UCAC4,3988987164339438208
J11003+728,G 254-11A,11:00:23.87,+72:52:23.9,DR3,-159.458466035159,-392.004084806413,DR3,31.5142955166229,DR3,-10.056,DR3,12.5822,DR3,10.3753,UCAC4,1078684751537435136
J11008+120,2E 2371,11:00:50.42,+12:04:10.7,DR3,139.301147924825,-125.565477862454,DR3,46.6846021637487,DR3,-20.681,DR3,16.1518,DR3,12.6761,UCAC4,3871653498240785280
J11013+030,G 45-27,11:01:19.66,+03:00:17.2,DR3,1074.02561562974,-402.290501366907,DR3,67.2627385926736,DR3,-1.148,DR3,14.3404,DR3,11.4183,UCAC4,3814642931282607104
J11014+568,StKM 1-902,11:01:27.10,+56:52:04.2,DR3,-194.57688725977,-11.2156002921631,DR3,24.2173353742556,DR3,-8.134,DR3,12.1024,DR3,10.1698,UCAC4,856919367958918016
J11023+165E,LP 431-071,11:02:19.31,+16:30:29.7,DR3,-16.591537889548,-163.253150733951,DR3,38.9927276952015,DR3,11.102,DR3,11.7187,DR3,9.6125,UCAC4,3969885761146749824
J11023+165W,LP 431-070,11:02:18.04,+16:30:33.4,DR3,-17.017552993712,-167.5096610621,DR3,38.9897329998167,DR3,11.532,DR3,11.8444,DR3,9.7031,UCAC4,3969885761146749952
J11026+219,DS Leo,11:02:38.34,+21:58:01.7,DR3,142.770500155413,-51.6607867224283,DR3,83.7641956348657,DR3,-14.415,DR3,9.8196,DR3,7.8139,UCAC4,3988689609004982912
J11030+037,Wolf 360,11:03:04.27,+03:44:22.6,DR3,110.4,-218.2,PPMXL,,,-10.405,EDR3,13.1732,DR3,10.7458,UCAC4,3814988693329859456
J11031+152,LP 431-050,11:03:08.47,+15:17:51.8,DR3,-417.4,-95.4,PPMXL,54.9,FZ16,16.494,DR3,13.3166,DR3,10.5638,UCAC4,3969483511689636864
J11031+366,LP 263-064,11:03:09.99,+36:39:08.6,DR3,-188.456990689971,30.1993014020931,DR3,43.8044247408958,DR3,-10.797,DR3,13.901,DR3,11.152,UCAC4,762920503987026816
J11033+359,Lalande 21185,11:03:20.19,+35:58:11.5,DR3,-580.057087213905,-4776.58871944349,DR3,392.752945438765,DR3,-85.111,DR3,7.6911,DR3,5.4755,SDSS9,762815470562110464
J11036+136,LP 491-051,11:03:21.26,+13:37:57.0,DR3,-193.080474035616,76.5424656445148,DR3,65.8437264488412,DR3,-4.681,DR3,13.2484,DR3,10.4397,UCAC4,3968118399284369280
J11042+400,LP 214-026,11:04:15.92,+40:00:16.8,DR3,-200.596922592045,-103.776528232374,DR3,32.8238794153675,DR3,29.511,DR3,10.9677,DR3,9.1892,UCAC4,777005625896147072
J11044+304,LSPM J1104+3027,11:04:28.55,+30:27:31.5,DR3,-163.211307646782,-40.4880253690926,DR3,18.046459963913,DR3,-11.829,DR3,15.4921,DR3,12.6798,UCAC4,733540939112687104
J11054+435,BD+44 2051A,11:05:28.58,+43:31:36.4,DR3,-4406.46917882733,938.526626688607,DR3,203.887592769695,DR3,68.413,DR3,8.982,DR3,6.8779,UCAC4,778947814402602752
J11055+435,WX UMa,11:05:30.89,+43:31:17.9,DR3,-4339.84957844411,960.696130627272,DR3,203.832343857388,DR3,67.936,DR3,14.7097,DR3,10.8548,PS1,778947608243864320
J11055+450,G 176-8,11:05:33.69,+45:00:31.2,DR3,146.133618176524,-208.030284554835,DR3,34.6130765954719,DR3,-13.41,DR3,11.3298,DR3,9.3677,UCAC4,782266484092919808
J11057+102,LP 491-060,11:05:43.14,+10:14:09.4,DR3,609.538521283891,-703.359561191135,DR3,55.9882184157659,DR3,-57.342,DR3,12.6094,DR3,10.1299,UCAC4,3868080055385587840
J11075+437,HAT 141-00828,11:07:32.05,+43:45:56.3,DR3,-117.655734150181,-4.1163859745939,DR3,38.8385529304243,DR3,8.739,DR3,14.1251,DR3,11.5148,UCAC4,779004301812603008
J11081-052,GJ 1142,11:08:06.54,-05:13:47.1,DR3,-55.0265855602602,-439.736937540072,DR3,40.1795512090315,DR3,22.826,DR3,12.8044,DR3,10.3273,UCAC4,3788190605663811840
J11108+479,G 176-015,11:10:51.52,+47:57:02.0,DR3,-294.604787419036,-521.347785254232,DR3,41.4632859640948,DR3,2.197,DR3,14.7464,DR3,11.8288,UCAC4,789568993653179648
J11110+304E,HD  97101A,11:11:05.17,+30:26:45.7,DR3,591.599543898056,-197.123693141662,DR3,84.176567252449,DR3,-16.583,DR3,8.5361,DR3,6.8594,UCAC4,732857558276385664
J11110+304W,HD  97101B,11:11:02.54,+30:26:41.3,DR3,604.906859388117,-206.053902075518,DR3,84.1553572229916,DR3,-15.807,DR3,10.193,DR3,7.9911,UCAC4,732856080807636224
J11113+434,G 122-2A,11:11:19.82,+43:25:03.0,DR3,-638.589309476708,-452.734319292863,DR3,59.5953403530041,DR3,-8.437,DR3,11.9235,DR3,9.4756,UCAC4,778758492243886464
J11118+335,CW UMa,11:11:51.74,+33:32:11.2,DR3,-175.973839306124,116.547231733276,DR3,74.8838730722005,DR3,1.203,DR3,12.6293,DR3,9.9376,UCAC4,758200712885953280
J11126+189,StKM 1-928,11:12:38.97,+18:56:05.4,DR3,-20.8133824446926,6.62913139967846,DR3,59.9171678347694,DR3,31.141,DR3,11.0044,DR3,8.8338,UCAC4,3972130276695660288
J11131+002,BD+01 2535,11:13:10.07,+00:14:19.8,DR3,-413.9,-194.0,PPMXL,39.42,HIP2,52.906,EDR3,10.5315,DR3,8.6492,UCAC4,3804108716535576960
J11151+734,HD  97584B,11:15:10.98,+73:28:36.0,DR3,-376.694160900969,123.773855001955,DR3,69.1337011020132,DR3,8.393,DR3,11.8786,DR3,9.4747,PS1,1078773262224027648
J11152+194,G 56-26,11:15:12.41,+19:27:11.9,DR3,182.653044230134,-479.047272407397,DR3,53.8865916500399,DR3,23.852,DR3,13.1662,DR3,10.5117,UCAC4,3978179338700027008
J11152-181,LP 792-009,11:15:15.51,-18:07:35.9,DR3,141.404635107721,-739.675715737593,DR3,43.5751447613771,DR3,7.455,DR3,13.8907,DR3,11.2348,UCAC4,3558266708748472960
J11154+410,G 122-008,11:15:26.59,+41:05:16.2,DR3,88.1603233557447,-230.770319683764,DR3,43.2300647596078,DR3,-7.251,DR3,13.189,DR3,10.5745,UCAC4,765531741023636992
J11159+553,StKM 1-932,11:15:54.03,+55:19:50.6,DR3,-178.203525909356,-91.4600255457186,DR3,35.4861642209766,DR3,-15.651,DR3,11.4944,DR3,9.4647,UCAC4,844152289904253312
J11195+466,LP 169-022,11:19:30.61,+46:41:43.1,DR3,308.053878597736,-608.610938356465,DR3,95.5222210669127,DR3,,,16.0686,DR3,12.254,PS1,788357434914248448
J11200+658,SZ UMa,11:20:04.83,+65:50:47.3,DR3,-2946.71796961603,181.947395294499,DR3,110.230536406736,DR3,60.285,DR3,9.4977,DR3,7.5461,PS1,1057318835428596096
J11201-104,LP 733-099,11:20:06.10,-10:29:46.7,DR3,-197.888905701178,19.8402798623722,DR3,52.8248459974252,DR3,11.138,DR3,11.4622,DR3,9.2235,UCAC4,3590516110255264000
J11214-204,HD  98712B,11:21:26.59,-20:27:09.4,DR3,220.400239025832,-129.230812803563,DR3,76.1918257255418,DR3,-2.121,DR3,11.4086,DR3,9.0152,PS1,3545469496823737984
J11216+061,GJ 1146,11:21:38.50,+06:08:26.0,DR3,-766.231305473948,-1582.66636767807,DR3,50.1289713056438,DR3,47.335,DR3,13.8367,DR3,11.2937,UCAC4,3814369840081992448
J11231+258,LP 374-039,11:23:07.97,+25:53:36.8,DR3,-1010.91894782347,-323.126977268368,DR3,61.6519953529194,DR3,-17.077,DR3,15.4501,DR3,12.2235,SDSS9,3994492865736279552
J11233+448,G 122-020,11:23:20.62,+44:48:38.7,DR3,-321.858670812396,-140.314785175157,DR3,30.4644370737082,DR3,23.494,DR3,12.9743,DR3,10.5967,UCAC4,784185681638625408
J11237+085,Wolf 386,11:23:44.57,+08:33:48.6,DR3,-1003.37295188802,193.093571814117,DR3,49.5808946833649,DR3,54.85,DR3,11.4102,DR3,9.3032,UCAC4,3914019231742221568
J11238+106,BPM 87356,11:23:49.95,+10:37:08.2,DR3,155.461114157668,-77.0317223514573,DR3,41.6672397016642,DR3,-9.655,DR3,10.883,DR3,8.9678,UCAC4,3915627198778363264
J11239-183,LP 792-020,11:23:57.30,-18:21:48.8,DR3,-611.098064653735,-45.7674708747651,DR3,55.5846314855877,DR3,2.635,DR3,13.3251,DR3,10.7252,UCAC4,3546332682170832128
J11240+381,1RXS J112405.0+380809,11:24:04.36,+38:08:10.9,DR3,121.323258912868,-12.345217134519,DR3,54.1869209259388,DR3,-12.429,DR3,14.7643,DR3,11.7477,UCAC4,764072689093638528
J11247+675,Ross 448,11:24:45.65,+67:33:12.3,DR3,314.990769882413,-235.035732426277,DR3,39.158119514955,DR3,-27.228,DR3,12.0791,DR3,9.97,UCAC4,1060761818652187008
J11249+024,StKM 1-941,11:24:58.77,+02:28:24.5,DR3,-232.69404109056,146.87434317092,DR3,42.6727657363004,DR3,0.216,DR3,11.982,DR3,9.9424,UCAC4,3810811579936440960
J11254+782,G 253-50,11:25:29.42,+78:15:56.2,DR3,-640.851592075726,-202.663209185564,DR3,44.3211344985324,DR3,13.292,DR3,12.3915,DR3,10.1216,UCAC4,1129078083858403584
J11266+379,HAT 183-00276,11:26:37.59,+37:56:23.6,DR3,-142.566422614212,-49.268129558263,DR3,25.3017861178286,DR3,-6.8,Z21,12.3619,DR3,10.1862,UCAC4,761026462064121472
J11276+039,BD+04 2470,11:27:38.57,+03:58:35.9,DR3,-97.4628313656632,14.0918802302126,DR3,34.8118873981553,DR3,-2.891,DR3,10.8763,DR3,9.0387,UCAC4,3812756203689026048
J11289+101,Wolf 398,11:28:56.26,+10:10:39.2,DR3,-750.328488032518,557.946234189975,DR3,78.2924517570243,DR3,36.74,DR3,12.8511,DR3,10.1318,UCAC4,3915363693944966528
J11302+076,K2-18,11:30:14.52,+07:35:18.3,DR3,-80.4789851217696,-133.006830429641,DR3,26.2468771641788,DR3,0.019,DR3,13.7114,DR3,11.2697,UCAC4,3910747531814692736
J11306-080,LP 672-042,11:30:41.83,-08:05:43.0,DR3,-353.578539524324,257.637738494181,DR3,74.2046631032809,DR3,16.593,DR3,12.2645,DR3,9.6401,UCAC4,3592769731134725248
J11307+549,StKM 1-950,11:30:43.74,+54:57:27.4,DR3,32.445700152005,106.572244210461,DR3,24.7780120708556,DR3,-38.792,DR3,11.983,DR3,10.0455,UCAC4,844502106400567552
J11311-149,LP 732-035,11:31:08.39,-14:57:21.3,DR3,405.824819096397,-1374.42125168061,DR3,86.9000482194625,DR3,-1.286,DR3,14.4451,DR3,11.2582,UCAC4,3560746351897773952
J11315+022,LP 552-068,11:31:32.86,+02:13:43.0,DR3,-607.031724846618,-510.035128271158,DR3,35.6201587749785,DR3,43.234,DR3,12.6903,DR3,10.3837,UCAC4,3800049044727527936
J11317+226,BD+23 2359,11:31:43.39,+22:40:01.7,DR3,-584.663269242802,32.818514798943,DR3,63.2147818164707,DR3,-5.094,DR3,10.5149,DR3,8.4578,UCAC4,3980560507224374400
J11351-056,LP 673-013,11:35:07.34,-05:39:23.1,DR3,300.582166280016,-948.163006344152,DR3,54.8256611086192,DR3,29.221,DR3,15.1443,DR3,12.068,UCAC4,3593710810008880768
J11355+389,G 122-34A,11:35:31.92,+38:55:37.0,DR3,-719.720126945557,-227.106241516392,DR2,31.0404897362944,DR2,-10.6,PMSU,13.3845,DR3,10.6843,UCAC4,766993095440555520
J11376+587,Ross 112,11:37:38.94,+58:42:42.6,DR3,-309.040285268528,-275.569823573355,DR3,25.1899218361042,DR3,-10.7,Haw96,12.8356,DR3,10.4599,UCAC4,858104955021488640
J11404+770,G 254-027,11:40:29.68,+77:04:18.9,DR3,-542.392077782897,6.28316753436342,DR3,35.7759362623331,DR3,-27.896,DR3,11.9662,DR3,9.751,UCAC4,1080741250599118720
J11417+427,Ross 1003,11:41:44.64,+42:45:07.1,DR3,-575.527571923916,-89.7993694165327,DR3,90.6896037041666,DR3,-8.966,DR3,12.1394,DR3,9.361,UCAC4,772430527947893632
J11420+147,Ross 115,11:42:01.73,+14:46:36.3,DR3,-272.128073237922,226.389379959403,DR3,40.702853105553,DR3,10.237,DR3,12.8973,DR3,10.408,UCAC4,3924206653650135168
J11421+267,Ross 905,11:42:11.09,+26:42:23.7,DR3,895.08752383054,-813.549839918783,DR3,102.301385467007,DR3,8.87,DR3,10.893,DR3,8.4438,SDSS9,4017860992519744384
J11423+230,LP 375-23,11:42:18.37,+23:01:36.7,DR3,-204.891488441079,41.8388926718746,DR3,32.3697206145137,DR3,-0.079,DR3,11.8013,DR3,9.8569,UCAC4,3980045523465047168
J11433+253,LTT 13220,11:43:23.54,+25:18:13.6,DR3,-228.53517063058,-23.8385955801229,DR3,27.7535266720851,DR3,-14.942,DR3,14.1165,DR3,11.2707,PS1,4005307284150108800
J11451+183,LP 433-047,11:45:11.90,+18:20:58.4,DR3,-293.258891962027,-288.390193357388,DR3,36.3573769760011,DR3,36.427,DR3,13.5692,DR3,10.8471,UCAC4,3974796042637565696
J11467-140,GJ 443,11:46:42.91,-14:00:51.8,DR3,710.864871406546,-786.173716292337,DR3,51.5761884580818,DR3,20.05,DR3,11.9312,DR3,9.4693,UCAC4,3573119499842945280
J11470+700,G 236-81A,11:47:05.45,+70:01:58.3,DR3,-345.425784500992,-35.2577412096537,DR3,32.8579003368571,DR3,6.839,DR3,13.9128,DR3,11.0703,UCAC4,1061671217847343872
J11474+667,1RXS J114728.8+664405,11:47:28.57,+66:44:02.7,DR3,-110.014282086952,-1.09094455204155,DR3,47.4974965949561,DR3,-9.40371,Lafa20,14.8159,DR3,11.6325,UCAC4,1057008189034348032
J11476+002,LP 613-49A,11:47:40.75,+00:15:20.1,DR3,-314.283681217587,-100.756791473844,DR3,53.1360550351588,DR3,6.324,DR3,13.6052,DR3,10.7274,UCAC4,3795993633527490560
J11476+786,GJ 445,11:47:41.39,+78:41:28.2,DR3,748.418288603171,480.804300004823,DR3,190.325142715293,DR3,-111.505,DR3,11.0493,DR3,8.3473,UCAC4,1129149723913123456
J11477+008,FI Vir,11:47:44.40,+00:48:16.4,DR3,607.299076681182,-1223.028354888,DR3,296.305307913939,DR3,-31.073,Sou18,11.361,DR3,8.3278,UCAC4,3796072592206250624
J11483-112,LP 733-024,11:48:19.40,-11:17:14.3,DR3,-732.345961329513,-42.9410083555347,DR3,34.9378215912814,DR3,46.142,DR3,13.2362,DR3,10.6654,UCAC4,3587227436617483648
J11485+076,G 10-52,11:48:35.48,+07:41:40.6,DR3,136.330923079313,-174.172755323849,DR3,48.2860745093921,DR3,-11.612,DR3,13.9191,DR3,11.1422,UCAC4,3911410464311357568
J11496+220,BPM 87650,11:49:40.47,+22:03:53.1,DR3,-126.14142239848,-40.6214719267422,DR3,20.2097428348991,DR3,-1.292,DR3,11.3394,DR3,9.5396,UCAC4,4000696001102416000
J11509+483,GJ 1151,11:50:57.72,+48:22:38.6,DR3,-1545.06886110358,-962.723933105707,DR3,124.337774911111,DR3,-36.134,DR3,13.5294,DR3,10.3874,PS1,786834302080370304
J11511+352,BD+36 2219,11:51:07.34,+35:16:19.2,DR3,-273.155609215558,253.403997428587,DR3,114.085415297669,DR3,-0.35,DR3,9.9673,DR3,7.8048,UCAC4,4031586157514097024
J11519+075,RX J1151.9+0731,11:51:56.82,+07:31:26.5,DR3,-126.451092334539,-81.6837464471128,DR3,19.7052458733947,DR3,4.6,Z21,12.594,DR3,10.3209,UCAC4,3899393459350372224
J11521+039,StM 162,11:52:09.80,+03:57:23.7,DR3,70.9911454373661,-141.876603521371,DR3,62.5538341149475,DR3,30.54,Jeff18,12.8344,DR3,10.0671,UCAC4,3895876671408042496
J11529+244,G 121-028,11:52:57.92,+24:28:45.6,DR3,-316.083396261145,79.6956566980316,DR3,59.6281667908715,DR3,-9.288,DR3,14.8342,DR3,11.7694,PS1,4004586348119642240
J11532-073,GJ 452,11:53:16.09,-07:22:27.7,DR3,-166.757534312096,-507.762304520818,DR3,51.249010055875,DR3,26.603,DR3,12.0951,DR3,9.7392,UCAC4,3595317540095019520
J11533+430,TYC 3016-577-1,11:53:22.99,+43:02:57.1,DR3,168.693479202612,-54.245293510119,DR3,35.466223692711,DR3,1.527,DR3,11.7676,DR3,9.7215,UCAC4,769673124584743808
J11538+069,LP 553-059,11:53:52.68,+06:59:56.3,DR3,314.534818869575,-894.185075360532,DR3,67.1388993676002,DR3,0.0,New14,18.263,DR3,13.7974,PS1,3899128064731508736
J11541+098,Ross 119,11:54:07.89,+09:48:22.8,DR3,85.268143610164,-801.681037002412,DR3,86.7785824206808,DR3,1.52,DR3,13.0453,DR3,10.3251,UCAC4,3912369208386557440
J11549-021,2MASS J11545693-0206091,11:54:56.93,-02:06:09.2,DR3,-95.4515752724589,50.034464207023,DR3,40.6015285003191,DR3,15.703,DR3,13.6153,DR3,11.0638,UCAC4,3602189792709909504
J11551+009,Ross 129,11:55:07.21,+00:58:25.5,DR3,-740.362293136607,32.2265199434505,DR3,39.1868922712082,DR3,32.615,DR3,11.704,DR3,9.5564,UCAC4,3795389692406967424
J11557-189,LP 793-044,11:55:44.28,-18:54:31.6,DR3,522.785753361284,-312.510969037458,DR3,42.1165111538634,DR3,19.176,DR3,14.4943,DR3,11.6704,APASS9,3543109704351294848
J11557-227,LP 851-346,11:55:42.85,-22:24:58.8,DR3,-374.499651389924,-187.218361244749,DR3,91.2691704917562,DR3,-13.1,RB09,18.399,DR3,13.5926,PS1,3493736924979792768
J11575+118,Ross 122,11:57:32.80,+11:49:39.9,DR3,-682.390049450907,240.135273262636,DR3,39.5290497877194,DR3,-20.27,DR3,12.0553,DR3,9.8271,UCAC4,3919427007885527680
J11582+425,G 122-058,11:58:17.62,+42:34:29.0,DR3,133.332937137295,-375.816855889495,DR3,45.9010321456148,DR3,-3.906,DR3,14.3335,DR3,11.4117,UCAC4,768904428518069888
J11585+595,G 197-038,11:58:35.03,+59:33:22.2,DR3,-712.918829706003,-0.932586655146596,DR3,23.2149991870367,DR3,-8.905,DR3,11.2492,DR3,9.4522,UCAC4,846580561334531200
J11589+426,G 122-060,11:58:59.46,+42:39:39.7,DR3,-327.0,68.7,Gall15,,,5.5,Z21,12.3062,DR3,10.0544,UCAC4,768899274557813376
J12006-138,LP 734-11A,12:00:36.88,-13:49:36.6,DR3,-477.063242713044,-0.375900778005819,DR3,39.1065918529367,DR3,-8.22,DR3,13.0757,DR3,10.453,UCAC4,3573665957121306240
J12016-122,LTT 4484,12:01:40.78,-12:13:53.9,DR3,-54.6338728323123,-231.19743014748,DR3,40.355611954198,DR3,-38.929,DR3,12.5934,DR3,10.1809,UCAC4,3574523370032644992
J12023+285,GJ 455,12:02:18.07,+28:35:14.2,DR3,-787.345938509113,-47.7420569918551,DR3,57.1228337797663,DR3,29.663,DR3,13.1246,DR3,10.6117,UCAC4,4007861690179758464
J12054+695,Ross 689,12:05:29.68,+69:32:22.6,DR3,-456.847858149994,-55.2223620924313,DR3,64.8001597381849,DR3,6.07,DR3,13.3609,DR3,10.4878,UCAC4,1683609076745527680
J12057+784,LSPM J1205+7825,12:05:47.08,+78:25:51.3,DR3,-204.060285955762,18.9726674759951,DR3,47.2222629497434,DR3,-3.582,DR3,12.3906,DR3,10.0416,UCAC4,1717366591979606528
J12063-132,StM 164,12:06:22.14,-13:14:56.2,DR3,79.9677482572523,-64.1349658163532,DR3,32.8494060327208,DR3,-11.215,DR3,12.9885,DR3,10.3338,UCAC4,3571164636886908544
J12088+303,1RXS J120847.7+302120,12:08:49.52,+30:21:00.9,DR3,89.8276130472049,-26.8498757592219,DR3,35.3472842624523,DR3,-9.667,DR3,12.6689,DR3,10.3968,UCAC4,4014093550287412736
J12093+210,StM 165,12:09:21.82,+21:03:07.8,DR3,-104.732896260193,-122.554494532127,DR3,26.8585355720727,DR3,-8.94,DR3,13.541,DR3,11.0385,UCAC4,3951744987519137152
J12100-150,LP 734-032,12:10:05.60,-15:04:17.0,DR3,-56.4366706255321,-712.957365984458,DR3,81.5703179162274,DR3,80.47,DR3,12.3342,DR3,9.5109,UCAC4,3569610404187997696
J12104-131,LP 734-034,12:10:28.38,-13:10:24.0,DR3,246.435231854586,-343.499252465972,DR3,45.4731920626351,DR3,52.196,DR3,14.0007,DR3,11.0406,UCAC4,3571124882669324800
J12109+410,G 123-008,12:10:56.89,+41:03:28.0,DR3,8.84658262870224,229.266769220757,DR3,45.2826733813797,DR3,56.295,DR3,10.8462,DR3,9.0312,UCAC4,1536232908980349952
J12111-199,LTT 4562,12:11:11.76,-19:57:38.1,DR3,-212.868009534851,-184.260240897845,DR3,78.4814228805558,DR3,-9.307,DR3,11.9479,DR3,9.4342,UCAC4,3517841209157902720
J12112-199,LP 794-031,12:11:16.95,-19:58:21.7,DR3,-205.053657042174,-188.45853147041,DR3,78.4575779711766,DR3,-9.209,DR3,12.8919,DR3,10.2128,UCAC4,3517841140438425600
J12121+488,G 122-74A,12:12:11.36,+48:49:03.4,DR3,198.0265213783,-314.464422974362,DR3,37.6441062786732,DR3,-22.995,DR3,13.2697,DR3,10.8152,UCAC4,1546465994985741184
J12122+714,LP 039-066,12:12:15.13,+71:25:23.4,DR3,-372.054953340822,170.298314955568,DR3,42.0062794419178,DR3,-16.398,DR3,13.016,DR3,10.418,UCAC4,1684245277365708544
J12123+544N,BD+55 1519 B,12:12:21.14,+54:29:23.2,DR3,239.392388644121,89.6393619971323,DR3,65.6005392912569,DR3,-17.808,DR3,13.6699,DR3,10.8795,UCAC4,1573086507223498496
J12123+544S,HD 238090,12:12:20.86,+54:29:08.7,DR3,232.525161273991,92.1479096352557,DR3,65.5791671055504,DR3,-17.46,DR3,9.9761,DR3,8.0876,UCAC4,1573086442800134272
J12124+121,2MASS J12122605+1211381,12:12:26.07,+12:11:38.1,DR3,-72.8967050034991,7.92690014891451,DR3,28.0817129920752,DR3,16.266,DR3,13.0425,DR3,10.7805,UCAC4,3908382241785577600
J12124+396,G 123-013,12:12:29.43,+39:40:27.6,DR3,164.078970637603,-153.444728764981,DR3,34.8549276371695,DR3,13.4,PMSU,11.6249,DR3,9.4747,UCAC4,1535794513079329920
J12133+166,IV Com,12:13:20.46,+16:41:39.7,DR3,-501.761005348135,-458.302342581075,DR3,33.3483590700104,DR3,-14.485,DR3,12.1652,DR3,10.1149,UCAC4,3946585254328792192
J12142+006,GJ 1154,12:14:16.55,+00:37:26.4,DR3,-951.335674088225,-284.049377407014,DR3,123.642956583913,DR3,-13.0,New14,13.8594,DR3,10.4906,UCAC4,3698534434669937024
J12144+245,G 59-7,12:14:26.02,+24:35:26.4,DR3,11.5668762656121,-371.347682955329,DR3,36.6806630390493,DR3,-28.274,DR3,12.4211,DR3,10.1709,UCAC4,4002350285065884032
J12151+487,BD+49 2126,12:15:08.82,+48:43:57.2,DR3,-226.138150538347,-50.5499870040068,DR3,43.7973934962846,DR3,-14.802,DR3,10.7429,DR3,8.839,UCAC4,1545795533411708032
J12154+391,G 123-016,12:15:28.39,+39:11:14.6,DR3,-334.06117667016,50.9701454241155,DR3,37.11070935334,DR3,-1.328,DR3,12.1138,DR3,9.965,UCAC4,1532844111064539904
J12156+526,StKM 2-809,12:15:39.36,+52:39:08.8,DR3,105.242078530896,-1.12470391391207,DR3,39.8459331940735,DR3,-8.899,DR3,12.7983,DR3,10.19,UCAC4,1548107600202207488
J12162+508,RX J1216.2+5053,12:16:15.08,+50:53:37.9,DR3,-79.5662582594128,34.1307222033448,DR3,26.2320008026145,aDR3,-4.6,Z21,14.299,DR3,11.3318,SDSS9,1547529669400723968
J12168+029,GJ 1155,12:16:51.86,+02:58:04.9,DR3,-651.185419475862,258.32762089356,DR3,42.8204821174542,DR3,4.79,DR3,13.5221,DR3,10.8809,UCAC4,3701290326205270784
J12168+248,2MASS J12165262+2451052,12:16:52.62,+24:51:05.1,DR3,-4.88220558666206,51.6242194454766,DR3,36.735665306535,DR3,-35.703,DR3,12.4985,DR3,10.3423,PS1,4002440548098640896
J12169+311,Sand 39,12:16:58.43,+31:09:23.3,DR3,-126.4860014331,-41.6438923277856,DR3,25.9828394276633,DR3,-9.838,DR3,14.2639,DR3,11.5573,UCAC4,4013826162803146752
J12189+111,GL Vir,12:18:59.40,+11:07:33.8,DR3,-1269.77073662688,203.444138200168,DR3,154.699936607226,DR3,5.68052,Lafa20,14.1005,DR3,10.5672,UCAC4,3907283967108054528
J12191+318,G 148-43,12:19:05.93,+31:50:43.5,DR3,-295.607461194583,5.1378665388095,DR3,35.1981656195334,DR3,7.0,Jeff18,12.5667,DR3,9.9846,UCAC4,4015371320237436800
J12194+283,Wolf 408,12:19:24.09,+28:22:56.5,DR3,-647.701996742373,79.2425876283609,DR3,41.9016493650544,DR3,-1.142,DR3,10.85,DR3,8.9059,UCAC4,4010201828880793984
J12198+527,StKM 1-1007,12:19:48.06,+52:46:45.0,DR3,-170.582619158973,-121.767687266775,DR3,34.7796544093667,DR3,-4.812,DR3,11.3709,DR3,9.4846,UCAC4,1572081660971767552
J12199+364,G 123-036,12:29:55.05,+36:26:42.4,DR3,134.277482500163,-154.022381075141,DR3,33.8898507433014,DR3,-16.251,DR3,12.1845,DR3,10.0929,SDSS9,1519311253230298880
J12204+005,BD+01 2684,12:20:25.53,+00:35:00.8,DR3,54.1855305193147,-27.1332513461115,DR3,57.1262796579985,DR3,-1.5,PMSU,10.2021,DR3,8.1798,UCAC4,3699797150759489792
J12214+306E,Sand 57,12:21:26.73,+30:38:37.6,DR3,-191.036226053465,-253.760139409931,DR3,83.4631594994889,DR3,7.567,DR3,15.6037,DR3,12.0846,PS1,4015042738059517568
J12214+306W,Sand 58,12:21:27.05,+30:38:35.7,DR3,-209.778785820505,-267.270072816059,DR3,83.5038020818175,DR3,3.644,DR3,15.4932,DR3,12.0197,UCAC4,4015042738059517440
J12217+682,G 237-061,12:21:47.49,+68:16:04.0,DR3,-376.968690227061,205.658084800911,DR3,51.130751314971,DR3,-6.316,DR3,12.7936,DR3,10.3208,UCAC4,1683228851880827136
J12223+251,Wolf 409,12:22:21.27,+25:10:11.8,DR3,-693.515638400236,-205.027440518432,DR3,35.9207316689137,DR3,25.368,DR3,11.5228,DR3,9.6227,UCAC4,4008237757516459392
J12225+123,BD+28 2110,12:22:34.07,+27:36:17.0,DR3,-145.611854811869,-29.3421885895183,DR3,33.6848244881785,DR3,-22.236,DR3,11.0887,DR3,9.2435,UCAC4,4009907091045107584
J12228-040,G 13-33,12:22:50.60,-04:04:46.4,DR3,-252.3,-67.9,CC21,,,24.1,Z21,14.6135,DR3,11.5301,UCAC4,3693059553959836032
J12230+640,Ross 690,12:23:00.16,+64:01:51.0,DR3,-673.115739029437,373.311274240049,DR3,54.447353227496,DR3,8.917,DR3,11.8252,DR3,9.4291,UCAC4,1584088431025057792
J12235+279,Wolf 411,12:23:34.71,+27:54:47.7,DR3,-137.496301051349,120.760236185298,DR3,33.8737909191736,DR3,-31.266,DR3,11.5266,DR3,9.6757,UCAC4,4009947704255866752
J12235+671,G 237-064,12:23:33.20,+67:11:18.5,DR3,235.486676972063,-129.315542964413,DR3,75.6158900481285,DR3,7.1,PMSU,11.4905,DR3,9.0844,UCAC4,1680921595450031232
J12238+125,HD 107888,12:23:53.55,+12:34:48.9,DR3,39.6628777414299,-168.753861660584,DR3,46.5477820745281,DR3,6.542,DR3,10.6163,DR3,8.7151,UCAC4,3908605030329021440
J12248-182,Ross 695,12:24:52.50,-18:14:32.3,DR3,1095.5915596872,-2309.01876085905,DR3,112.673969367493,DR3,51.065,DR3,11.537,DR3,9.1794,UCAC4,3519785523672576384
J12251+604,G 197-57,12:25:06.05,+60:25:06.3,DR3,-197.943202013641,-6.06240307128265,DR3,18.8695929744454,DR3,11.538,DR3,13.269719,DR3,11.186402,UCAC4,1581657479535392256
J12269+270,CX Com,12:26:57.36,+27:00:53.7,DR3,89.9374668038837,-250.280132789504,DR3,37.6364483055358,DR3,-4.715,DR3,15.1227,DR3,12.0396,UCAC4,4009083969152655872
J12274+374,G 148-061,12:27:29.42,+37:26:33.4,DR3,-225.447424543621,105.937421577865,DR3,38.508389670918,DR3,-16.76,DR3,12.3507,DR3,10.2075,UCAC4,1531805244374691584
J12277-032,G  13-39A,12:27:44.70,-03:15:00.8,DR3,-293.682726071252,-28.9841291662263,DR3,40.4578739751389,DR3,4.119,DR3,13.102,DR3,10.4654,UCAC4,3693536394118295808
J12288-106N,Ross 948 A,12:28:52.95,-10:39:50.8,DR3,-280.423366575409,-1.31749254973507,DR3,51.5052546078535,DR3,-7.231,DR3,11.9084,DR3,9.5991,UCAC4,3578493912678529152
J12288-106S,Ross 948 B,12:28:53.16,-10:39:48.6,DR3,-279.622164898228,3.77427510910283,DR3,51.4416274348279,DR3,-5.559,DR3,11.8469,DR3,9.5469,PS1,3578493912677730048
J12289+084,Wolf 414,12:28:57.59,+08:25:31.1,DR3,-638.329319345464,-243.232375673935,DR3,72.2664230525467,DR3,-10.0,PMSU,12.3166,DR3,9.5357,UCAC4,3902745286187581312
J12290+417,G 123-035,12:29:02.92,+41:43:49.4,DR3,-187.671511267282,-216.382780346713,DR3,42.5363237675509,DR3,-0.77,Jeff18,13.18,DR3,10.422,UCAC4,1534831272173203072
J12292+535,GJ 1159 A,12:29:14.42,+53:32:44.9,DR3,-1221.39440900882,134.776672940901,DR3,39.9078252503672,DR3,-30.747,DR3,14.4162,DR3,11.6487,PS1,1572366022165982080
J12294+229,LP 377-100,12:29:27.12,+22:59:46.7,DR3,-172.386746241624,-22.3832583581111,DR3,44.0822356580766,DR3,-23.8,DR3,14.4158,DR3,11.5603,UCAC4,3953011178238339584
J12299-054E,LP 675-077,12:29:54.65,-05:27:20.5,DR3,-560.820306920124,-293.694828851971,DR3,47.0896320649271,DR3,-13.495,DR3,14.4811,DR3,11.584,PS1,3680612223339219328
J12299-054W,LP 675-076,12:29:54.18,-05:27:24.4,DR3,-570.172300792547,-304.265589058898,DR3,46.9866355762959,DR3,-16.651,DR3,13.3132,DR3,10.5256,UCAC4,3680612219043341824
J12312+086,BD+09 2636,12:31:15.81,+08:48:38.2,DR3,-636.24223084689,-522.109089965227,DR3,72.8931738376979,DR3,18.658,DR3,9.9053,DR3,7.9818,UCAC4,3902785006045478656
J12323+315,LP 321-035,12:32:20.31,+31:35:59.8,DR3,-421.028405348963,215.903928660637,DR3,30.711981444028,DR3,-4.997,DR3,13.4529,DR3,10.9358,UCAC4,4012494070106667264
J12324+203,StKM 1-1021,12:32:26.32,+20:23:27.6,DR3,42.5958473100733,25.261464199721,DR3,43.817566714396,DR3,-5.958,DR3,13.2106,DR3,10.6414,UCAC4,3949199167129128832
J12327+682,LP 039-249,12:32:44.97,+68:15:45.1,DR3,-108.629940016332,-186.491442742662,DR3,30.0950565940893,DR3,-16.802,DR3,11.3317,DR3,9.5171,UCAC4,1682536812390422912
J12332+090,Wolf  424 A,12:33:17.37,+09:01:15.3,DR3,-1710.46765406467,203.097808640446,DR3,223.477473824233,DR3,1.0,New14,13.0375,DR3,9.5396,UCAC4,3902874650601954816
J12349+322,2MASS J12345401+3214279,12:34:54.00,+32:14:28.0,DR3,22.6218345885834,76.6178437096788,DR3,30.23029492571,DR3,-2.117,DR3,13.7283,DR3,11.0855,UCAC4,4012632746010535296
J12350+098,GJ 476,12:35:00.71,+09:49:42.6,DR3,-449.178920562642,-319.149551061337,DR3,54.9739195459864,DR3,32.853,DR3,11.6419,DR3,9.3603,UCAC4,3903318372263850368
J12363-043,LP 675-019,12:36:22.86,-04:22:39.5,DR3,-483.254028606918,-138.284705050315,DR3,35.5432819230116,DR3,56.569,DR3,13.5934,DR3,11.082,APASS9,3680418881090968576
J12364+352,G 123-045,12:36:28.63,+35:12:00.8,DR3,-357.599919678756,-116.000952084054,DR3,84.2224934639586,DR3,7.897,DR3,14.0342,DR3,10.9723,UCAC4,1518564478676515712
J12368-019,2MASS J12365214-0159007,12:36:52.13,-01:59:00.8,DR3,-161.030775525672,-73.2591842250939,DR3,35.3536211765378,DR3,21.855,DR3,13.7675,DR3,11.0707,UCAC4,3683234524210341376
J12373-208,LP 795-038,12:37:21.57,-20:52:35.5,DR3,-40.1096682013406,-427.789930353114,DR3,41.815551645207,DR3,8.992,DR3,13.531,DR3,10.728,UCAC4,3515253160648329088
J12387-043,GJ 1162,12:38:47.27,-04:19:17.1,DR3,-748.133504537676,-198.353650083845,DR3,53.5225343564914,DR3,21.114,DR3,13.778,DR3,10.9987,UCAC4,3680458326070745728
J12388+116,Wolf 433,12:38:52.44,+11:41:46.1,DR3,-1155.75642143646,-250.862436493735,DR3,70.1138978460718,DR3,-4.34,DR3,11.7504,DR3,9.1597,UCAC4,3928391218812375808
J12390+470,G 123-049,12:39:04.70,+47:02:23.1,DR3,384.667952885001,-118.333389568106,DR3,43.5216213256842,DR3,-10.846,DR3,12.467,DR3,10.0941,UCAC4,1542896911520969600
J12397+255,LP 377-036,12:39:43.53,+25:30:45.8,DR3,-179.931472169815,-159.116316545965,DR3,43.3207094904607,DR3,-1.822,DR3,14.9818,DR3,12.0005,UCAC4,3959759155975996672
J12416+482,G 198-071,12:41:37.89,+48:14:24.8,DR3,216.58140814562,-157.821563749572,DR3,42.2805367246121,DR3,-25.884,DR3,11.8868,DR3,9.7305,UCAC4,1543433713713273344
J12417+567,RX J1241.7+5645,12:41:47.37,+56:45:13.7,DR3,116.233066694833,-0.606686766527636,DR3,41.8541163791309,DR3,-9.351,DR3,13.7374,DR3,11.0639,UCAC4,1577483492879086464
J12428+418,G 123-055,12:42:49.88,+41:53:47.1,DR3,-548.832607998624,40.5761522143127,DR3,69.8404026558234,DR3,-4.495,DR3,12.6095,DR3,9.8352,UCAC4,1534239391319888384
J12436+251,Sand 128,12:43:36.05,+25:06:21.8,DR3,-367.696371387705,-43.5248536610253,DR3,44.5508719539594,DR3,-25.52,DR3,13.1832,DR3,10.5718,UCAC4,3960988409975710080
J12440-111,LP 735-029,12:44:00.74,-11:10:30.4,DR3,-478.938780258586,-153.023756330722,DR3,70.5719536538671,DR3,1.612,DR3,14.4305,DR3,11.3534,SDSS9,3530383784971799680
J12470+466,Ross 991,12:47:00.99,+46:37:33.4,DR3,-761.356320289319,-298.65175455806,DR3,49.5087102128119,DR3,-1.074,DR3,11.9984,DR3,9.5971,UCAC4,1542683331386097280
J12471-035,LP 616-013,12:47:09.78,-03:34:17.7,DR3,-507.947269103964,-13.6432351301807,DR3,48.0323878073672,DR3,-18.663,DR3,12.838,DR3,10.3025,UCAC4,3681919233426269056
J12479+097,Wolf 437,12:47:56.62,+09:45:05.0,DR3,-1008.26706719961,-460.033946083774,DR3,123.775637883824,DR3,19.195,DR3,11.6426,DR3,8.8883,UCAC4,3735000631158990976
J12481+472,G 123-061,12:48:09.75,+47:13:32.2,DR3,198.606093898149,-558.949744045889,DR3,29.5654060230189,DR3,-28.69,DR2,13.9291,DR3,11.2622,UCAC4,1543076475509704192
J12485+495,RX J1248.5+4933,12:48:34.49,+49:33:54.0,DR3,108.581820097797,-16.9214048468088,DR3,37.2245141224932,DR3,-11.465,DR3,12.7472,DR3,10.1826,UCAC4,1567471477437161344
J12490+661,DP Dra,12:49:02.76,+66:06:36.9,DR3,-434.99,-105.61,HIP2,97.91,HIP2,22.4,PMSU,11.1525,DR3,8.517,UCAC4,1677568531661779072
J12495+094,Wolf 439,12:49:34.20,+09:28:31.1,DR3,-425.300173296205,33.7069356509588,DR3,45.8082666507679,DR3,-7.115,DR3,13.3394,DR3,10.6833,UCAC4,3734930606012228096
J12505+269,LTT 13677,12:50:34.57,+26:55:23.1,DR3,-185.6,-172.6,PPMXL,,,9.3,Z21,14.386,DR3,11.6311,UCAC4,3961593107011514368
J12508-213,DENIS J125052.6-212113,12:50:52.65,-21:21:13.6,DR3,449.812178118364,-331.421594360649,DR3,56.7876556207336,DR3,,,18.5511,DR3,13.8462,PS1,3502592975744957824
J12513+221,LP  377-78 A,12:51:23.91,+22:06:15.0,DR3,-177.271639786076,45.0505303559724,DR3,29.9430886429991,DR3,58.314,DR3,13.4085,DR3,10.8509,SDSS9,3954959611626259712
J12576+352E,BF CVn,12:57:40.26,+35:13:29.6,DR3,-277.647799170446,-107.826141990886,DR3,56.1107043868019,DR3,-8.831,DR3,10.8081,DR3,8.758,PS1,1515952176488267008
J12576+352W,BD+36 2322B,12:57:39.31,+35:13:19.1,DR3,-284.576998368654,-140.731087622188,DR2,49.5474839349806,DR2,-10.54,Jeff18,13.4607,DR3,10.5827,PS1,1515952176488266496
J12583+405,LP 041-165,12:58:21.66,+40:33:23.2,DR3,219.900221994363,-153.858130655811,DR3,24.5861668194884,DR3,,,12.1034,DR3,10.0313,UCAC4,1526985908816139008
J12594+077,LP 556-064,12:59:24.04,+07:43:54.8,DR3,-677.914874218991,0.0244541046412718,DR3,55.077022125519,DR3,18.485,DR3,16.177,DR3,12.7464,UCAC4,3730621070186855424
J13000-056,Ross 972,13:00:03.95,-05:37:47.8,DR3,-344.02477348986,43.6622155471002,DR3,52.6218777600695,DR3,-3.432,DR3,12.8052,DR3,10.2058,UCAC4,3677448412989388032
J13005+056,FN Vir,13:00:33.52,+05:41:08.0,DR3,-940.630492902648,227.749615882176,DR3,117.032705097078,DR3,-27.493,DR3,13.6556,DR3,10.4682,UCAC4,3705324881045028992
J13007+123,DT Vir,13:00:46.56,+12:22:32.7,DR3,-628.715307663382,-33.4718483083726,DR3,86.900969322598,DR3,-12.326,DR3,9.993,DR3,7.8463,UCAC4,3737308025029348608
J13019+335,G 164-038,13:01:56.50,+33:35:25.4,DR3,-422.97734660348,-152.506963283835,DR3,32.6556488158066,DR3,-6.941,DR3,12.3314,DR3,10.2851,UCAC4,1467576173127694464
J13027+415,G 123-084,13:02:47.43,+41:31:09.6,DR3,-547.18132853308,-183.238503990417,DR3,37.8578368360416,DR3,6.376,DR3,13.2093,DR3,10.627,UCAC4,1527405136279905280
J13047+559,GJ 497 A,13:04:46.60,+55:54:10.1,DR3,-164.873016704579,29.3093790717301,DR3,28.8804522431543,DR3,-22.168,DR3,11.2492,DR3,9.3798,UCAC4,1564804508903241088
J13054+371,G 164-42A,13:05:29.84,+37:08:10.3,DR3,-286.855767796812,-192.07488324765,DR3,36.0741738750981,DR3,18.1,PMSU,11.9572,DR3,9.634,UCAC4,1522552819667933952
J13068+308,Sand 214,13:06:50.31,+30:50:54.0,DR3,182.153755275628,-474.770634405871,DR3,70.8959459632381,DR3,10.144,DR3,15.7386,DR3,12.264,PS1,1466009540856759680
J13084+169,MCC 686,13:08:24.77,+16:58:19.2,DR3,-117.043131458395,-43.387986146946,DR2,38.2410033674787,DR2,-20.276,EDR3,12.0062,DR3,9.8276,UCAC4,3937082209690529408
J13088+163,LP 437-012,13:08:50.54,+16:22:03.8,DR3,-527.922760686179,-183.406107097935,DR2,35.9183140429077,DR2,16.021,DR3,13.236,DR3,10.7626,UCAC4,3936630138611885312
J13089+490,StKM 1-1049,13:08:55.62,+49:04:49.4,DR3,-99.3129245158876,56.4420084810848,DR3,56.1295738042778,DR3,11.016,DR3,11.2688,DR3,9.2037,UCAC4,1554835340053676800
J13095+289,NLTT 33085,13:09:34.97,+28:59:06.4,DR3,-338.560423186421,-203.979757156239,DR3,77.8955606274221,DR3,-2.924,DR3,14.38,DR3,11.2969,UCAC4,1461125613285603840
J13102+477,G 177-025,13:10:12.63,+47:45:18.7,DR3,-636.059460768657,-616.391541595204,DR3,82.0393097046514,DR3,-11.917,DR3,14.7369,DR3,11.4936,UCAC4,1554433777791815808
J13113+285,LP 322-936,13:11:21.62,+28:32:41.5,DR3,-404.024586149288,-448.007977188977,DR3,53.5504574301716,DR3,-4.627,DR3,16.1182,DR3,12.7796,PS1,1461049369026235904
J13118+253,LP 378-688,13:11:51.79,+25:20:50.9,DR3,-462.93864383128,-171.362367488477,DR3,40.6903134231651,DR3,-25.079,DR3,15.9419,DR3,12.7047,PS1,1447300972552225024
J13119+658,PM J13119+6550,13:11:59.56,+65:50:01.7,DR3,-150.557397716062,-25.3390662343902,DR3,27.7400316048328,DR3,-41.793,DR3,13.2478,DR3,11.0511,UCAC4,1678074272650459008
J13130+201,GJ 1168,13:13:04.77,+20:11:26.7,DR3,-610.280484861051,146.805788588633,DR3,45.4204356951161,DR3,-42.669,DR3,13.1667,DR3,10.5023,SDSS9,3940052815229913344
J13140+038,G 62-18,13:14:05.84,+03:53:58.9,DR3,-736.058617071818,9.57080047455787,DR3,51.2930740754001,DR3,-17.901,DR3,13.7869,DR3,11.0977,UCAC4,3716608138087936128
J13142+792,G 255-29A,13:14:15.50,+79:14:48.4,DR3,-251.957868317061,-157.825990841962,DR3,24.4143266049181,DR3,-63.565,DR3,11.8394,DR3,9.9712,UCAC4,1718226375712852992
J13143+133,NLTT 33370,13:14:20.35,+13:20:00.8,DR3,-247.4,-185.2,Gall15,61.0,Lep09,8.222,DR3,16.0328,DR3,12.0894,PS1,3742871034173807488
J13165+278,GJ 1169,13:16:32.84,+27:52:29.8,DR3,-742.077948078418,230.821450113439,DR3,64.8005748206155,DR3,0.219,DR3,13.5112,DR3,10.8607,UCAC4,1461507384337635840
J13167-123,LP 737-014,13:16:45.41,-12:20:20.4,DR3,-284.937454100817,-52.0537419668774,DR3,44.7966161977208,DR3,-21.28,DR3,13.9231,DR3,11.1675,UCAC4,3621610157353795584
J13168+170,HD 115404B,13:16:51.55,+17:00:59.9,DR3,649.66552668651,-263.936591460955,DR3,90.947500081669,DR3,5.95,DR3,9.8873,DR3,7.8666,PS1,3936909723803146496
J13168+231,LP 378-924,13:16:53.07,+23:10:07.0,DR3,267.773483838356,-93.4297071464569,DR3,35.9638713905783,DR3,-4.445,DR3,11.9076,DR3,9.7629,UCAC4,1445977882106817024
J13179+362,G 164-062,13:17:58.40,+36:17:56.9,DR3,-72.1260636261849,-337.41007680847,DR3,42.2252705999226,DR3,25.2,DR3,11.4855,DR3,9.4382,UCAC4,1474445475101294848
J13180+022,G 62-28,13:18:01.72,+02:14:02.0,DR3,-274.235181045154,-96.5653318698057,DR2,74.4454452263958,DR2,4.79,Jeff18,13.2066,DR3,10.4604,UCAC4,3688439268658769408
J13182+733,PM J13182+7322,13:18:13.55,+73:22:07.3,DR3,72.055380029972,-107.548989933012,DR3,39.5338847875112,DR3,-57.957,DR3,13.9204,DR3,11.1925,UCAC4,1688578280891900416
J13195+351E,G 164-65,13:19:34.70,+35:06:25.2,DR3,372.826363168132,-801.152898778873,DR3,73.9230605881877,DR3,-7.511,DR3,12.3716,DR3,9.8576,PS1,1473166433840437888
J13195+351W,BD+35 2436,13:19:33.59,+35:06:36.6,DR3,389.389122516632,-778.706513560486,DR3,72.9733353977485,DR3,-9.134,EDR3,9.7252,DR3,7.6824,UCAC4,1473166433840438016
J13196+333,Ross 1007,13:19:40.13,+33:20:47.5,DR3,-298.392739429139,-142.664087677068,DR3,59.3148301381614,DR3,-12.336,DR3,10.8409,DR3,8.6577,UCAC4,1472718211053416320
J13197+477,BD+48 2108,13:19:45.54,+47:46:40.9,DR3,226.462593733781,-23.8134649356516,DR2,109.983741404467,DR2,15.5,PMSU,8.7237,DR3,6.6463,,1552921051659352960
J13209+342,BD+35 2439,13:20:58.05,+34:16:44.2,DR3,483.883941998429,-297.068746357504,DR3,60.0294077790444,DR3,-35.799,DR3,10.8363,DR3,8.7456,UCAC4,1472903753640492160
J13215+035,LSPM J1321+0332,13:21:30.06,+03:32:59.3,DR3,84.2784971296082,173.189498528489,DR3,35.9999743893839,DR3,-18.462,DR3,12.2026,DR3,10.1508,UCAC4,3715645373922988928
J13215+037,LP 557-059,13:21:35.25,+03:45:55.2,DR3,-517.61366862755,-42.637424190994,DR3,43.4912732384708,DR3,7.095,DR3,12.161,DR3,9.9291,UCAC4,3715722687629983104
J13229+244,Ross 1020,13:22:56.75,+24:28:03.6,DR3,-615.705165028806,-864.893495901964,DR3,72.7265182164067,DR3,-19.012,DR3,13.1963,DR3,10.4022,UCAC4,1446540213584440704
J13235+292,HD 116495A,13:23:32.78,+29:14:15.0,DR3,-470.535305429385,247.459886668949,DR3,55.2099850838894,DR3,-38.552,EDR3,9.5756,DR3,7.7982,UCAC4,1462061709995883136
J13239+694,LP 040-109,13:23:56.00,+69:27:06.2,DR3,52.4708883628529,-172.192511471212,DR3,31.827359945642,DR3,-8.341,DR3,11.379,DR3,9.5662,UCAC4,1685249406359879808
J13247-050,G 14-52,13:24:46.49,-05:04:20.0,DR3,64.3778960783704,-303.103107829041,DR3,40.5623754715068,DR3,-1.307,DR3,14.1081,DR3,11.2015,UCAC4,3635087494146425600
J13251-114,2MASS J13251172-1126368,13:25:11.73,-11:26:37.1,DR3,-105.439259722057,214.30885543636,DR3,27.8740120521375,DR3,12.403,DR3,12.1026,DR3,10.282,UCAC4,3611237880053847296
J13254+377,BD+38  2445,13:25:28.34,+37:43:09.9,DR3,-197.8100437763,57.4123521183296,DR3,29.6316801947321,DR3,-5.123,DR3,11.3843,DR3,9.5699,UCAC4,1476094879982450304
J13255+688,2MASS J13253177+6850106,13:25:31.78,+68:50:10.6,DR3,-4.8872241915398,-45.8855557107324,DR3,14.1558430120859,DR3,-17.927,DR3,13.1593,DR3,11.2516,UCAC4,1685195530290375168
J13260+275,PM J13260+2735A,13:26:02.70,+27:35:02.5,DR3,-2.47384248602024,72.8488510159239,DR3,21.8676626562062,DR3,-6.033,DR3,13.5662,DR3,11.0227,UCAC4,1449301838900762880
J13282+300,BD+30  2400,13:28:17.76,+30:02:46.0,DR3,-185.629574100148,-183.462557933035,DR3,24.6975793985279,DR3,3.482,DR3,11.3412,DR3,9.5859,UCAC4,1462178597530771456
J13283-023E,Ross 486B,13:28:21.51,-02:21:31.9,DR3,155.739981431075,-479.057299097243,DR3,75.5950214813211,DR3,-39.962,DR3,14.1091,DR3,11.0389,PS1,3637980098784983936
J13283-023W,Ross 486A,13:28:21.08,-02:21:37.1,DR3,152.317663778972,-494.27661523836,DR3,75.8783566043886,DR3,-39.954,DR3,11.5534,DR3,9.0243,UCAC4,3637980103080627328
J13293+114,GJ 513,13:29:21.31,+11:26:26.7,DR3,328.792576077261,-1190.92798852547,DR3,52.323102285216,DR3,28.146,DR3,12.3817,DR3,9.8669,UCAC4,3738495703745045120
J13294-143,1RXS J132923.9-142206,13:29:24.09,-14:22:12.3,DR3,108.619650495734,-41.8568264187408,DR3,41.4490450607073,DR3,-2.226,DR3,13.3034,DR3,10.6746,UCAC4,3608139353206904192
J13299+102,BD+11 2576,13:29:59.79,+10:22:37.8,DR3,1127.34053320433,-1073.88813648458,DR3,131.101345193847,DR3,14.117,DR3,9.2667,DR3,7.1788,SDSS9,3738099879558957952
J13300-087,Ross 476,13:30:02.80,-08:42:25.5,DR3,-1114.01531936976,-473.858639202786,DR3,62.2806924078119,DR3,14.357,DR3,14.5025,DR3,11.4276,PS1,3630015546177181952
J13305+191,GJ 1171,13:30:31.06,+19:09:34.1,DR3,-503.586348782206,-1283.73128115392,DR3,66.8313857824834,DR3,-23.022,DR3,15.03,DR3,11.9155,UCAC4,3746973763029907328
J13317+292,DG CVn,13:31:46.62,+29:16:36.7,DR3,-242.833988568647,-149.762445480684,DR2,54.6875438989681,DR2,-8.936,DR3,12.256,DR3,9.3622,UCAC4,1450067137649786752
J13318+233,G 150-007,13:31:50.58,+23:23:20.4,DR3,-280.150701030404,47.7766458887957,DR3,51.6462761989496,DR3,-7.649,DR3,12.4901,DR3,10.1054,UCAC4,1443068608699851008
J13319+311,BD+31 2500,13:31:58.24,+31:08:05.0,DR3,-131.97,15.9,HIP2,31.24,HIP2,-14.5,D22,10.6343,DR3,8.7632,UCAC4,1468339715234682112
J13326+309,LP 323-169,13:32:39.09,+30:59:06.6,DR3,-193.149506326008,-78.3469507666624,DR3,44.5832943002492,DR3,-11.797,DR3,14.5259,DR3,11.4455,UCAC4,1468322432286288128
J13327+168,VW Com,13:32:44.60,+16:48:39.1,DR3,288.261303678842,-206.831130799452,DR3,60.0955142635427,DR3,-4.659,DR3,12.1475,DR3,9.701,UCAC4,3745619095984248448
J13335+704,2MASS J13333371+7029412,13:33:33.69,+70:29:41.2,DR3,-130.815436930283,23.625061251833,DR3,48.9786877833493,DR3,-29.183,DR3,13.5552,DR3,10.845,UCAC4,1686890393104529920
J13343+046,BD+05 2767,13:34:21.50,+04:40:02.6,DR3,153.856299969537,-123.409453970312,DR3,48.9678133493809,DR3,14.4,DR3,10.1548,DR3,8.3474,UCAC4,3714667225186824064
J13348+201,LP 379-062,13:34:49.35,+20:11:38.7,DR3,50.7652949379389,-184.510970040952,DR3,17.4894676580445,DR3,24.629,DR3,13.9862,DR3,11.318,SDSS9,1249132315386361600
J13348+745,LP 021-568,13:34:51.57,+74:30:13.0,DR3,-436.228286247745,-26.8770259429059,DR3,25.4918060696248,DR3,-6.934,DR3,13.7888,DR3,11.1844,PS1,1712527259053051392
J13358+146,G 150-017,13:35:50.76,+14:41:11.8,DR3,-20.7729007046432,-274.313444734504,DR3,39.7387092102129,DR3,12.304,DR3,12.6464,DR3,10.1872,UCAC4,3741794788384670464
J13369+229,Ross 1021,13:36:55.23,+22:58:00.9,DR3,102.43348013765,-169.809523470723,DR3,42.5512859369696,DR3,-14.816,DR3,12.9071,DR3,10.4903,UCAC4,1442207244418843264
J13376+481,G 177-45,13:37:40.44,+48:07:54.2,DR3,-218.421560593161,-136.691323312818,DR3,47.1943803138093,DR3,-18.733,DR3,14.7379,DR3,11.8516,UCAC4,1552284438717188608
J13378+481,BD+48  2138A,13:37:51.22,+48:08:17.0,DR3,-241.457878503032,-137.568755838191,DR3,47.2090630075783,DR3,-20.161,DR3,10.2599,DR3,8.434,UCAC4,1552284674943267072
J13386+258,Ross 1022,13:38:37.05,+25:49:49.6,DR3,-579.678371763026,69.3152018701365,DR3,43.8328050114907,DR3,-31.33,DR3,12.8134,DR3,10.3066,UCAC4,1445407544810063232
J13386-115,2MASS J13384087-1132077,13:38:40.88,-11:32:07.7,DR3,149.370546270281,-86.7405189700579,DR3,51.0973040272031,DR3,-0.163,DR3,14.4909,DR3,11.483,UCAC4,3610474857638415616
J13388-022,Ross 488,13:38:53.44,-02:15:47.3,DR3,-301.818440540852,-77.3562202494661,DR3,55.3935687827431,DR3,-31.744,DR3,12.3548,DR3,10.0158,UCAC4,3637468383496879104
J13394+461,BD+46 1889,13:39:24.10,+46:11:11.4,DR3,-42.3320502324405,389.166861307563,DR3,74.7985459979467,DR3,-65.715,DR3,10.4584,DR3,8.3808,UCAC4,1503625448550796032
J13401+437,Ross 1026,13:40:08.79,+43:46:38.0,DR3,-1083.8719435583,304.48891406108,DR3,57.9166465888808,DR3,-41.036,DR3,13.0066,DR3,10.2616,PS1,1501656395023984640
J13413-091,2MASS J13412122-0907171,13:41:21.23,-09:07:17.0,DR3,95.4393730812738,39.4938042763269,DR3,40.0672868966738,DR3,-11.201,DR3,13.5341,DR3,11.0096,UCAC4,3618109522784875008
J13414+489,StM 186,13:41:27.66,+48:54:46.1,DR3,108.1,-166.4,PPMXL,,,-24.3,Z21,13.257,DR3,10.6217,UCAC4,1558280625379648640
J13415+148,LTT 18344,13:41:31.86,+14:49:26.9,DR3,-254.690052160004,44.4982562669554,DR3,30.170530838831,DR3,-21.306,DR3,12.2935,DR3,10.1619,UCAC4,3741943497332221696
J13417+582,StM 187,13:41:46.32,+58:15:19.8,DR3,81.7750487687697,-59.3569496753611,DR3,46.251038236902,DR3,-10.55,DR3,12.8642,DR3,10.2986,UCAC4,1658968059093995136
J13421-160,LP 798-025,13:42:09.83,-16:00:23.3,DR3,-495.335795282192,-49.5174280198125,DR3,49.4577824249283,DR3,-50.1,PMSU,13.6923,DR3,10.7408,UCAC4,3605249600427076352
J13427+332,Ross 1015,13:42:43.27,+33:17:24.3,DR3,-111.804655418224,-712.40834051315,DR3,108.790348106595,DR3,6.011,DR3,12.2643,DR3,9.4993,UCAC4,1470462322431834880
J13430+090,G 63-50,13:43:01.27,+09:04:23.7,DR3,-332.078889661586,-117.599710449676,DR3,46.0127055043588,DR3,-15.935,DR3,13.3663,DR3,10.7161,UCAC4,3724962880270554752
J13434+111,TYC 896-760-1,13:43:24.95,+11:06:44.1,DR3,72.4178687353894,-129.037600749089,DR3,30.6631539319422,DR3,0.485,DR3,11.5809,DR3,9.6265,UCAC4,3726433270914177792
J13444+516,Ross 492,13:44:28.31,+51:41:08.7,DR3,-758.5,-3.6,PPMXL,41.1,vAl95,17.0,PMSU,12.7826,DR3,10.4503,UCAC4,1559243419606846976
J13445+249,LP  379-98 A,13:44:33.67,+24:57:05.2,DR3,-244.131012630057,-96.3643531597013,DR3,22.1147336155128,DR3,-18.751,DR3,12.012,DR3,10.0154,UCAC4,1444367711752056960
J13450+176,BD+18 2776,13:45:05.08,+17:47:07.6,DR3,450.973843063076,-1833.25269148961,DR3,77.4412224590835,DR3,20.752,DR3,10.0032,DR3,8.1754,UCAC4,1244644727396803584
J13455+609,MCC 699,13:45:31.36,+60:58:57.5,DR3,-35.8284708306659,48.8911632805607,DR3,30.9257212666007,DR3,-29.416,DR3,11.1906,DR3,9.3358,UCAC4,1664106420528799872
J13457+148,HD 119850,13:45:43.78,+14:53:29.5,DR3,1776.00617956645,-1455.15571800563,DR3,183.996195254685,DR3,15.581,DR3,8.6843,DR3,6.5694,SDSS9,3741297293732404352
J13458-179,LP 798-034,13:45:50.71,-17:58:05.6,DR3,-307.050009209458,-552.440218063657,DR3,89.3255749858766,DR3,4.572,DR3,12.0994,DR3,9.3958,UCAC4,6294928369390563968
J13477+214,BD+22  2632A,13:47:42.40,+21:27:37.7,DR3,79.5918164331017,-89.4485834467852,DR3,33.4185765666286,DR3,5.998,DR3,11.3632,DR3,9.4692,UCAC4,1250935029124246528
J13481-137,LP  738-14,13:48:07.28,-13:44:31.6,DR3,-687.920348956632,-513.013997652251,DR3,55.0284158986349,DR3,-17.625,DR3,15.3514,DR3,12.2323,UCAC4,3606183188877989376
J13482+236,LP  380-6,13:48:13.41,+23:36:48.7,DR3,-1482.59147244966,122.334828277187,DR3,84.2246337028907,DR3,-13.233,DR3,15.621,DR3,12.0912,SDSS9,1251824607045654016
J13485+563,Ross 493,13:48:35.00,+56:20:08.1,DR3,-353.541560881004,95.0169905873507,DR3,31.324306164169,DR3,-31.4,DR3,12.0613,DR3,9.9471,UCAC4,1658477436390808192
J13488+041,Wolf 1494,13:48:48.61,+04:06:02.3,DR3,-0.714620865856575,-180.330556277833,DR3,61.4768624067497,DR3,-0.301,DR3,14.63,DR3,11.5697,UCAC4,3713826030072008192
J13490+026,Wolf 1495 A,13:49:01.01,+02:47:28.6,DR3,153.371415453891,-331.73949847386,DR3,54.9303947634894,DR3,7.1,PMSU,11.407,DR3,9.1597,UCAC4,3665076433274962944
J13503-216,LP 798-041,13:50:23.77,-21:37:19.9,DR3,-33.3890077225431,-376.525160462038,DR3,47.4128170061431,DR3,46.88,DR3,13.8404,DR3,11.0972,UCAC4,6288413183175704960
J13507-216,LP 798-044,13:50:44.00,-21:41:27.0,DR3,-35.8271357390474,-377.351283926302,DR3,47.4348322137826,DR3,46.045,DR3,12.9911,DR3,10.4391,PS1,6288409919000551424
J13508+367,Ross 1019,13:50:51.76,+36:44:17.2,DR3,-439.427938052368,83.2802264918345,DR3,59.1816091994606,DR3,-10.334,DR3,13.8257,DR3,10.9995,UCAC4,1495487688115551744
J13518+127,RX J1351.8+1247,13:51:52.92,+12:47:07.1,DR3,91.1157553547003,-10.179919349023,DR3,37.506879287798,DR3,-7.319,DR3,12.4064,DR3,10.1924,UCAC4,3728528871357360512
J13526+144,G 150-046,13:52:36.21,+14:25:20.2,DR3,46.3332668363235,-280.643759513134,DR3,40.6639800573122,DR3,3.196,DR3,11.8974,DR3,9.5512,SDSS9,3728979323235476352
J13528+656,LP 066-278,13:52:50.03,+65:37:19.7,DR3,-548.276097564844,-125.158560779828,DR3,36.1849625672378,DR3,-53.381,DR3,12.0886,DR3,9.9167,UCAC4,1671341275759472256
J13528+668,LP 066-274,13:52:50.53,+66:49:06.0,DR3,-472.049284685656,-548.651566083761,DR3,61.472411274809,DR3,-40.395,DR3,15.9858,DR3,12.5533,UCAC4,1672538231604762624
J13529+536,LP 097-259,13:52:55.61,+56:36:20.1,DR3,79.5787180265481,-195.525397119419,DR3,34.7555661069817,DR3,10.792,DR3,11.9673,DR3,9.9285,UCAC4,1657836867788496640
J13534+129,BD+13 2721,13:53:27.56,+12:56:32.6,DR3,-171.757793379958,-604.268811832805,DR2,45.6153760446996,DR2,55.796,DR3,9.9826,DR3,8.1455,UCAC4,3728535399707693696
J13536+776,RX J1353.6+7737,13:53:38.79,+77:37:08.2,DR3,224.246002197915,-15.1233207868351,DR3,75.4802939515155,DR3,-7.26,DR3,13.1232,DR3,10.3202,UCAC4,1714831771000745344
J13537+521,PM J13537+5210A,13:53:45.90,+52:10:29.4,DR3,-2.13857192659853,-134.325709452003,DR3,21.1651370971901,DR3,-31.663,DR3,13.5939,DR3,10.9072,UCAC4,1512602170717804672
J13537+788,LTT 18361,13:53:47.15,+78:51:06.8,DR3,-252.469602648855,116.046019375728,DR3,44.0800295532005,DR3,0.742,DR3,10.8166,DR3,8.8828,UCAC4,1715209040928674560
J13582+125,Ross 837,13:58:13.92,+12:34:43.9,DR3,-329.602982200676,720.342182054945,DR3,106.840440464399,DR3,-9.885,Sou18,12.5237,DR3,9.8632,UCAC4,3727748630418376704
J13582-120,LP 739-002,13:58:16.17,-12:02:59.0,DR3,-337.788311319449,42.7859558174295,DR3,57.7938387296582,DR3,-44.393,DR3,14.6725,DR3,11.6025,UCAC4,3612684120096472192
J13583-132,LP 739-003,13:58:19.59,-13:16:25.0,DR3,343.083570629719,-59.9312552840472,DR3,64.0093928900671,DR3,-0.761,DR3,14.2249,DR3,11.2815,UCAC4,6302599662016881664
J13587-000,LP 619-009,13:58:43.59,-00:04:47.9,DR3,-365.505615992823,-402.434538686795,DR3,37.3523059880521,DR3,-31.928,DR3,14.3389,DR3,11.607,UCAC4,3660530536810146048
J13591-198,LP 799-007,13:59:10.41,-19:50:03.7,DR3,-560.378483550352,-187.032771245036,DR3,92.4688775242243,DR3,-16.393,DR3,13.143,DR3,10.1307,UCAC4,6290519435137636224
J14010-026,HD 122303,14:01:03.19,-02:39:17.5,DR3,-825.462926930068,598.432852802796,DR3,95.9574656128418,DR3,-26.331,DR3,9.9427,DR3,7.8291,SDSS9,3657653114880309248
J14019+154,GJ   536.1 A,14:01:58.74,+15:29:41.1,DR3,101.564237051586,-27.5652266487517,DR3,34.073078682383,DR3,-9.992,DR3,11.4668,DR3,9.3789,UCAC4,1231492609822865152
J14019+432,PM J14019+4316A,14:01:58.78,+43:16:41.7,DR3,-74.599726585985,-35.6851626689973,DR3,28.8595132597541,DR3,-10.993,DR3,13.8571,DR3,11.3231,UCAC4,1499275398303135872
J14023+136,MCC 150,14:02:19.62,+13:41:22.7,DR3,99.0289192012517,-140.622239973954,DR3,49.1192503121688,DR3,-8.507,DR3,10.8587,DR3,8.8396,UCAC4,1229977414080680192
J14024-210,LP 799-014,14:02:28.88,-21:00:36.7,DR3,482.553639669922,-387.503257172469,DR3,49.8443854315632,DR3,73.172,DR3,13.4543,DR3,10.7803,UCAC4,6289594093023609984
J14025+463N,BD+47 2112B,14:02:33.29,+46:20:27.1,DR3,582.106395807678,-44.6006073711415,DR3,89.5327370234615,DR3,-40.46,DR3,10.223,DR3,8.1242,SDSS9,1508886439891508736
J14025+463S,BD+47 2112A,14:02:33.14,+46:20:23.6,DR3,575.138956820921,-40.5866799723252,DR3,89.602278718459,DR3,-40.742,DR3,10.0619,DR3,8.0057,UCAC4,1508886439891509248
J14039+242,LSPM J1403+2440,14:03:54.81,+24:40:41.8,DR3,-57.9322464121363,150.823931618585,DR3,37.9175678486264,DR3,13.901,DR3,12.7281,DR3,10.3804,UCAC4,1258193695652447488
J14041+207,StKM 1-1119,14:04:09.20,+20:44:31.5,DR3,-126.245392171911,-18.8626966372933,aDR3,24.8148007937721,aDR3,,,11.8931,DR3,9.8568,UCAC4,1247168140942467200
J14062+693,NLTT 36313,14:06:14.89,+69:18:41.7,DR3,-77.1532726955781,-183.576889703126,DR3,38.9284355460064,DR3,-24.726,DR3,12.677,DR3,10.2589,UCAC4,1674396371895680000
J14082+805,BD+81 465,14:08:12.98,+80:35:50.2,DR3,212.480905450148,-543.652984085861,DR3,58.1478576130098,DR3,7.044,DR3,10.573,DR3,8.5065,UCAC4,1715791060537076608
J14083+758,G 255-049,14:08:22.67,+75:51:07.3,DR3,-403.554841988202,368.180882459945,DR3,43.0184051722782,DR3,-23.425,DR3,11.836,DR3,9.6971,UCAC4,1712390236711693696
J14121-005,LP  619-49,14:12:10.98,-00:35:04.0,DR3,-713.821709414556,233.049808058749,DR3,37.0298097385386,DR3,-46.9,PMSU,13.275,DR3,10.8214,UCAC4,3659878388975310208
J14130-120,GQ Vir,14:13:04.86,-12:01:26.8,DR3,-616.549418294862,-381.584928578349,DR3,31.9068765743943,DR3,16.467,DR3,14.0655,DR3,10.9735,UCAC4,6304110498368466048
J14142-153,LTT 5581,14:14:17.01,-15:21:12.8,DR3,-120.126395915742,-197.313052040304,DR3,34.8472625144714,DR3,-1.425,DR3,14.1877,DR3,11.4064,UCAC4,6298167942962279680
J14144+234,LP 381-017,14:14:26.54,+23:27:33.7,DR3,-186.947559802654,-455.118687042107,DR3,37.2387827236422,DR3,-23.191,DR3,13.7593,DR3,11.1233,SDSS9,1254117329307682432
J14152+450,Ross 992,14:15:16.98,+45:00:53.3,DR3,-674.443117028962,-224.136987680584,DR3,58.9472571385568,DR3,13.934,DR3,12.0707,DR3,9.5795,UCAC4,1505105593069066880
J14153+153,TYC 1469-782,14:15:20.48,+15:23:03.5,DR3,137.685900340162,-126.270505484216,DR3,42.687666501646,DR3,10.353,DR3,12.3454,DR3,10.0649,UCAC4,1231853730673656960
J14155+046,GJ 1182,14:15:32.55,+04:39:31.5,DR3,-744.439106121271,-769.544467406189,DR3,72.0042370503355,DR3,-0.683,Bar18,14.6042,DR3,11.34,UCAC4,3668176368871118208
J14157+594,LP   97-674 A,14:15:42.48,+59:27:30.2,DR3,-169.841360499039,-71.8108165238231,DR3,35.1882778929244,DR3,-15.774,DR3,12.3402,DR3,10.2474,UCAC4,1660170581217926272
J14159+362,G 165-058,14:15:56.38,+36:16:37.4,DR3,13.7107209920077,303.039243660057,DR3,73.4592042588092,DR3,-16.43,DR3,13.1248,DR3,10.5185,UCAC4,1483977656798789120
J14161+233,NLTT 36793,14:16:11.37,+23:23:29.2,DR3,-110.246361824663,-170.458848743639,DR3,36.5715230034765,DR3,-40.256,DR3,12.1409,DR3,10.052,SDSS9,1253928453825900032
J14170+105,LP 499-059,14:17:04.86,+10:35:36.0,DR3,-282.401437505709,-106.07878881752,DR3,49.5259329647124,DR3,2.773,DR3,11.7513,DR3,9.5103,UCAC4,1225145747671533056
J14170+317,LP 325-015,14:17:02.87,+31:42:47.0,DR3,-582.7,-147.4,PPMXL,60.0,Dit14,-27.37,Schn19,13.3654,DR3,10.3174,UCAC4,1477446592088319872
J14171+088,2MASS J14170731+0851363,14:17:07.33,+08:51:36.8,DR3,-139.4,17.9,PPMXL,54.3,FZ16,-13.27,Jeff18,14.1356,DR3,10.9846,UCAC4,3674840646286101888
J14173+454,RX J1417.3+4525,14:17:22.10,+45:25:46.0,DR3,43.8128803260905,-19.3473695296913,DR3,52.6558204060547,DR3,4.152,DR3,14.3815,DR3,11.3207,UCAC4,1505209054532280960
J14174+454,BD+46 1951,14:17:24.38,+45:26:40.1,DR3,43.8385654481685,-18.2741211288847,DR3,51.4578161562322,DR3,3.035,DR3,10.4492,DR3,8.593,UCAC4,1505214930047542784
J14175+025,RX J1417.5+0233,14:17:30.21,+02:33:43.5,DR3,-25.9262268870533,-65.5015051297199,DR3,33.2130179139393,DR3,-33.286,DR3,13.2817,DR3,10.7717,UCAC4,3666886156399692672
J14177+214,LP 381-094,14:17:47.84,+21:26:01.6,DR3,-67.4576337875173,-172.534977411942,DR3,23.9030294383276,DR3,-12.751,DR3,11.8251,DR3,9.8105,UCAC4,1252845537951676800
J14179-005,G 64-63,14:17:59.05,-00:31:29.4,DR3,-279.191389783453,-275.137099485552,DR3,46.7812257240986,DR3,16.827,DR3,12.9599,DR3,10.5494,UCAC4,3653827329811719680
J14189+386,LP 220-078,14:18:59.04,+38:38:26.3,DR3,-698.804182740152,-236.565755786943,DR3,31.5575692297367,DR3,0.826,DR2,11.7519,DR3,9.7734,UCAC4,1484835722545108096
J14191-073,Wolf 534,14:19:11.01,-07:18:11.9,DR3,-1118.02625585424,-758.578895701116,DR3,57.0438533588503,DR3,50.699,DR3,13.6853,DR3,11.17,PS1,3639794778302745088
J14194+029,NLTT 36959,14:19:29.58,+02:54:36.5,DR3,-195.373454187919,-149.846194506486,DR3,47.7959275510987,DR3,-3.089,DR3,15.1905,DR3,11.9245,UCAC4,3666992950762141312
J14200+390,IZ Boo,14:20:04.68,+39:03:01.4,DR3,-20.0084600343949,68.6795896865364,DR3,27.7760540944194,DR3,-23.424,DR3,12.5478,DR3,10.1479,UCAC4,1484942233437321728
J14201-096,Ross 848,14:20:07.37,-09:37:13.4,DR3,-608.765057145807,-838.845375550958,DR3,72.3244328162374,DR3,54.025,DR3,13.1073,DR3,10.3835,PS1,6329012134635132544
J14210+275,G 166-021,14:21:03.47,+27:35:32.9,DR3,-284.357335393364,100.713800894208,DR3,30.7807674221517,DR3,-8.781,DR3,12.8264,DR3,10.423,UCAC4,1259754903380357504
J14212-011,LP 620-003,14:21:15.12,-01:07:19.8,DR3,168.85804876309,-626.454938703653,DR3,74.7767567540096,DR3,7.835,DR3,13.3651,DR3,10.6085,UCAC4,3652796572020424448
J14215-079,2MASS J14213406-0755165,14:21:34.06,-07:55:16.6,DR3,-96.8953793377345,-87.403818873014,DR3,42.1149602970644,DR3,-27.42,DR3,13.8535,DR3,11.1209,UCAC4,3639512375613095424
J14219+376,LP 270-068,14:21:55.12,+37:39:50.3,DR3,365.162309352043,-294.985676705738,DR3,32.987933863932,DR3,6.482,DR3,12.5026,DR3,10.3264,UCAC4,1484535762028915712
J14227+164,NLTT 37131,14:22:43.41,+16:24:46.4,DR3,-189.89253398031,47.7793039157913,DR3,30.2143276883245,DR3,-18.205,DR3,15.2816,DR3,12.172,UCAC4,1232349301180166016
J14231-222,LP 857-029,14:23:07.81,-22:17:09.1,DR3,-277.06864810356,-470.449722431592,DR3,41.004108305309,DR3,-5.704,DR3,15.2137,DR3,12.2249,UCAC4,6276491659631783424
J14249+088,LP 500-019,14:24:55.98,+08:53:15.5,DR3,547.784179859791,160.722028295288,DR3,76.7825594078394,DR3,-13.905,DR3,12.4819,DR3,9.946,UCAC4,1175938925836488448
J14251+518,tet Boo B,14:25:11.58,+51:49:53.1,DR3,-239.503525178992,-403.994217735961,DR3,68.81207229566,DR3,-10.59,DR3,11.7793,DR3,9.3729,UCAC4,1604859408265509632
J14255-118,2MASS J14253413-1148515,14:25:34.12,-11:48:51.5,DR3,-296.765351029493,-5.57215347108272,DR3,31.291923011752,DR3,-35.579,DR3,13.7828,DR3,11.0253,UCAC4,6327575515318207104
J14257+236E,BD+24 2733B,14:25:46.65,+23:37:13.7,DR3,793.441745667823,-1118.9113502402,DR3,61.2004500662272,DR3,7.98,DR3,10.2073,DR3,8.2115,PS1,1254694882149817728
J14257+236W,BD+24 2733A,14:25:43.47,+23:37:01.5,DR3,792.551519140182,-1116.4045896216,DR3,61.2363739599362,DR3,8.947,DR3,9.9579,DR3,8.0405,SDSS9,1254695603704323712
J14269+241,LSPM J1426+2408,14:26:58.82,+24:08:57.0,DR3,-160.162686840412,-4.23723442253563,DR3,29.3053590586613,DR3,-14.776,DR3,12.2779,DR3,10.2107,SDSS9,1254789096552470400
J14279-003N,GJ 1183B,14:27:56.40,-00:22:19.2,DR3,-363.165249868964,52.5444486213009,DR3,57.0329922430498,DR3,-5.99,Ter15,14.3252,DR3,11.215,SDSS9,3652910405833716864
J14279-003S,GJ 1183A,14:27:56.07,-00:22:31.1,DR3,-361.152087756778,41.6985695115717,DR3,57.0067346744479,DR3,-11.717,DR3,14.2671,DR3,11.1722,PS1,3652910371473481344
J14280+139,LP 500-035,14:28:04.16,+13:56:13.3,DR3,-365.414501523258,-495.513248903461,DR3,75.587670827904,DR3,-26.0,New14,17.8282,DR3,13.438,SDSS9,1227705135863076864
J14282+053,LP 560-026,14:28:17.58,+05:18:45.8,DR3,-372.564115483104,-65.3594211451626,DR3,52.6615819886523,DR3,-10.458,DR3,13.3862,DR3,10.5913,UCAC4,3669916071144145920
J14283+053,LP 560-027,14:28:21.52,+05:19:01.3,DR3,-373.085398281846,-60.1780140882782,DR3,52.7289780475955,DR3,-10.458,DR3,12.7689,DR3,10.2337,UCAC4,3669916380381791104
J14294+155,Ross 130,14:29:29.70,+15:31:57.5,DR3,-1054.77578495077,1299.31320656768,DR3,70.324874931265,DR3,7.62,DR3,10.9065,DR3,8.6512,UCAC4,1229089524081628416
J14299+295,G 166-033,14:29:59.54,+29:34:02.5,DR3,-228.040867007446,-470.342554943848,DR3,38.2454069593315,DR3,-33.082,DR3,14.9036,DR3,11.9098,UCAC4,1284379875033869952
J14306+597,LP 098-079,14:30:37.79,+59:43:24.9,DR3,-808.201789751334,157.396682546083,DR3,100.310978672932,DR3,-7.0,New14,18.148,DR3,13.3511,SDSS9,1618010323247026560
J14307-086,BD-07 3856,14:30:47.72,-08:38:46.8,DR3,-1270.99092768413,-238.517085577637,DR3,63.3625392505407,DR3,-22.486,DR3,9.6142,DR3,7.792,UCAC4,6328672145023976960
J14310-122,Wolf 1478,14:31:01.16,-12:17:46.0,DR3,-408.104478732588,-398.694952530507,DR3,91.8962371374594,DR3,-1.922,DR3,12.1689,DR3,9.4677,PS1,6324308389531786112
J14312+754,2MASS J14311348+7526423,14:31:13.43,+75:26:42.2,DR3,-198.584584116876,-32.8139148896142,DR3,69.035076472839,DR3,-15.771,DR3,14.4411,DR3,11.5234,UCAC4,1701602958196086528
J14320+738,G 255-055,14:32:02.71,+73:49:25.2,DR3,-186.833070932961,-116.078105827442,DR3,42.5124211229577,DR3,-11.706,DR3,11.8111,DR3,9.5616,UCAC4,1699770557644460160
J14321+081,LP 560-035,14:32:08.51,+08:11:31.2,DR3,-477.09608629917,10.0593471604384,DR3,78.5612653681849,DR3,-22.02131,Lafa20,15.9564,DR3,12.2766,UCAC4,1172618435080418176
J14321+160,LP 440-038,14:32:10.81,+16:00:49.3,DR3,178.425018395355,-70.5266143122902,DR3,63.3849280709933,DR3,-3.22,DR3,13.8709,DR3,11.0038,UCAC4,1235125877277843840
J14322+496,LP 174-355,14:32:14.54,+49:39:05.9,DR3,-583.044327986783,-107.679896050954,DR3,54.7859169647383,DR3,-49.157,DR3,13.5287,DR3,10.8752,UCAC4,1603611493015735296
J14331+610,G 224-13A,14:33:06.48,+61:00:44.3,DR3,205.997747923412,-22.1158456655354,DR3,46.8668850807713,DR3,-20.71,DR3,12.02,DR3,9.6521,UCAC4,1618370615167692544
J14342-125,HN Lib,14:34:16.81,-12:31:10.4,DR3,-355.138115037755,593.040150754062,DR3,159.922547782496,DR3,-1.359,DR3,11.5694,DR3,8.6462,UCAC4,6324325225803432320
J14366+143,StKM 1-1170,14:36:38.92,+14:21:52.2,DR3,55.7497665001912,24.1903928790245,DR3,20.5354126927041,DR3,-21.066,DR3,12.0369,DR3,9.9927,UCAC4,1227978914258412160
J14368+583,LP 098-132,14:36:52.99,+58:20:55.0,DR3,615.499275051332,-707.485350008126,DR3,54.184387912123,DR3,-68.28,Jeff18,12.0173,DR3,9.578,UCAC4,1611087248283201024
J14371+756,LSPM J1437+7536N,14:37:09.24,+75:36:57.0,DR3,163.743808132526,-145.82970115184,DR3,56.080769752053,DR3,-5.37,DR3,12.3433,DR3,10.0703,UCAC4,1701585301586364032
J14376+677,G 239-022,14:37:39.92,+67:45:32.0,DR3,-213.459551847141,182.829833571642,DR3,25.3714751470005,DR3,-9.883,DR3,12.3249,DR3,10.2037,UCAC4,1670501214515838720
J14388+422,GPM 219.718548+42.229288,14:38:51.85,+42:13:44.1,DR3,-134.583578432221,-8.31647749948795,DR3,26.8027699493386,DR3,0.5,Z21,12.2098,DR3,10.1162,UCAC4,1489976179921954432
J14415+064,LP 560-066,14:41:33.02,+06:27:46.6,DR3,-281.801834220677,-337.848045811888,DR3,30.9763670961746,DR3,-46.132,DR3,12.2489,DR3,10.1477,UCAC4,1171574685013520640
J14423+660,G 239-025,14:42:21.58,+66:03:20.8,DR3,-299.031109200832,-38.6150561529592,DR3,91.4790510292311,DR3,18.548,DR3,11.0577,DR3,8.7614,UCAC4,1669449084967071872
J14438+667,NLTT 38291,14:43:51.27,+66:44:32.7,DR3,-223.016359157679,115.728998548558,DR3,26.1737423266261,DR3,1.277,DR3,12.2269,DR3,10.1951,UCAC4,1669544020924221312
J14469+170,Ross 994,14:46:59.82,+17:05:09.1,DR3,-539.754702881428,-97.9975153968562,DR3,31.0715657492964,DR3,-1.793,DR3,12.1012,DR3,9.9653,UCAC4,1234756368356786560
J14472+570,RX J1447.2+5701,14:47:13.52,+57:01:54.9,DR3,75.9,-32.6,PPMXL,,,12.117,DR3,14.4394,DR3,11.6253,UCAC4,1613717177017676928
J14485+101,G 66-27,14:48:33.16,+10:06:57.6,DR3,-342.834779069005,-115.975537928138,DR3,29.1948044033224,DR3,-14.368,DR3,13.673,DR3,11.0753,UCAC4,1174910745025793152
J14501+323,LP 326-034,14:50:11.13,+32:18:16.9,DR3,13.1620777698366,-192.936634104708,DR3,31.8093728959132,DR3,-37.417,DR3,13.2579,DR3,10.7182,UCAC4,1283453536492339328
J14511+311,LP 326-038,14:51:10.40,+31:06:40.3,DR3,-342.558256805736,-184.969108853209,DR3,76.6428728546335,DR3,-13.525,DR3,12.8835,DR3,10.1085,UCAC4,1283125607149311360
J14524+123,G 66-37,14:52:28.53,+12:23:32.8,DR3,-61.3258219153873,-227.715240154896,DR3,48.3823716645319,DR3,5.47,DR3,11.8095,DR3,9.4586,UCAC4,1181472011945052928
J14525+001,G 66-36,14:52:32.16,+00:10:08.1,DR3,104.897729299973,-336.091754517662,DR3,29.0508738052655,DR3,36.092,DR3,12.8476,DR3,10.4853,UCAC4,3651079615894552448
J14538+235,Ross 52A,14:53:51.40,+23:33:21.0,DR3,-692.032723410849,90.6102967873174,DR3,87.501199072034,DR3,-15.7,PMSU,11.9534,DR3,9.1788,PS1,1266092694561970432
J14544+161,CE Boo,14:54:29.24,+16:06:03.8,DR3,279.117449001282,-117.908180540538,DR3,100.524270494339,DR3,-7.966,DR3,10.3159,DR3,8.0342,UCAC4,1187851653287128576
J14544+355,Ross 1041,14:54:27.91,+35:32:57.0,DR3,149.38601430289,-841.224009185494,DR3,66.9915788769574,DR3,-40.761,DR3,12.6259,DR3,9.9051,UCAC4,1293234723208262144
J14548+099,Ross 1028,14:54:53.48,+09:56:36.5,DR3,-312.046596116696,-401.648789597943,DR3,40.3301734836212,DR3,13.311,DR3,11.4763,DR3,9.4815,UCAC4,1174189362318863488
J14549+411,LP 222-015,14:54:54.94,+41:08:48.3,DR3,-235.933208915222,136.371881650769,DR3,20.8860760503654,DR3,2.424,DR3,14.9125,DR3,12.0217,UCAC4,1489063619631578496
J14557+072,G 66-42,14:55:48.00,+07:17:51.6,DR3,-170.40568548267,-247.415688142547,DR3,25.3877273952539,DR3,-26.379,DR3,11.481,DR3,9.6143,UCAC4,1161042158187967232
J14564+168,G 136-035,14:56:28.10,+16:48:34.2,DR3,50.4346515504713,-320.182019238886,DR3,22.5383035463164,DR3,14.6,Z21,12.4179,DR3,10.2798,UCAC4,1188044308340155648
J14574-214,HD 131976,14:57:28.00,-21:24:55.7,DR3,1031.47186948238,-1723.61890293832,DR3,169.884270282585,DR3,26.751,DR3,8.3032,DR3,6.1522,PS1,6232511675556408320
J14575+313,Ross   53A,14:57:32.30,+31:23:44.5,DR3,-696.277684870397,-1162.22936378373,DR3,23.5761397169535,DR3,13.7,PMSU,11.3548,DR3,9.6114,PS1,1288369418620932608
J14578+566,GJ 1187,14:57:53.73,+56:39:24.5,DR3,280.410853689633,-646.937779020163,DR3,87.2032159561595,DR3,2.83,DR3,15.7986,DR3,12.2128,UCAC4,1612801833587498240
J15009+454,BD+45  2247,15:00:55.57,+45:25:34.6,DR3,225.064526051835,328.519715218906,DR3,85.4119444807103,DR3,-13.285,DR3,9.3816,DR3,7.5089,UCAC4,1586968533015434624
J15011+071,Ross 1030,15:01:10.74,+07:09:47.9,DR3,-495.466624226511,-87.7412143122385,DR3,31.9262172276165,DR3,-19.279,DR3,12.9885,DR3,10.3358,UCAC4,1160612111702571776
J15011+354,Ross 1042,15:01:11.78,+35:27:14.9,DR3,151.541820842447,-273.449308488883,DR3,42.2212100153558,DR3,14.717,DR3,12.2708,DR3,10.0418,UCAC4,1291763611011228800
J15013+055,G 15-2,15:01:20.11,+05:32:55.5,DR3,83.4653667188366,-442.629264747459,DR3,66.5427904210436,DR3,-6.508,DR3,12.4926,DR3,9.9047,UCAC4,1159745146784043264
J15018+550,LP 135-097,15:05:49.45,+55:04:43.2,DR3,-453.403452286018,162.329299338341,DR3,48.7506772721522,DR3,-57.08,DR3,13.5687,DR3,10.8307,UCAC4,1600405046142657408
J15030+704,LP 041-431,15:03:02.42,+70:26:07.9,DR3,-232.047853466742,379.570328305308,DR3,40.2959326005915,DR3,-70.721,DR3,12.9043,DR3,10.3982,UCAC4,1695111789438813312
J15043+294,GJ 575.1,15:04:22.26,+29:28:42.6,DR3,242.749213716086,-167.062708522569,DR3,33.3844604973935,DR3,-20.98,DR3,13.0029,DR3,10.674,UCAC4,1275744757390360064
J15043+603,Ross 1051,15:04:18.50,+60:23:04.5,DR3,-657.308097162279,178.163352905084,DR3,58.5445723158404,DR3,-26.938,DR3,11.233,DR3,9.069,UCAC4,1615982823805660544
J15049-211,LP 801-053,15:04:58.28,-21:07:00.7,DR3,-656.603819491231,-198.824215012427,DR3,40.6501851009298,DR3,-17.196,DR3,14.7429,DR3,11.8788,UCAC4,6231840080111876992
J15060+453,HAT 147-00476,15:06:02.85,+45:21:52.4,DR3,114.983615273332,25.7261566451211,DR3,23.4442749176005,DR3,-29.729,DR3,12.4055,DR3,10.3194,UCAC4,1586260928563008256
J15073+249,BD+25 2874,15:07:23.58,+24:56:07.9,DR3,-845.740578405361,494.216632512861,DR3,52.5423643520771,DR3,-69.166,DR3,10.2641,DR3,8.4629,PS1,1264654395913772416
J15079+762,LSPM J1507+7613,15:07:57.21,+76:13:59.2,DR3,-127.637358616578,163.098534694519,DR3,33.7142394888677,DR3,-6.85,DR3,14.1991,DR3,11.0929,UCAC4,1701943978599634816
J15081+623,LSPM J1508+6221,15:08:11.83,+62:21:53.3,DR3,-129.029200563359,194.738641551689,DR3,35.6371801267098,DR3,-17.246,DR3,13.6974,DR3,10.978,UCAC4,1619631553141649152
J15095+031,Ross 1047,15:09:35.59,+03:10:00.6,DR3,-602.121936087132,481.240763524955,DR3,68.4504412275353,DR3,-32.943,DR3,11.7123,DR3,9.236,UCAC4,1155276250492687616
J15100+193,G 136-072,15:10:04.82,+19:21:27.5,DR3,5.82469768844339,-452.21330980585,DR3,57.5738639519542,DR3,14.73,DR3,13.6333,DR3,10.7849,UCAC4,1212774313804554752
J15118-102,G 151-034,15:11:50.60,-10:14:18.1,DR3,-967.882691566245,-250.195841015088,DR3,65.5037223357454,DR3,8.367,DR3,14.5144,DR3,11.4786,PS1,6319027263385067264
J15119+179,LP 442-017,15:11:55.96,+17:57:16.4,DR3,-415.699277384302,-562.848311573778,DR3,41.0926243622176,DR3,-48.751,DR3,13.7435,DR3,11.1386,UCAC4,1211589731374380544
J15126+457,G 179-020,15:12:38.19,+45:43:46.9,DR3,-385.927590670696,338.942797432752,DR3,52.5863857337281,DR3,-9.564,DR3,13.6031,DR3,10.7158,UCAC4,1587576253706543232
J15147+645,G 224-057,15:14:46.80,+64:33:44.0,DR3,-418.5,393.7,PPMXL,57.2,Dit14,,,14.2578,DR3,11.4587,UCAC4,1644116440141321344
J15151+333,LP 272-063,15:15:07.05,+33:18:02.6,DR3,-90.4173704787336,-351.234162110472,DR3,42.4191756377219,DR3,-21.815,DR3,13.0174,DR3,10.6532,UCAC4,1278393790136075904
J15156+638,2MASS J15153756+6349528,15:15:37.58,+63:49:52.7,DR3,44.3119229418642,-118.657732112242,DR3,32.037860381704,DR3,12.38,DR3,12.4147,DR3,10.2973,UCAC4,1619867810703874688
J15166+391,LP 222-065,15:16:40.72,+39:10:48.4,DR3,-202.877248694325,-61.5491649140862,DR3,56.6818692580117,DR3,-17.0,New14,17.3577,DR3,13.2228,PS1,1388684770725399296
J15188+292,StKM 1-1229,15:18:49.84,+29:15:07.4,DR3,-73.8248726177462,-64.701725832466,DR3,20.1725733224606,DR3,-24.929,DR3,11.8758,DR3,9.8834,UCAC4,1275127175452240512
J15191-127,LP 742-061,15:19:11.74,-12:45:06.1,DR3,-735.535005504948,-197.601062326408,DR3,46.4398673554696,DR3,-25.115,DR3,13.0744,DR3,10.2528,UCAC4,6314466489153193344
J15193+678,LP 068-073,15:19:18.66,+67:51:17.5,DR3,-464.380116046624,402.120693967798,DR3,39.3335133345255,DR3,-19.542,DR3,13.7031,DR3,11.1364,UCAC4,1645838309711074944
J15194-077,HO Lib,15:19:26.83,-07:43:20.2,DR3,-1221.27762896537,-97.2292386185803,DR3,158.718272964632,DR3,-9.746,DR3,10.8134,DR3,8.2518,UCAC4,6322070093095493504
J15197+046,2MASS J15194584+0439344,15:19:45.85,+04:39:34.4,DR3,28.8533481054254,98.372984533477,DR3,59.7328612697121,DR3,5.071,DR3,14.0784,DR3,11.244,UCAC4,1155910118945913728
J15210+309,2MASS J15210067+3057012,15:21:00.68,+30:57:01.2,DR3,-97.6439903315001,-17.8096299005453,DR3,41.5244836458287,DR3,-18.286,DR3,12.7527,DR3,10.3927,UCAC4,1276875089700429952
J15214+042,TYC 344-504-1,15:21:25.30,+04:14:49.3,DR3,87.9339068826031,37.7723085747178,DR3,36.8014027052024,DR3,-3.223,DR3,12.1903,DR3,9.9801,UCAC4,4422479824136705792
J15218+209,OT Ser,15:21:52.93,+20:58:39.9,DR3,81.5027671489371,128.07819185551,DR3,87.3251282499995,DR3,5.306,DR3,10.273,DR3,8.0526,UCAC4,1214160733157163008
J15219+185,LP 442-037,15:21:56.80,+18:35:51.3,DR3,32.3168257807137,-210.933819758085,DR3,30.8045063091997,DR3,-7.404,DR3,12.1359,DR3,10.0295,UCAC4,1209100608847430528
J15238+174,Ross 508,15:23:51.14,+17:27:57.4,DR3,-391.91863369697,-1259.29621389556,DR3,89.1283943651591,DR3,42.135,DR3,13.9882,DR3,10.9204,UCAC4,1208695640675619584
J15238+561,StKM 1-1240,15:23:53.86,+56:09:32.1,DR3,79.4253969679278,-40.0067052323634,DR3,19.7023181636466,DR3,-2.15,DR3,11.9204,DR3,10.0099,UCAC4,1602163027795804160
J15238+584,G 224-065,15:23:51.43,+58:28:06.5,DR3,-182.070641580594,297.680165671444,DR3,43.3506922145658,DR3,-15.406,DR3,14.5331,DR3,11.6562,UCAC4,1602705361906694784
J15273+415,TYC 3055-1525-1,15:27:19.21,+41:30:10.6,DR3,-113.9,-43.7,CC21,,,8.8,Z21,12.0796,DR3,9.8105,UCAC4,1390617364274391936
J15276+408,G 179-029,15:27:39.02,+40:51:57.7,DR3,-116.747506101483,281.708452772448,DR3,32.6729202212998,DR3,-17.344,DR3,11.7174,DR3,9.7395,UCAC4,1390519168437282688
J15280+257,GJ 587.1,15:28:01.31,+25:47:23.9,DR3,95.0756414845114,-60.1245400471305,DR3,40.6882718444362,DR3,-4.209,DR3,11.3553,DR3,9.3814,UCAC4,1222160745406471680
J15290+467,RX J1529.0+4646,15:29:02.95,+46:46:24.0,DR3,-118.713691192544,-32.566068117345,DR2,45.6199148252796,DR2,6.8,DR3,14.9869,DR3,11.833,APASS9,1395761158842816256
J15297+428,G 179-033,15:29:43.97,+42:52:48.7,DR3,449.649727610932,-613.007342076197,DR3,53.0743751995192,DR3,2.761,DR3,14.4565,DR3,11.432,UCAC4,1390976698417570688
J15305+094,NLTT 40406,15:30:30.33,+09:26:01.4,DR3,-178.853035043458,183.898017772102,DR3,116.04245757212,DR3,2.789,DR3,15.396,DR3,11.6908,UCAC4,1165479168642900992
J15319+288,G 167-047,15:31:54.16,+28:51:09.6,DR3,-542.648277865761,38.2967288295296,DR3,37.6382100474663,DR3,-41.087,DR3,14.5604,DR3,11.5348,UCAC4,1272616371928341632
J15336+462,LP 176-055,15:33:39.34,+46:15:02.9,DR3,-7.15050171455269,199.686458499585,DR3,43.1761208290893,DR3,-25.522,DR3,13.8492,DR3,11.1063,UCAC4,1400928519895549568
J15339+379,GJ 588.1,15:33:54.82,+37:54:49.7,DR3,1.47321450546368,-81.8828553541265,DR3,32.8757355476133,DR3,23.6,D22,11.4891,DR3,9.5069,UCAC4,1375767325868833152
J15340+513,LP 135-414,15:34:03.85,+51:22:02.4,DR3,-193.974002789659,273.846150537403,DR3,60.8383271945137,DR3,-28.266,DR3,14.2109,DR3,11.2026,UCAC4,1595170236922937728
J15345+142,Ross 512,15:34:30.50,+14:16:17.8,DR3,-669.534941927861,-148.690131281506,DR3,44.124031385559,DR3,-11.909,DR3,14.1237,DR3,11.3303,UCAC4,1193998747920687872
J15349-143,2MUCD 11346,15:34:56.93,-14:18:49.3,DR3,-918.805566127247,-330.227225966455,DR3,91.4215525197795,DR3,-75.5,RB09,19.3529,DR3,14.2069,PS1,6265453524968112640
J15353+177N,Ross 513B,15:35:20.33,+17:43:04.4,DR3,-1209.51035366951,-171.182387758311,DR3,66.9291025268659,DR3,-44.241,DR3,15.2726,DR3,12.1438,PS1,1209281444150517120
J15353+177S,Ross 513,15:35:20.52,+17:42:46.9,DR3,-1211.10741958889,-164.393971757865,DR3,66.8775243350222,DR3,-43.931,DR3,12.6579,DR3,10.2184,UCAC4,1209281375431039104
J15357+221,LP 384-018,15:35:46.13,+22:09:03.8,DR3,-707.48562391995,-132.142460636734,DR3,54.3376346569648,DR3,-59.745,DR3,12.9716,DR3,10.3145,UCAC4,1217467067705592576
J15368+375,BK CrB,15:36:50.34,+37:34:49.4,DR3,-277.397956324939,-88.3977013069805,DR3,18.9913817693093,DR3,-59.726,DR3,11.4561,DR3,9.66,UCAC4,1375548149394463616
J15369-141,Ross 802,15:36:58.62,-14:08:01.8,DR3,-449.259500577166,-629.425458017095,DR3,71.4655975707709,DR3,2.195,DR3,12.9513,DR3,10.1396,UCAC4,6265472113586221696
J15386+371,G 179-042,15:38:37.09,+37:07:24.7,DR3,-303.339195004939,206.906018015535,DR3,32.2558050560867,DR3,-13.439,DR3,14.2027,DR3,11.5819,UCAC4,1375473416963346176
J15400+434N,vB 24 A,15:40:03.62,+43:29:39.1,DR3,1188.80435331622,-315.324228850397,DR3,79.8541542468105,DR3,-120.412,DR3,12.341,DR3,9.8812,PS1,1391241478857408768
J15400+434S,vB 24 B,15:40:03.82,+43:29:35.1,DR3,1166.73097290843,-315.136246359083,DR3,79.8389748257708,DR3,-119.161,DR3,14.3052,DR3,11.3604,PS1,1391241478857408640
J15412+759,UU UMi,15:41:16.57,+75:59:34.0,DR3,805.11792432519,-716.331637358787,DR3,73.2572882758671,DR3,-41.28,Bar21,12.4502,DR3,9.8723,UCAC4,1706907487621086464
J15416+184,StKM 1-1264,15:41:37.25,+18:28:08.2,DR3,-65.0546549078383,64.8902652786835,DR3,19.366816063275,DR3,-20.893,DR3,12.4809,DR3,10.3231,UCAC4,1197800206298928000
J15421-194,GJ 595,15:42:06.54,-19:28:18.3,DR3,-2009.74725418222,-1037.93300010339,DR3,103.179781900672,DR3,83.181,DR3,12.1117,DR3,9.5017,PS1,6254033894121581952
J15474+451,LP 177-102,15:47:27.41,+45:07:51.3,DR3,-250.071228801588,197.067472878615,DR3,45.065051721293,DR3,-11.698,Ter15,13.7977,DR3,10.8673,UCAC4,1397434890417900544
J15474-108,LP 743-031,15:47:24.55,-10:53:47.3,DR3,-309.006242197607,-370.772259159549,DR2,62.5154635749115,DR2,2.962,Bar21,11.5151,DR3,9.0811,UCAC4,6268621389764361344
J15476+226,LSPM J1547+2241,15:47:40.72,+22:41:16.6,DR3,-183.791798495812,-33.5707934321174,DR3,35.2336018551159,DR3,-20.897,DR3,14.4382,DR3,11.3825,UCAC4,1217707925171095040
J15480+043,RX J1548.0+0421,15:48:02.80,+04:21:39.3,DR3,-16.0877035415673,-56.6049312803829,DR3,34.4360243717579,DR3,-8.219,DR3,13.0278,DR3,10.5822,UCAC4,4426198136240612352
J15488+305,2MASS J15484846+3030388,15:48:48.48,+30:30:39.0,DR3,102.367691189708,-17.2123358377016,DR3,37.60816073074,DR3,-22.134,DR3,12.9161,DR3,10.4656,UCAC4,1321178806932894208
J15493+250,G 168-013,15:49:20.42,+25:03:42.3,DR3,-34.1271532004583,389.273443384088,DR3,41.3181339490674,DR3,6.465,DR3,12.5819,DR3,10.2863,SDSS9,1219843215409537024
J15496+348,LP 274-008,15:49:38.24,+34:48:56.6,DR3,-667.455955005205,699.425044062703,DR3,59.1351161149723,DR3,-71.276,DR3,13.4769,DR3,10.5515,SDSS9,1372546413931606016
J15496+510,G 202-016,15:49:36.27,+51:02:57.3,DR3,-378.893219411828,295.866194266819,DR3,47.4181004748921,DR3,-56.396,DR3,12.2934,DR3,10.0027,UCAC4,1404213517041788800
J15499+796,LP 022-420,15:49:55.14,+79:39:51.6,DR3,-219.716529858521,124.202137770465,DR3,48.1600314533084,DR3,-19.821,DR3,14.9622,DR3,11.6863,UCAC4,1708693055848054912
J15501+009,Wolf 587,15:50:11.21,+00:57:32.7,DR3,183.515205839713,-47.737576736893,DR3,59.1210586997498,DR3,-12.71,DR3,12.7183,DR3,10.1973,UCAC4,4410702581435191296
J15512+306,TYC 2572-633-1,15:51:14.85,+30:40:42.4,DR3,-180.90106224487,-14.4387979285673,DR3,21.1387574542149,DR3,-15.702,DR3,12.4328,DR3,10.333,UCAC4,1321160669287864320
J15513+295,G 168-014,15:51:21.79,+29:31:06.3,DR3,-226.532216608405,-443.613779520972,DR3,54.1052759582244,DR3,26.127,DR3,13.2779,DR3,10.5855,UCAC4,1320795047312113152
J15531+347N,Ross 806,15:53:06.36,+34:45:13.9,DR3,254.828306105766,-498.398807211815,DR3,43.7064186669501,DR3,27.981,DR3,11.9849,DR3,9.5302,PS1,1371764351926288512
J15531+347S,LP 274-021,15:53:06.64,+34:44:47.7,DR3,257.121499175138,-508.718210115997,DR3,43.6321084857446,DR3,29.218,DR3,13.4499,DR3,10.7313,PS1,1371764351925872384
J15538+641,NLTT 41533,15:53:48.66,+64:09:33.4,DR3,-142.000062380369,179.241241031062,DR3,30.814858596262,DR3,-17.235,DR3,11.5188,DR3,9.6185,UCAC4,1640339239744903936
J15555+352,G 180-11A,15:55:31.82,+35:12:02.7,DR3,-232.289754326231,156.279510625647,DR3,36.0056616516762,DR3,-18.631,DR3,14.0287,DR3,10.9541,SDSS9,1371891929634259584
J15557+686,RX J1555.7+6840,15:55:47.23,+68:40:13.9,DR3,-44.3376491783425,132.849315222576,DR3,39.0421098335036,DR3,-17.476,DR3,12.3438,DR3,10.0318,UCAC4,1646347108716916736
J15569+376,RX J1556.9+3738,15:56:58.24,+37:38:13.7,DR3,-87.6705174972606,35.9767799359288,DR3,22.5501476472128,DR3,-25.293,DR3,13.4663,DR3,11.0073,UCAC4,1373473435375960448
J15578+090,LSPM J1557+0901,15:57:48.26,+09:01:10.1,DR3,146.071381225425,-153.919302648574,DR3,52.2767008427746,DR3,-20.204,DR3,13.8578,DR3,11.0035,UCAC4,4454532237354157568
J15581+494,V1022 Her,15:58:10.29,+49:27:08.3,DR3,68.9516998792516,-176.821350596096,DR3,26.3620748864103,DR3,-8.974,DR3,12.2543,DR3,10.1921,UCAC4,1403048275234807552
J15583+354,G 180-018,15:58:18.80,+35:24:24.3,DR3,-143.059375405963,318.119948116953,DR3,63.1726556540614,DR3,10.007,DR3,12.9667,DR3,10.3212,SDSS9,1372215976327300480
J15587+346,StM 258,15:58:45.66,+34:48:54.8,DR3,68.1261830888484,-59.6564750944913,DR3,36.360577536145,DR3,-38.778,DR3,13.1036,DR3,10.4702,PS1,1371625023187238144
J15597+440,RX J1559.7+4403,15:59:47.31,+44:03:59.7,DR3,-69.3870811056174,-8.89061503521278,DR3,23.7624526192376,DR3,-23.889,DR3,12.0509,DR3,9.9126,UCAC4,1384769474242031616
J15598-082,BD-07 4156,15:59:53.38,-08:15:11.5,DR3,202.442544769492,-25.6256439165019,DR3,75.2940942665796,DR3,-17.664,DR3,10.7265,DR3,8.5458,UCAC4,4347870370990204928
J16008+403,G 180-021,16:00:50.79,+40:19:43.5,DR3,-280.628261639994,-300.029293090332,DR3,47.3300529430328,DR3,-51.77,DR3,13.3731,DR3,10.7912,UCAC4,1382797843737951616
J16017+301,G 168-024,16:01:43.56,+30:10:50.7,DR3,-328.838199906054,141.997839943535,DR3,51.771283137806,DR3,7.989,DR3,12.7297,DR3,10.2222,UCAC4,1320545217653492864
J16017+304,LP 329-019,16:01:44.51,+30:27:40.7,DR3,-128.634644401058,137.43738072716,DR3,35.5182641986127,DR3,-37.077,DR3,15.4599,DR3,12.315,UCAC4,1320567792002123648
J16018+304,LP 329-020,16:01:52.60,+30:27:34.9,DR3,-139.390968435154,130.510676033429,DR3,35.2787252641617,DR3,-33.499,DR3,13.6431,DR3,11.1006,UCAC4,1320567993864001024
J16028+205,GJ 609,16:02:50.94,+20:35:21.0,DR3,-961.315867158809,-1242.62075950903,DR3,99.7947718315423,DR3,6.857,DR3,12.8111,DR3,9.9241,UCAC4,1205070452055788928
J16033+175,2MASS J16032066+1735546,16:03:20.65,+17:35:54.6,DR3,-49.6270579928655,25.5309302768282,DR3,22.7445859962375,DR3,-12.552,DR3,12.5041,DR3,10.2431,UCAC4,1199567224561188352
J16043-062,LP 684-017,16:04:19.99,-06:16:46.0,DR3,-71.6985504354586,-866.862009510699,DR3,57.0004447702111,DR3,33.8,Haw96,15.8357,DR3,12.4608,PS1,4350216075969473408
J16046+263,BPM 91242,16:04:36.97,+26:20:43.2,DR3,-95.6990121713711,86.5690530071412,DR3,36.1933713900268,DR3,-24.39,DR3,11.4158,DR3,9.4774,SDSS9,1315465748812551424
J16048+391,G 180-027,16:04:50.86,+39:09:35.9,DR3,-562.853601521851,42.2310012063391,DR3,69.6374512060685,DR3,-58.215,DR3,14.5207,DR3,11.6125,UCAC4,1379500928055726848
J16054+769,G 256-030,16:05:28.13,+76:54:57.2,DR3,-343.807849273877,80.424701617381,DR3,43.6043164423099,DR3,-43.255,DR3,12.6149,DR3,10.1552,UCAC4,1704429394569760384
J16062+290,LP 329-030,16:06:13.62,+29:01:55.7,DR3,-169.76009035204,368.559604922956,DR3,26.8569466730228,DR3,-54.977,EDR3,12.1602,DR3,9.9041,UCAC4,1317233145033878656
J16065+409,LP 224-38,16:06:33.33,+40:54:25.0,DR3,-716.302,162.486,DR3,63.4232,DR3,,,17.4649,DR3,13.4051,SDSS9,1380293091823646720
J16066+083,G  16-29,16:06:41.21,+08:23:18.2,DR3,-506.313906774811,85.5405828168763,DR3,28.4404819249618,DR3,-41.176,DR3,11.9022,DR3,9.9246,UCAC4,4451575895403432064
J16074+059,G 16-30,16:07:28.21,+05:57:59.5,DR3,-291.020122112497,-223.405142149069,DR3,37.9520155444351,DR3,-90.399,DR3,13.7288,DR3,11.0864,UCAC4,4449697134970678016
J16082-104,G 153-027,16:08:14.96,-10:26:14.3,DR3,-367.857095388913,-1302.52593267358,DR3,46.3043749856328,DR3,10.367,DR3,14.9853,DR3,12.0349,PS1,4343596947252195200
J16090+529,MCC 759,16:09:03.14,+52:56:38.0,DR3,204.163998557229,62.0927770595041,DR3,58.99709854203,DR3,-19.333,DR3,10.3966,DR3,8.4312,UCAC4,1428030622526979968
J16092+093,G 137-084,16:09:16.27,+09:21:07.5,DR3,-341.057147595284,218.64323433013,DR3,73.7177920725511,DR3,-45.113,DR3,12.0061,DR3,9.5103,SDSS9,4453239765733463936
J16120+033,TYC 371-1053-1,16:12:04.65,+03:18:20.7,DR3,29.1565555434583,-59.5747036254879,DR3,33.651672842476,DR3,8.435,DR3,11.7642,DR3,9.5262,UCAC4,4412390297423038336
J16126-188,NLTT 42226,16:12:41.78,-18:52:31.8,DR3,36.4473526908871,-214.024627397701,DR3,68.6099798823545,DR3,-4.929,DR3,11.6122,DR3,9.0945,,6245870673116518784
J16139+337,sig CrB C,16:13:56.27,+33:46:24.1,DR3,-286.965078773176,-89.8183802288613,DR3,44.2673512452419,DR3,-12.213,DR3,12.5077,DR3,10.0823,UCAC4,1322906861255829376
J16144-028,LP 624-054,16:14:25.20,-02:51:00.8,DR3,-7.80844901871827,367.405503371084,DR3,68.9493289565126,DR3,12.8,Des12,18.2417,DR3,13.7519,PS1,4405150047715392128
J16145+191,GJ 1200,16:14:32.62,+19:06:10.9,DR3,-2002.94587018171,363.566406325198,DR3,58.8764380949344,DR3,-37.693,DR3,13.1655,DR3,10.5644,PS1,1201405126966920448
J16147+048,G 17-7,16:14:43.80,+04:52:08.5,DR3,-409.947687215564,72.874844101037,DR3,37.5439877720132,DR3,-60.568,DR3,13.7667,DR3,11.0966,UCAC4,4437409993750034560
J16155+244,LP 385-058,16:15:32.18,+24:27:46.9,DR3,-62.1707974968301,248.454702266449,DR3,39.228785419005,DR3,-46.892,DR3,12.2161,DR3,10.0243,UCAC4,1302838991637936256
J16167+672N,EW Dra,16:16:45.31,+67:15:22.5,DR3,-483.005940569558,89.0488241406249,DR3,92.898489350197,DR3,-18.721,DR3,10.9535,DR3,8.4709,UCAC4,1642642957122493824
J16167+672S,HD 147379,16:16:42.75,+67:14:19.8,DR3,-497.915428442338,84.0465152410191,DR3,92.8766049386095,DR3,-19.62,DR3,8.7999,DR3,6.9672,UCAC4,1642641410934267008
J16170+552,CR Dra,16:17:05.35,+55:16:08.8,DR3,87.9699215309798,-430.962662932926,DR3,49.630263446307,DR3,-32.81,DR3,10.1844,DR3,8.0149,UCAC4,1429437378934511616
J16180+062,EXO 161538+0624.2,16:18:04.93,+06:17:11.1,DR3,72.2542495222157,58.1637106411582,DR3,34.8727687672885,DR3,-14.031,DR3,12.982,DR3,10.4845,UCAC4,4438177933902352896
J16204-042,LP 685-051,16:20:24.78,-04:16:02.3,DR3,-416.180834750428,-20.6665717278198,DR3,34.0761790410703,DR3,-120.483,DR3,10.9037,DR3,9.0801,UCAC4,4356712162461401728
J16220+228,BPS BS 16542-0001,16:22:01.18,+22:50:21.7,DR3,-51.7633947155835,68.1566037586848,DR3,19.1658300890691,DR3,-33.098,DR3,12.4248,DR3,10.3077,UCAC4,1301684160831676544
J16241+483,GJ 623,16:24:09.31,+48:21:11.1,DR3,1151.2322167345,-499.078720113824,DR2,127.478485620916,DR2,-28.056,EDR3,10.5327,DR3,8.1317,UCAC4,1411178510887026048
J16247+229,BPM 91545,16:24:43.89,+22:54:20.9,DR3,-151.312579804829,-98.7966532609275,DR3,41.4512698582307,DR3,-58.974,DR3,11.4029,DR3,9.3485,UCAC4,1298694726154793856
J16254+543,GJ 625,16:25:24.62,+54:18:14.8,DR3,432.230235889887,-171.651926788951,DR3,154.350268392469,DR3,-13.367,DR3,10.3453,DR3,8.0499,UCAC4,1428427236986209024
J16255+260,LTT 14899,16:25:32.36,+26:01:38.0,DR3,-198.9,-4.8,CC21,,,-45.73,Jeff18,12.4662,DR3,9.9438,UCAC4,1304171737170027008
J16255+323,LP 330-013,16:25:32.81,+32:18:31.4,DR3,77.708386308281,167.517107134449,DR3,41.5636020037515,DR3,-5.463,DR3,12.5826,DR3,10.2845,UCAC4,1325251986414360320
J16259+834,TYC 4647-2406-1,16:25:58.45,+83:24:24.3,DR3,81.7454691731553,-68.1985186633244,DR3,34.6012573893733,DR3,-7.373,DR3,12.1027,DR3,9.9822,PS1,1723105248107124608
J16268-173,LP 805-010,16:26:48.13,-17:23:34.1,DR3,-339.664023929068,-400.088152769997,DR3,55.6614318074103,DR3,-54.1,PMSU,14.5923,DR3,11.4242,UCAC4,4324728640519965824
J16280+155,G 138-033,16:28:02.05,+15:33:57.0,DR3,-9.04322952915441,-307.5419597732,DR3,27.8978276174014,DR3,16.919,DR3,13.4712,DR3,10.9204,UCAC4,4465641500980123904
J16302-146,LP 745-051,16:30:13.10,-14:39:49.5,DR3,-526.064532988108,-222.853666511811,DR3,44.1607494788341,DR3,-120.939,DR3,12.5031,DR3,9.9744,UCAC4,4325701192912743424
J16303-126,V2306 Oph,16:30:18.06,-12:39:45.3,DR3,-94.2095949944127,-1183.91715758846,DR3,232.138980839741,DR3,-21.798,DR3,10.3223,DR3,7.5907,UCAC4,4330690742322011520
J16313+408,G 180-060,16:31:18.79,+40:51:51.7,DR3,-143.434095399861,306.267622159197,DR3,88.8226975511887,DR3,-21.987,DR3,15.093,DR3,11.5739,UCAC4,1332966881549315456
J16315+175,GJ 1202,16:31:35.06,+17:33:48.9,DR3,-324.952224274762,-810.649338918586,DR3,59.4614153001533,DR3,6.702,DR3,13.0452,DR3,10.4875,UCAC4,4467057362719443072
J16327+126,GJ 1203,16:32:45.19,+12:36:46.0,DR3,-764.875944689677,-136.105196548516,DR3,54.0197043635688,DR3,-33.146,DR3,12.3678,DR3,9.9417,UCAC4,4459548626016199168
J16328+098,G 138-040,16:32:52.84,+09:50:26.0,DR3,228.763698683954,155.496744810985,DR3,64.8999704332888,DR3,-27.516,DR3,13.2788,DR3,10.6121,UCAC4,4446574040918651904
J16342+543,LP 137-037,16:34:13.73,+54:23:39.9,DR3,-244.506061291758,538.44902140465,DR3,33.2075614176529,DR3,3.636,DR3,12.0963,DR3,10.0427,UCAC4,1426855863071637632
J16343+571,CM Dra,16:34:20.33,+57:09:44.4,DR3,-1113.79705228544,1180.977042068,DR3,67.287578605001,DR3,-116.1,Z21,13.1645,DR3,10.2401,PS1,1431176943768690816
J16354+350,LP 275-068,16:35:27.43,+35:00:57.6,DR3,139.439008325077,-143.591325110519,DR3,57.9922945721247,DR3,1.843,DR3,13.2214,DR3,10.3511,SDSS9,1327542647092300288
J16360+088,G 138-043,16:36:05.65,+08:48:49.3,DR3,-518.324079749533,-158.664676946785,DR3,66.1552528537547,DR3,-44.071,DR3,14.0873,DR3,11.132,UCAC4,4446207564241339520
J16395+505,G 202-068,16:39:30.27,+50:34:03.4,DR3,320.646497385106,-402.207699778193,DR3,48.3652090264276,DR3,-1.276,DR3,12.0504,DR3,9.9608,UCAC4,1413099460779606528
J16401+007,LP 625-034,16:40:05.98,+00:42:18.9,DR3,175.796206397808,-158.005724874152,DR3,88.6929302568156,DR3,5.356,DR3,13.9375,DR3,10.909,UCAC4,4383790518216171264
J16403+676,LP 069-457,16:40:20.63,+67:36:04.7,DR3,-273.269969202781,365.309897048062,DR3,69.8206656286198,DR3,-15.244,DR3,15.9509,DR3,12.1371,UCAC4,1648484868558988544
J16408+363,Ross 812,16:40:48.88,+36:19:00.1,DR3,-118.823987359764,176.527131058973,DR3,46.5668610771452,DR3,-73.715,DR3,11.7359,DR3,9.4906,UCAC4,1328078796458810240
J16420+192,2MASS J16420074+1916104,16:42:00.75,+19:16:10.5,DR3,-27.8043568516921,72.5155272180686,DR3,32.2381393445626,DR3,,,12.5486,DR3,10.171,UCAC4,4562691440994116992
J16462+164,LP 446-006,16:46:13.74,+16:28:40.8,DR3,-354.715774081478,-472.134406093696,DR3,63.365580846285,DR3,18.685,DR3,11.8993,DR3,9.4589,UCAC4,4558856584955186432
J16465+345,LP 276-022,16:46:31.53,+34:34:55.2,DR3,-383.680423199226,-383.499415522741,DR3,84.0079414961219,DR3,,,17.028,DR3,12.8512,PS1,1326893351115617024
J16487+106,LSPM J1648+1038,16:48:46.59,+10:38:51.8,DR3,-172.9,-43.5,PPMXL,,,-25.61,Jeff18,11.588,DR3,9.2612,UCAC4,4447659538063045888
J16487-157,LP 806-008,16:48:45.96,-15:44:20.2,DR3,-6.78929119220536,-220.299000911475,DR3,52.6543391201464,DR3,-78.07,DR3,11.1276,DR3,8.9853,UCAC4,4134107168607042816
J16508-048,[RHG95] 2653,16:50:53.79,-04:50:35.1,DR3,-750.124828684518,-235.404449646158,DR3,55.0980015274289,DR3,-21.288,DR3,13.7004,DR3,11.03,PS1,4353476020565733632
J16509+224,G 169-029,16:50:57.94,+22:27:05.7,DR3,36.4866915446759,400.125731712123,DR3,95.5198858392611,DR3,-42.668,DR3,14.314,DR3,11.0884,UCAC4,4566158991430299520
J16528+630,GSC 04194-01561,16:52:49.47,+63:04:38.8,DR3,147.377257427474,152.859866796256,DR3,65.7514056458804,DR3,-21.72,DR3,14.6083,DR3,11.471,UCAC4,1631591147276525696
J16529+400,G 203-033,16:52:55.00,+40:05:08.2,DR3,-60.5324072556707,-225.337460898006,DR3,29.6811548708163,DR3,-27.123,DR3,13.7223,DR3,11.0577,UCAC4,1352904738212716288
J16542+119,Ross 644,16:54:12.03,+11:54:52.9,DR3,-543.691139865976,316.204943631777,DR3,49.8010536942696,DR3,-66.35,DR3,10.9728,DR3,9.0947,UCAC4,4448223656247483904
J16554-083N,Wolf 629,16:55:25.22,-08:19:21.3,DR3,-817.580275058057,-898.594967723842,DR3,153.87539543012,DR3,15.205,DR3,12.0057,DR3,9.2272,UCAC4,4339465360510320128
J16554-083S,V1054 Oph,16:55:28.78,-08:20:11.2,DR3,-825.84,-873.53,HIP2,161.41,HIP2,14.2,PMSU,9.2526,DR3,6.7481,UCAC4,4339465085630200960
J16555-083,VB 8,16:55:35.26,-08:23:40.8,DR3,-813.037505755345,-870.609351533518,DR3,153.965865199531,DR3,14.4093,Lafa20,17.0532,DR3,12.3242,SDSS9,4339417394313320192
J16570-043,LP 686-027,16:57:05.74,-04:20:56.3,DR3,481.630189692674,-376.219589153911,DR3,114.915843500911,DR3,-4.179,DR3,12.5191,DR3,9.682,SDSS9,4365609170043180416
J16573+124,LP 506-037,16:57:22.95,+13:28:09.2,DR3,158.778912058239,-160.312062880949,DR3,37.8380232890542,DR3,19.77,DR3,14.6084,DR3,11.772,UCAC4,4545276035802672768
J16573+271,2MASS J16572235+2708304,16:57:22.31,+27:08:30.5,DR3,-34.3541168095971,43.7704751264992,DR3,27.2691828167911,DR3,-33.425,DR3,13.3775,DR3,10.9195,UCAC4,1306932576508707712
J16574+777,G 259-005,16:57:28.79,+77:43:03.8,DR3,200.27721032869,157.292967381965,DR3,43.2343769301977,DR3,-9.304,DR3,12.9052,DR3,10.4662,UCAC4,1705884151533269376
J16577+132,GJ 647,16:57:46.12,+13:17:29.5,DR3,26.1241156109359,101.506850657311,DR3,29.7827416284574,DR3,-7.307,EDR3,10.8822,DR3,9.071,UCAC4,4449182464747984128
J16578+473,HD 153557B,16:57:53.61,+47:22:02.4,DR3,-138.694231105354,267.638853320125,DR3,55.7713938052206,DR3,-9.043,DR3,11.5266,DR3,9.3354,SDSS9,1408029509583934464
J16581+257,BD+25 3173,16:58:08.85,+25:44:39.0,DR3,-115.31383055702,-508.087081138436,DR3,96.2333422091414,DR3,3.764,DR3,9.9003,DR3,7.7879,SDSS9,4572835535272627712
J16584+139,G 139-3A,16:58:25.25,+13:58:10.5,DR3,-401.3,20.4,CC21,56.2,Dit14,1.6,PMSU,13.4263,DR3,10.5446,UCAC4,4545365955239147520
J16587+688,LP 043-338,16:58:43.74,+68:53:52.6,DR3,-528.526883803434,200.990755949123,DR3,37.1592912643287,DR3,-65.241,DR3,12.1588,DR3,10.053,UCAC4,1649026618553865472
J16591+209,RX J1659.1+2058,16:59:09.61,+20:58:16.5,DR3,-23.4468509589483,117.72813868751,DR3,50.7727634811768,DR3,-5.4,Z21,12.6376,DR3,9.9833,UCAC4,4561968271578549632
J17003+253,LP 587-031,17:00:20.33,+25:21:03.0,DR3,-126.520516341969,132.191446401895,DR3,44.8436884597341,DR3,12.318,DR3,13.4963,DR3,10.965,UCAC4,4572753136321939968
J17006+063,G 139-004,17:00:38.68,+06:18:47.0,DR3,-24.521213243465,-314.741786634245,DR3,33.3065483747537,DR3,-45.553,DR3,11.8773,DR3,9.8645,UCAC4,4393107165572915072
J17010+082,G 139-005,17:01:02.12,+08:12:26.4,DR3,-246.449233634467,-182.260568132091,DR3,51.0573861494609,DR3,-5.579,DR3,13.7288,DR3,11.0273,UCAC4,4443110789740420480
J17027-060,BD-05 4394,17:02:49.59,-06:04:06.2,DR3,-126.142865479825,-83.7916422792944,DR3,50.5512773235673,DR3,-20.187,DR3,11.0629,DR3,9.06,UCAC4,4364314662596822528
J17033+514,G 203-042,17:03:23.88,+51:24:22.9,DR3,124.410039874933,610.145151006468,DR3,100.927365934363,DR3,37.172,DR3,13.8475,DR3,10.6867,UCAC4,1412645602995521920
J17038+321,LP  331-57 A,17:03:52.85,+32:11:46.1,DR3,192.95677399504,97.1608294042431,DR3,54.2714739633081,DR3,-7.117,DR3,12.1944,DR3,9.6051,UCAC4,1310513342280948480
J17043+169,G 170-012,17:04:22.34,+16:55:55.6,DR3,133.490740562861,-1132.18564109556,DR3,60.7340639161442,DR3,39.228,DR3,12.5504,DR3,10.103,UCAC4,4547881191164080768
J17052-050,Wolf 636,17:05:13.78,-05:05:39.2,DR3,-917.206570880673,-1132.15257425017,DR3,95.5597040061285,DR3,34.419,DR3,10.2936,DR3,8.1203,UCAC4,4364480521350598144
J17058+260,LP 387-037,17:05:52.59,+26:05:32.0,DR3,-33.8840223579578,-289.053219187407,DR3,28.7463208493013,DR3,-13.05,DR3,12.405,DR3,10.2351,UCAC4,4573071071278556544
J17071+215,Ross 863,17:07:07.49,+21:33:14.5,DR3,-463.289420987205,-25.6893415152981,DR3,70.9684253763643,DR3,-50.766,DR3,11.8913,DR3,9.4135,UCAC4,4568060562432051584
J17076+073,GJ 1210,17:07:40.84,+07:22:06.6,DR3,-493.5,-375.2,PPMXL,82.0,Dit14,31.0,New14,14.343,DR3,11.1118,APASS9,4394736637893755008
J17082+516,G 203-044,17:08:12.51,+51:38:04.8,DR3,111.249235504492,359.893479715539,DR3,26.1785022090627,DR3,-20.302,DR3,12.0673,DR3,10.0588,UCAC4,1415665858357999360
J17095+436,G 203-047,17:09:31.54,+43:40:52.8,DR3,332.032147548528,-274.500994726519,DR3,131.59960903219,DR3,-21.998,DR3,12.084,DR3,9.2067,UCAC4,1355264565043431040
J17098+119,G 139-017,17:09:52.76,+11:55:34.0,DR3,-363.330682107507,-77.5940178931069,DR3,54.3283452330632,DR3,-47.599,DR3,14.3043,DR3,11.3751,UCAC4,4540984195244025088
J17104+279,StM 336,17:10:25.46,+27:58:40.0,DR3,24.3532552595795,-88.6240811368902,DR3,42.7716807869078,DR3,-20.77,DR3,12.7957,DR3,10.4236,UCAC4,4575010266191725056
J17115+384,Wolf 654,17:11:34.75,+38:26:33.9,DR3,212.687923423884,-46.9481791536212,DR3,83.0686636768925,DR3,-44.592,DR3,11.8579,DR3,9.2389,UCAC4,1341113541156480768
J17118-018,LP 627-009,17:11:52.29,-01:51:06.2,DR3,-444.1,-270.7,CC21,98.19,HIP2,-2.1,PMSU,11.6229,DR3,9.0388,UCAC4,4367834134891584512
J17121+456,HD 155876,17:12:07.83,+45:39:57.8,DR3,249.8,-1572.6,PPMXL,167.29,HIP2,-29.8,PMSU,9.6078,DR3,7.1364,PS1,1364668825433448704
J17136-084,V2367 Oph,17:13:40.47,-08:25:14.8,DR3,-436.95791638709,-412.06971176933,DR3,48.4842910754496,DR3,-7.331,DR3,12.2644,DR3,9.6946,UCAC4,4359809585500446720
J17146+269,G 170-028,17:14:40.22,+26:55:41.9,DR3,-298.529809391442,155.986667479707,DR3,33.6963807018215,DR3,-44.47,DR3,12.6158,DR3,10.3125,UCAC4,4573953498079202304
J17153+049,GJ 1214,17:15:18.93,+04:57:50.1,DR3,580.202152322342,-749.713278758507,DR3,68.298647904967,DR3,20.907,DR3,14.9124,DR3,11.6829,PS1,4393265392168829056
J17158+190,BD+19  3268A,17:15:50.12,+19:00:00.1,DR3,-150.538982670323,14.1654659260895,DR3,73.0620923993278,DR3,-20.761,DR3,10.6135,DR3,8.5871,UCAC4,4548562265603840768
J17160+110,BD+11 3149,17:16:00.64,+11:03:27.6,DR3,-137.43474528232,-347.455736828079,DR3,55.0169213621305,DR3,-45.618,DR3,11.0733,DR3,8.9533,UCAC4,4540061704989418240
J17166+080,GJ 2128,17:16:40.98,+08:03:30.2,DR3,-278.695797562363,-67.3627207280353,DR3,66.134313686376,DR3,-31.123,DR3,11.7137,DR3,9.3745,UCAC4,4395113396338721024
J17177+116,GJ 1215,17:17:44.08,+11:40:12.5,DR3,-343.494977760895,-450.857433317105,DR3,80.840728279035,DR3,-63.574,DR3,15.3286,DR3,11.8701,PS1,4540481374832743040
J17177-118,LTT 6883,17:17:45.30,-11:48:54.3,DR3,-16.6198520071993,-291.629131832927,DR3,36.7710574816316,DR3,86.154,DR3,13.0579,DR3,10.5091,PS1,4142016913519679360
J17183+181,LP 447-038,17:18:22.46,+18:08:56.3,DR3,-19.5699776011719,-243.732635114516,DR3,47.0469799246593,DR3,-16.961,DR3,13.3128,DR3,10.6691,UCAC4,4548267738224232448
J17183-017,MCC 791,17:18:21.71,-01:46:53.4,DR3,98.7146491103331,-126.49359695296,DR3,45.0299068746596,DR3,-26.009,DR3,10.794,DR3,8.8399,UCAC4,4367318326501438976
J17198+265,V639 Her,17:19:52.97,+26:30:02.7,DR3,-226.039923377139,354.984299185533,DR3,92.9583052960202,DR3,-34.492,DR3,13.2953,DR3,10.1672,PS1,4574048021719712640
J17198+417,GJ 671,17:19:52.71,+41:42:49.7,DR3,284.063571889853,-829.908434014648,DR3,81.739424434753,DR3,-19.929,DR3,11.6415,DR3,9.2174,UCAC4,1348028919540189056
J17199+265,V647 Her,17:19:54.21,+26:30:03.1,DR3,-214.836936051897,350.850217153157,DR3,92.9856508139104,DR3,-35.591,DR3,11.6299,DR3,8.9493,UCAC4,4574048021719710848
J17207+492,G 203-063,17:20:46.31,+49:15:20.2,DR3,542.922321960001,-1177.65124931554,DR3,55.6929632462131,DR3,-22.964,DR3,14.7062,DR3,11.8259,PS1,1366580223320727808
J17219+214,G 170-036,17:21:54.62,+21:25:47.4,DR3,-159.807437812265,246.501556180175,DR3,62.909809685421,DR3,-36.947,DR3,14.1534,DR3,11.1874,UCAC4,4567274927017734400
J17225+055,2MASS J17223390+0531153,17:22:33.91,+05:31:15.4,DR3,-97.3888270012295,-18.9318395444202,DR3,40.8944615648354,DR3,-21.233,DR3,12.8614,DR3,10.4437,UCAC4,4390370373754096128
J17242-043,LP 687-031,17:24:16.94,-04:21:52.1,DR3,-234.460514941317,-122.973941091666,DR3,48.518952831977,DR3,65.863,DR3,12.388,DR3,9.9837,UCAC4,4363125648147587328
J17276+144,GJ 1219,17:27:39.88,+14:29:01.9,DR3,-1118.0084498702,-343.313881118229,DR3,54.0988473408331,DR3,-4.355,DR3,13.9909,DR3,11.3036,UCAC4,4542821410453751680
J17285+374,Wolf 750,17:28:30.39,+37:27:07.1,DR3,21.6175113989927,-187.538847246344,DR3,49.252218910475,DR3,2.498,DR3,13.5336,DR3,10.9371,UCAC4,1337270885456433280
J17303+055,BD+05 3409,17:30:22.73,+05:32:54.7,DR3,29.738576040379,-249.317791752493,DR3,98.8439006032541,DR3,-12.945,DR3,9.5288,DR3,7.5444,PS1,4389844948935164544
J17312+820,GJ 1220,17:31:17.21,+82:05:20.1,DR3,-291.489818446962,483.922108597535,DR3,77.7352090591261,DR3,5.799,DR3,14.4364,DR3,11.3867,UCAC4,1710948192852697600
J17316+047,Wolf 755,17:31:38.16,+01:47:49.7,DR3,-179.626642738599,-105.692368246525,DR3,40.4445073115687,DR3,-61.98,DR3,12.231,DR3,10.023,UCAC4,4376455233769489536
J17321+504,LP 180-017,17:32:07.82,+50:24:50.1,DR3,-3.28656798871553,-526.562363164003,DR3,36.2559924501305,DR3,-20.763,DR3,13.1061,DR3,10.5869,UCAC4,1366748001921772544
J17328+543,G 226-064,17:32:53.55,+54:20:12.7,DR3,-267.125009545691,430.176553563418,DR3,43.8733052445787,DR3,-96.99,DR3,12.4988,DR3,10.2862,UCAC4,1417872268957468288
J17338+169,1RXS J173353.5+165515,17:33:53.18,+16:55:13.1,DR3,-135.046609091331,-130.4698422694,DR3,60.9121781205273,DR3,-15.267,DR3,14.557,DR3,11.0214,UCAC4,4549983418742839808
J17340+446,RX J1734.0+4447B,17:34:05.61,+44:47:08.4,DR3,-94.4555869975229,1.12829379083888,DR3,37.6405555376902,DR3,-9.445,DR3,13.138,DR3,10.4209,UCAC4,1360829399549140864
J17355+616,BD+61 1678,17:35:34.48,+61:40:53.6,DR3,261.923302059826,-514.499090309625,DR3,69.892092817222,DR3,-15.53,DR3,10.1906,DR3,8.1746,SDSS9,1439069444391326208
J17364+683,BD+68 946,17:36:25.90,+68:20:20.9,DR3,-320.674724329967,-1269.89328665922,DR3,219.789772119749,DR3,-28.905,DR3,9.3852,DR3,6.8671,UCAC4,1637645127018395776
J17376+220,G 170-054,17:37:36.49,+22:05:50.2,DR3,29.6940317299838,-308.960942461649,DR3,48.7041063769849,DR3,-8.791,DR3,14.379,DR3,11.5045,PS1,4557080701880013824
J17378+185,BD+18 3421,17:37:53.35,+18:35:30.2,DR3,926.638116636647,984.455172787448,DR3,122.554606510855,DR3,-9.944,DR3,9.821,DR3,7.7108,UCAC4,4550763526539955712
J17386+612,[RHG95] 2805,17:38:40.91,+61:13:59.3,DR3,-16.8873106810133,46.642930452677,DR3,30.9454927238904,DR3,-9.4,Haw96,14.9479,DR3,12.0436,PS1,1436001566431649408
J17388+080,G 139-050,17:38:51.25,+08:01:35.3,DR3,-81.8342553758528,-221.752734120155,DR3,49.4736191270656,DR3,22.39,DR3,12.4887,DR3,10.1463,UCAC4,4487343970727152128
J17395+277N,LTT 15242,17:39:32.25,+27:46:36.7,DR3,7.7794893470458,-202.15931866274,DR3,35.9473136863552,DR3,16.039,DR3,12.9717,DR3,10.3985,UCAC4,4595398544666486912
J17395+277S,LP 332-045,17:39:30.71,+27:45:44.0,DR3,15.8910335650314,-200.59150912749,DR3,35.980972621646,DR3,17.714,DR3,11.3238,DR3,9.3547,UCAC4,4595398441587270272
J17419+407,G 204-025,17:41:57.30,+40:44:41.1,DR3,-181.944726950998,201.882923220245,DR3,26.5546219375167,DR3,-62.925,DR3,12.309,DR3,10.2268,UCAC4,1345521758150135936
J17421-088,Wolf 1471,17:42:10.76,-08:49:00.2,DR3,-839.850946252923,-474.224022288273,DR3,46.8205642049536,DR3,-83.712,DR3,13.8363,DR3,11.3289,PS1,4165225959018604288
J17423+574,2MASS J17422264+5726521,17:42:22.65,+57:26:52.2,DR3,-8.14507791834012,-12.400117390382,DR3,12.3102569039673,DR3,-3.833,DR3,13.63,DR3,11.7168,,1422202558064520576
J17425-166,GJ 690.1,17:42:32.27,-16:38:24.8,DR3,-107.619419967747,-691.332382371984,DR3,49.2290924555164,DR3,-33.998,DR3,13.2957,DR3,10.9036,UCAC4,4124051889957546624
J17430+057,G 140-009,17:43:00.80,+05:47:21.8,DR3,243.967443985091,-83.8796014344959,DR3,47.8280262336977,DR3,0.5,PMSU,10.9003,DR3,8.7879,UCAC4,4473756480908157184
J17431+854,G 259-20,17:43:09.19,+85:26:29.9,DR3,-100.006889621196,-273.536411821521,DR3,45.2551564305708,DR3,-140.78,DR3,12.1396,DR3,10.0023,UCAC4,1724494760222303872
J17432-185,Ross 133,17:43:17.54,-18:31:18.8,DR3,-147.537885128251,-555.671127248809,DR3,34.1308770918453,DR3,77.435,DR3,12.318,DR3,10.1936,UCAC4,4120210132023399424
J17439+433,GJ 694,17:43:55.96,+43:22:43.0,DR3,10.3373551884181,-603.19829605652,DR3,104.914746398948,DR3,-14.531,DR3,10.7263,DR3,8.3285,UCAC4,1349047857580994560
J17455+468,BD+46 2361,17:45:33.53,+46:51:19.3,DR3,-18.6140024900578,31.946085010613,DR3,46.534423900514,DR3,3.807,DR3,10.9486,DR3,8.9459,UCAC4,1362592672604119168
J17460+246,LP 389-032,17:46:04.65,+24:39:04.9,DR3,-371.227043986259,508.033060774569,DR3,66.6048703672571,DR3,-79.43,DR3,12.9657,DR3,10.3767,UCAC4,4581486217883307008
J17464+277,mu.02 Her B,17:46:25.19,+27:43:02.2,DR3,-413.974380289045,-798.516300875667,DR3,119.887061364252,DR3,-14.1,PMSU,10.0553,DR3,7.454,PS1,4594497834189213184
J17464-087,Wolf 1473,17:46:29.33,-08:42:36.5,DR3,-43.8053601110195,-428.175365923525,DR3,76.5360981552853,DR3,-16.767,DR3,12.9842,DR3,10.0131,UCAC4,4165561928540617856
J17469+228,StKM 1-1528,17:46:55.96,+22:48:00.1,DR3,2.46724537551325,93.2735629792227,DR3,31.3329730626771,DR3,-39.418,DR3,11.9595,DR3,9.9491,UCAC4,4580262354065113472
J17481+159,2MASS J17481125+1558465,17:48:11.25,+15:58:46.7,DR3,-54.9075682773305,106.401104418925,DR3,36.0080940089488,DR3,0.611,DR3,13.5289,DR3,11.1039,APASS9,4501226503320682368
J17502+237,LP 389-021,17:50:15.13,+23:45:50.9,DR3,-340.321862876978,449.41155552977,DR3,46.8303032314041,DR3,-79.678,DR3,13.7509,DR3,11.0007,UCAC4,4580620038939265920
J17515+147,G 183-006,17:51:30.79,+14:45:30.7,DR3,-188.276635783265,104.758328155887,DR3,31.6265111958171,DR3,-46.598,DR3,13.9918,DR3,11.3162,UCAC4,4500054733163077120
J17521+647,G 227-020,17:52:11.83,+64:46:08.5,DR3,0.164887139710126,-347.393455552838,DR3,33.6378902305831,DR3,-18.461,DR3,11.4261,DR3,9.5038,UCAC4,1440808833131343872
J17530+169,G 183-10A,17:53:00.59,+16:55:03.2,DR3,-240.927960324393,-228.387067311156,DR3,48.2310258331772,DR3,-1.416,DR3,13.0749,DR3,10.4163,UCAC4,4502798839309818368
J17542+073,GJ 1222,17:54:17.12,+07:22:44.8,DR3,-598.963112438086,-288.033866498189,DR3,62.1626324344913,DR3,-28.396,DR3,13.4673,DR3,10.5797,UCAC4,4475881317196185728
J17547+128,LSPM J1754+1251,17:54:43.33,+12:51:20.7,DR3,-79.4739241697456,-130.972143622717,DR3,48.3517167723609,DR3,-30.575,DR3,12.3243,DR3,10.1283,UCAC4,4496250461589918080
J17570+157,G 183-13A,17:57:03.54,+15:46:43.0,DR3,-193.785904506037,-232.770235937091,DR3,47.1496108041737,DR3,-41.414,DR3,12.7818,DR3,10.1554,UCAC4,4501735993818529664
J17572+707,LP 044-162,17:57:15.40,+70:42:01.2,DR3,6.87102178928139,326.688725160739,DR3,52.2509249084938,DR3,-15.3,Des12,18.9257,DR3,14.1445,PS1,1638180413086979840
J17578+046,Barnard's Star,17:57:48.50,+04:41:36.3,DR3,-801.550978368471,10362.3942065466,DR3,546.975939730948,DR3,-110.468,DR3,9.7918,DR3,6.9581,UCAC4,4472832130942575872
J17578+465,G 204-039,17:57:50.97,+46:35:19.1,DR3,-15.069704345037,578.139595462519,DR3,71.495162989977,DR3,-31.489,DR3,11.9514,DR3,9.4115,UCAC4,1350714133093019904
J17589+807,LP 024-152,17:58:56.58,+80:42:43.9,DR3,-238.713423286241,624.929153023497,DR2,31.2261993541185,DR2,-28.324,DR3,13.1666,DR3,10.5741,UCAC4,1706789255761118720
J18010+508,Wolf 1403,18:01:05.58,+50:49:36.8,DR3,166.662469410539,130.349094925063,DR3,27.0495522730878,DR3,-33.445,DR3,12.2341,DR3,10.1986,UCAC4,2123431487545874304
J18012+355,G 182-034,18:01:16.10,+35:35:50.5,DR3,29.211880215759,-571.512301528528,DR3,33.2641589291059,DR3,-35.811,DR3,12.5041,DR3,11.3188,APASS9,4606416269652179328
J18022+642,LP 071-082,18:02:16.60,+64:15:44.2,DR3,196.39438808301,-383.788841678276,DR3,128.305659767228,DR3,-1.6273,Lafa20,13.7073,DR3,10.4484,UCAC4,2161121135533953536
J18027+375,GJ 1223,18:02:46.26,+37:31:03.0,DR3,171.189994530786,-1141.74951391982,DR3,81.7387926023912,DR3,3.13,DR3,15.166,DR3,11.7465,PS1,4609689240889873280
J18031+179,G 183-019,18:03:06.36,+17:54:22.8,DR3,-303.867809630112,-178.213841006468,DR3,37.6327123700231,DR3,-0.558,DR3,12.0045,DR3,9.9398,UCAC4,4503191953375005056
J18037+247,Ross 820,18:03:47.73,+25:45:20.4,DR3,-46.8356660097958,-230.017160961526,DR3,35.9673433122325,DR3,5.508,DR3,11.0813,DR3,9.2205,PS1,4582593426093822080
J18042+359,BD+35 3145,18:04:17.59,+35:57:25.8,DR3,81.5734311655257,-264.382387960569,DR3,46.2491073451964,DR3,-14.134,DR3,11.0578,DR3,9.0047,APASS9,4606406992522938240
J18051-030,HD 165222,18:05:07.58,-03:01:52.7,DR3,569.735050000999,-332.725705841761,DR3,129.218449527746,DR3,32.303,DR3,9.6025,DR3,7.4829,UCAC4,4177731838628465408
J18057-143,PM J18057-1422,18:04:44.65,-14:22:42.5,DR3,-344.8700294006337,24.87038991976127,DR3,105.52292580796777,DR3,,,15.5606,DR3,11.8822,,4147112604476417792
J18063+728,NLTT 46021,18:06:18.07,+72:49:16.3,DR3,11.1123237275381,236.422313262026,DR3,30.6447458989782,DR3,-9.764,DR3,11.5577,DR3,9.6821,UCAC4,2266836429765612800
J18074+184,Wolf 806,18:07:28.24,+18:27:55.4,DR3,-225.086856573123,-79.8124679386855,DR3,30.8866473722649,DR3,-11.452,DR3,12.0494,DR3,9.9692,UCAC4,4526526682493271808
J18075-159,GJ 1224,18:07:32.84,-15:57:47.1,DR3,-618.406202304898,-347.006672715401,DR3,125.450854765309,DR3,-33.219,DR3,13.7799,DR3,10.5603,UCAC4,4145870293808914688
J18096+318,LP 334-11,18:09:40.71,+31:52:12.9,DR3,45.9825068448742,196.209590780107,DR3,45.8818246602872,DR3,-71.348,DR3,11.6282,DR3,9.5534,PS1,4591351448523805312
J18103+512,Wolf 1412,18:10:23.28,+51:15:52.5,DR3,54.5624163896258,152.736032858794,DR3,43.4874624846565,DR3,-28.658,DR3,12.6036,DR3,10.4067,UCAC4,2124772479414763904
J18109+220,StKM 1-1582,18:10:56.21,+22:01:31.6,DR3,-32.5044681218029,-25.4615287426699,DR3,22.0687104377963,DR3,-24.3,D22,11.4953,DR3,9.627,UCAC4,4576407986001233152
J18116+061,NLTT 46076,18:11:36.38,+06:06:27.2,DR3,104.8,42.9,PPMXL,,,-16.37,Ter15,13.1312,DR3,10.7224,UCAC4,4471936308125797504
J18131+260,LP 390-16,18:13:06.57,+26:01:51.9,DR3,221.062118371432,-37.2629049539794,DR3,56.0416538672976,DR3,-8.205,DR3,13.5583,DR3,10.6793,APASS9,4579825847951057792
J18134+054,LP 569-15,18:13:28.19,+05:26:58.5,DR3,-69.7594664738496,-227.640461277571,DR3,34.0892491131373,DR3,8.414,DR3,11.7499,DR3,9.6651,UCAC4,4471562916556377856
J18135+055,NLTT 46124,18:13:33.16,+05:32:12.0,DR3,-70.8808739301269,-227.35022960759,DR3,34.0421146525983,DR3,8.002,DR3,13.9929,DR3,11.2928,UCAC4,4471658131695403264
J18157+189,HD 348274,18:15:43.59,+18:56:19.6,DR3,-41.1329495459353,-427.896277551004,DR3,43.1215596606016,DR3,83.152,DR3,11.0566,DR3,9.0504,UCAC4,4526778333217510656
J18160+139,BD+13 3578,18:16:02.25,+13:54:48.2,DR3,98.7897900728853,-501.103781605604,DR3,54.7330816849054,DR3,6.314,DR3,10.3932,DR3,8.5376,UCAC4,4497494077967197568
J18163+015,GJ 708.3,18:16:18.18,+01:31:27.4,DR3,-408.686867759016,-638.167510750386,DR3,62.9076915780735,DR3,-30.204,DR3,12.7952,DR3,10.2987,UCAC4,4277318077096011264
J18165+048,G 140-51,18:16:31.54,+04:52:45.8,DR3,-155.423043868619,407.110731774801,DR3,68.2477154440925,DR3,-53.892,DR3,14.934,DR3,11.7101,APASS9,4470812298018311296
J18165+455,BD+45 2688,18:16:31.09,+45:33:28.3,DR3,-13.058397584617,337.356740920036,DR3,57.3414710818351,DR3,-38.537,DR3,10.4993,DR3,8.5333,UCAC4,2115454019586473600
J18174+483,TYC 3529-1437-1,18:17:25.13,+48:22:02.3,DR3,-45.6312901227433,48.4406221719163,DR3,50.4026220630101,DR3,-24.45,DR3,11.6005,DR3,9.275,UCAC4,2122104690545294208
J18180+387E,G 204-58,18:18:04.23,+38:46:32.6,DR3,-363.834007390128,-1027.38322144637,DR3,88.0108688924022,DR3,0.452,DR3,12.1245,DR3,9.5904,PS1,2109049433075668480
J18180+387W,G 204-57,18:18:03.40,+38:46:34.3,DR3,-377.561542861088,-1050.78364084196,DR3,87.9813767544762,DR3,-0.561,DR3,13.858,DR3,10.9316,PS1,2109049433075667584
J18189+661,LP 71-165,18:18:57.23,+66:11:33.3,DR3,434.811349837837,-442.789687913617,DR3,130.853077453726,DR3,5.468,DR3,13.7527,DR3,10.6238,UCAC4,2257597439718033536
J18193-057,LP 689-1,18:19:21.28,-05:46:27.1,DR3,368.864196773734,-401.07919464824,DR3,35.5653491549847,DR3,25.086,DR3,12.846,DR3,10.6001,APASS9,4161156632144614528
J18195+420,HAT 153-01130,18:19:34.56,+42:01:37.6,DR3,-58.2192377932285,-14.0147943705564,DR3,29.7575781918167,DR3,-26.528,DR3,12.2874,DR3,10.1431,UCAC4,2113000665548076288
J18198-019,HD 168442,18:19:50.84,-01:56:19.0,DR3,-0.414063740422651,-0.1084750766773,DR3,52.3962922052906,DR3,-14.42,DR3,9.8765,DR3,8.1827,UCAC4,4270814637616488064
J18209-010,G  21-10A,18:20:57.16,-01:02:58.8,DR3,-511.063038441124,-968.003789993661,DR3,56.2647773680118,DR3,-33.495,DR3,13.2284,DR3,10.5349,SDSS9,4271449399422291712
J18221+063,Ross 136,18:22:06.68,+06:20:37.6,DR3,-1190.38675550917,111.103333231775,DR3,67.5409230305319,DR3,-43.753,DR3,12.7996,DR3,10.2067,PS1,4477025122831072768
J18224+620,GJ 1227,18:22:27.09,+62:03:01.7,DR3,-955.101711187115,-1235.60895536608,DR3,119.751864887912,DR3,-15.043,DR3,13.6844,DR3,10.5253,PS1,2159844052779000064
J18227+379,G 205-19,18:22:43.46,+37:57:47.6,DR3,8.4619360151453,-400.968494424211,DR3,28.2124633275533,DR3,-36.766,DR3,11.9293,DR3,9.86,PS1,2108166009842570496
J18234+281,Ross 708A,18:23:28.33,+28:10:03.9,DR3,-77.3741586004768,-183.951101529794,DR3,67.5464844759962,DR3,-21.76,DR3,12.7941,DR3,10.0874,PS1,4586421272746553472
J18240+016,G 21-13,18:24:05.19,+01:41:16.1,DR3,150.438168493758,-238.456666777361,DR3,57.601113817516,DR3,-75.37,DR3,12.0973,DR3,9.7597,UCAC4,4276632394156013440
J18248+282,Ross 710,18:24:52.54,+28:17:21.8,DR3,-186.971981682985,31.1095601963385,DR3,28.0987847724443,DR3,-59.677,DR3,12.2653,DR3,10.1652,APASS9,4586515040472519552
J18250+246,HD 336196,18:25:04.79,+24:38:04.5,DR3,-40.1213369915277,-448.647886940327,DR3,43.7265023617837,DR3,0.19,DR3,11.0034,DR3,9.058,PS1,4536614495522394112
J18255+383,G 205-20,18:25:31.93,+38:21:12.7,DR3,-76.8462141712782,-745.154201921632,DR3,42.3792350880269,DR3,20.765,DR3,11.5054,DR3,9.5324,PS1,2108544241842459648
J18264+113,G 141-010,18:26:24.60,+11:20:57.4,DR3,-11.3635475459845,-275.831784568403,DR3,37.056184302519,DR3,-5.449,DR3,13.1376,DR3,10.5551,UCAC4,4483986573318668928
J18292+638,TYC 4222-2195-1,18:29:12.84,+63:51:10.7,DR3,216.69195687738,12.5537858471894,DR3,32.9311585945625,DR3,4.318,DR3,12.18,DR3,10.0691,UCAC4,2160473763703687808
J18296+338,2MASS J18294012+3350130,18:29:40.11,+33:50:13.0,DR3,-73.5760047307273,16.509364442152,DR3,25.3399911546721,DR3,-40.017,DR3,14.0189,DR3,11.4499,PS1,2094478464468478848
J18312+068,LP 570-092,18:31:16.05,+06:50:10.0,DR3,145.037897544064,-110.747397768239,DR3,59.736628934918,DR3,13.974,DR3,10.952,DR3,8.8755,PS1,4477295014267164800
J18319+406,G 205-028,18:31:58.38,+40:41:11.0,DR3,-92.6785704921641,412.877466556664,DR3,73.7081501297489,DR3,-18.806,DR3,12.231,DR3,9.6335,UCAC4,2110336583235233536
J18346+401,LP 229-017,18:34:36.65,+40:07:26.4,DR3,57.5307001801866,-206.467109808803,DR3,91.7995438497327,DR3,12.571,DR3,11.7177,DR3,8.9478,UCAC4,2110165780975185792
J18352+243,G 184-13A,18:35:13.55,+24:18:43.6,DR3,-109.137551899072,-273.66350626144,DR3,39.678718535685,DR3,40.364,DR3,12.9183,DR3,10.5074,PS1,4535992721693216384
J18352+414,G 205-029,18:35:17.85,+41:29:14.9,DR3,375.727659132716,-29.6375561157672,DR3,53.7817343649965,DR3,-81.418,DR3,12.0114,DR3,9.8373,UCAC4,2110851841872084096
J18353+457,BD+45 2743,18:35:18.39,+45:44:38.5,DR3,452.361755033459,363.466121151341,DR3,64.2358417357925,DR3,-32.07,DR3,10.0665,DR3,8.1371,UCAC4,2118424350249708800
J18354+457,BD+45  2743B,18:35:27.29,+45:45:40.9,DR3,456.42624989652,361.291950069388,DR3,64.2099384099655,DR3,-31.365,DR3,13.2852,DR3,10.5488,UCAC4,2118429538570209920
J18356+329,LSR J1835+3259,18:35:37.88,+32:59:53.3,DR3,-72.6504052492875,-755.145622632563,DR3,175.792966799525,DR3,0.64285,Lafa20,18.4564,DR3,13.3057,PS1,2091177593123254016
J18358+800,LP 025-002,18:35:51.81,+80:05:39.6,DR3,124.060100355786,210.38078537681,DR3,60.999034492576,DR3,12.131,DR3,13.4043,DR3,10.6518,UCAC4,2294281163411732736
J18362+567,G 227-039,18:36:12.68,+56:44:44.3,DR3,21.288245771661,-402.989448427893,DR3,28.0260839631174,DR3,-4.356,DR3,11.251,DR3,9.4858,UCAC4,2148137135864023808
J18363+136,Ross 149,18:36:19.23,+13:36:26.4,DR3,179.231293476438,278.830071668935,DR3,83.1440058852254,DR3,-45.575,DR3,12.7513,DR3,9.9264,PS1,4508377078422114944
J18387+047,LP 570-022,18:38:47.80,+04:46:03.2,DR3,-163.328760403878,-91.2481241980489,DR2,40.2294471119761,DR2,,,11.4599,DR3,9.5461,UCAC4,4283815022601507584
J18387-144,GJ 2138,18:38:44.75,-14:29:26.0,DR3,111.739379764705,-568.994980896032,DR3,74.7917742509543,DR3,-38.937,DR3,11.4989,DR3,9.1358,UCAC4,4103671243754951296
J18394+690,RX J1839.4+6903,18:39:25.70,+69:03:03.6,DR3,5.10186242028687,200.794917141858,DR3,29.5288635636996,DR3,-11.038,DR3,12.1883,DR3,9.9588,PS1,2259246432279875712
J18395+298,LP 335-012,18:39:33.07,+29:52:16.5,DR3,85.6901437025503,-222.901486431903,DR3,82.3560422580176,DR3,,,18.2717,DR3,13.5882,PS1,4587614930058979584
J18395+301,LP 335-013,18:39:32.11,+30:09:54.8,DR3,-91.5764294021959,-169.649765681178,DR3,39.238693575654,DR3,-30.441,DR3,11.0741,DR3,9.2291,PS1,4587904788810726784
J18399+334,G 206-037,18:39:59.90,+33:24:54.3,DR3,25.5856217366439,288.522715625126,DR3,45.4210213528236,DR3,-34.344,DR3,13.4161,DR3,10.7516,PS1,2091272352980851456
J18400+726,LP 044-334,18:40:02.36,+72:40:54.3,DR3,-46.1292700053602,181.579623442309,DR3,52.7796840293354,DR3,,,17.8678,DR3,13.472,PS1,2266317803873109504
J18402-104,Ross 719,18:40:17.84,-10:27:55.2,DR3,-143.150842050431,-556.864822356546,DR3,56.2565584032817,DR3,-69.823,DR3,11.7289,DR3,9.6028,UCAC4,4155146598548456064
J18405+595,G 227-043,18:40:35.43,+59:30:49.3,DR3,159.387181623715,264.994924194571,DR3,35.8095285021389,DR3,-24.337,DR3,12.4347,DR3,10.1785,UCAC4,2154861821996560000
J18409+315,BD+31 3330B,18:40:54.88,+31:31:59.1,DR3,84.6075016384952,-836.907932190424,DR3,41.7450972920389,DR3,28.534,DR3,11.7074,DR3,9.5691,PS1,2090050284463108992
J18409-133,BD-13 5069,18:40:57.31,-13:22:46.6,DR3,-94.2869657892388,-671.266136052592,DR3,58.8411668605985,DR3,-33.356,DR3,10.8615,DR3,8.737,UCAC4,4105386688016878336
J18411+247N,G 184-19B,18:41:09.80,+24:47:19.6,DR3,498.682947039807,57.1277249892358,DR3,100.555280066917,DR3,-11.484,DR3,15.1198,DR3,11.565,PS1,4535928365908541440
J18411+247S,G 184-19,18:41:09.76,+24:47:14.4,DR3,505.344316913589,87.0449045999264,DR3,100.685004266982,DR3,-9.0,New14,12.5397,DR3,9.4415,APASS9,4535928365908540416
J18416+397,G 205-035,18:41:37.40,+39:42:12.1,DR3,-258.445850449823,-180.692856256695,DR3,80.1042028407056,DR3,-26.033,DR3,13.8381,DR3,10.9351,UCAC4,2098413719661573248
J18419+318,Ross 145,18:41:59.04,+31:49:49.8,DR3,-300.323911635551,8.23798456490364,DR3,92.6127433183651,DR3,-31.628,DR3,11.5312,DR3,9.0617,PS1,2090085056523454464
J18427+139,V816 Her,18:42:44.98,+13:54:16.7,DR3,-31.0304326694488,354.248537240409,DR3,91.4643752155485,DR3,-34.367,DR3,13.0589,DR3,10.1517,UCAC4,4505805591300126080
J18427+596N,HD 173739,18:42:46.70,+59:37:49.4,DR3,-1311.67908255228,1792.32455583044,DR3,283.840118018439,DR3,-1.303,DR3,9.167,DR3,6.7059,PS1,2154880616774131840
J18427+596S,HD 173740,18:42:46.89,+59:37:36.7,DR3,-1400.26351675689,1862.52514774855,DR3,283.837767845006,DR3,0.876,DR3,9.9597,DR3,7.3342,,2154880616774131712
J18432+253,TYC 2112-920-1,18:43:14.46,+25:22:46.5,DR3,39.3413315765395,-211.779553659307,DR3,31.2432224063183,DR3,18.243,DR3,12.051,DR3,10.0449,APASS9,4537477783950449280
J18433+406,V492 Lyr,18:43:22.13,+40:40:21.3,DR3,-120.802501371192,591.278901079816,DR3,69.6347621344647,DR3,-10.3,Haw96,18.496,DR3,13.9236,SDSS9,2098514324976071424
J18451+063,TYC 460-624-1,18:45:10.27,+06:20:15.9,DR3,-37.84905870398,-77.7122069433944,DR3,52.990722403394,DR3,-24.838,DR3,11.0884,DR3,8.9899,PS1,4285624303336874624
J18453+188,G 184-024,18:45:22.95,+18:51:58.5,DR3,-139.034199107011,-262.886476590331,DR3,71.0495312450317,DR3,16.243,DR3,13.9593,DR3,11.0296,UCAC4,4512525016089353472
J18480-145,G 155-042,18:48:01.27,-14:34:51.2,DR3,-236.445322642136,-237.255064818835,DR3,58.5990990912377,DR3,-4.552,DR3,12.3222,DR3,9.8929,APASS9,4101968375059565568
J18482+076,G 141-036,18:48:17.54,+07:41:21.2,DR3,376.042303290939,248.719196941654,DR3,131.279008754053,DR3,-34.638,DR3,14.4584,DR3,10.9455,UCAC4,4286249341336984576
J18487+615,LSPM J1848+6135,18:48:46.71,+61:35:07.5,DR3,158.849925532511,-71.7631857192915,DR3,41.8868271679256,DR3,-44.054,DR3,12.726,DR3,10.4091,UCAC4,2156787612316358144
J18498-238,V1216 Sgr,18:49:49.36,-23:50:10.4,DR3,639.367850335873,-193.957925071161,DR3,336.026601668371,DR3,-11.116,DR3,10.7322,DR3,7.8981,UCAC4,4075141768785646848
J18499+186,G 184-031,18:49:54.47,+18:40:28.7,DR3,-109.303711832181,-278.684937351486,DR3,83.7864781816323,DR3,30.275,DR3,14.3769,DR3,11.2374,APASS9,4518262684390915200
J18500+030,Ross 142,18:50:00.83,+03:05:17.2,DR3,-184.885460836047,-408.466672672057,DR3,47.076898238197,DR3,-0.296,DR3,10.9642,DR3,8.9636,UCAC4,4279492361332301056
J18507+479,G 205-038,18:50:45.25,+47:58:19.2,DR3,256.017289646939,-117.995939235646,DR3,50.9062819108046,DR3,-78.209,DR3,12.7795,DR3,10.241,UCAC4,2119686379142441472
J18515+027,BD+02 3698,18:51:35.78,+02:46:23.6,DR3,-176.371181130219,-274.447124429863,DR3,27.6789806993453,DR3,-1.674,DR3,11.5244,DR3,9.6441,UCAC4,4279420996156850048
J18516+244,G 184-036,18:51:40.86,+24:27:32.2,DR3,-355.695877736668,-35.1061640228051,DR3,55.1464312674774,DR3,-63.011,DR3,13.0122,DR3,10.4859,PS1,4534214948839463040
J18518+165,HD 229793,18:51:51.18,+16:34:59.8,DR3,-225.906260195478,-481.827918745791,DR3,65.7590491194153,DR3,-14.831,DR3,10.3543,DR3,8.4039,UCAC4,4510987662629223424
J18519+130,2MASS J18515965+1300034,18:51:59.61,+13:00:03.5,DR3,48.3139117252719,-149.704034949062,DR3,33.4909675169938,DR3,-22.34,DR3,12.0186,DR3,9.794,UCAC4,4506203756268609792
J18534+028,G 141-046,18:53:25.37,+02:50:48.7,DR3,295.672441449269,47.4670327540018,DR3,50.236352925711,DR3,-10.472,EDR3,12.6228,DR3,10.31,UCAC4,4279261876207080576
J18548+008,BD+00 4050,18:54:53.21,+00:51:46.8,DR3,-70.4018151317492,-126.768826573853,DR3,40.1200068070262,DR3,24.491,DR3,10.8333,DR3,8.9808,UCAC4,4266702906501990016
J18548+109,HD 230017B,18:54:53.82,+10:58:43.8,DR3,29.4185271199568,84.3039086158964,DR3,53.6444456272167,DR3,-25.105,DR3,12.8059,DR3,10.1839,,4311983376655076864
J18554+084,V1285 Aql,18:55:27.41,+08:24:09.0,DR3,91.4778842945891,-69.0216378687386,DR3,89.906455237672,DR3,-22.8,PMSU,10.4053,DR3,7.8674,UCAC4,4310275491469537152
J18563+544,G 229-19,18:56:18.21,+54:29:51.1,DR3,44.245953021615,-346.284530804908,DR3,23.4898152162861,DR3,-17.607,DR3,12.2851,DR3,10.0522,UCAC4,2146776906839732224
J18564+463,G 205-047,18:56:26.31,+46:22:53.7,DR3,59.3657583411364,304.045451201855,DR3,51.1826686018512,DR3,2.04,DR3,14.163,DR3,11.3369,UCAC4,2107257297843283584
J18571+075,LP 571-080,18:57:10.54,+07:34:17.0,DR3,-129.84357657006,-140.618606164143,DR3,38.9951629614387,DR3,-5.301,DR3,11.6858,DR3,9.642,UCAC4,4309961237290930304
J18576+535,G 229-20A,18:57:37.96,+53:31:15.2,DR3,256.055458347178,-52.8103025107497,DR3,40.348037700716,DR3,17.191,DR3,13.3311,DR3,10.8247,PS1,2146576757065535360
J18580+059,BD+05 3993,18:58:00.14,+05:54:29.2,DR3,-196.327622431535,-1220.61097838102,DR3,90.0211529899421,DR3,9.961,DR3,9.4503,DR3,7.472,UCAC4,4282578724832056576
J18596+079,BD+07 3922,18:59:38.61,+07:59:14.1,DR3,366.164588964874,-181.278572303351,DR3,35.3310848591843,DR3,-83.57,DR3,11.0507,DR3,9.1777,UCAC4,4310095515150736512
J19025+704,LP 045-128,19:02:30.82,+70:25:50.1,DR3,4.7001580917476,215.256302882919,DR3,41.5127061077104,DR3,-35.926,DR3,12.8493,DR3,10.4496,UCAC4,2262421065946579584
J19025+754,LSPM J1902+7525,19:02:31.93,+75:25:07.0,DR3,203.465742000437,-21.4006843909002,DR3,23.8570683083255,DR3,-19.94,DR3,13.111851,DR3,11.080335,UCAC4,2268372099615724288
J19032+034,G 141-057,19:03:13.60,+03:24:02.7,DR3,-187.129424143278,-84.5859270334228,DR3,46.0467907999471,DR3,-5.279,DR3,12.617,DR3,10.1692,UCAC4,4269203303374311552
J19032+639,StKM 1-1676A,19:03:17.27,+63:59:34.0,DR3,78.2099269038235,121.298318068595,aDR3,27.4964266166402,aDR3,-11.128,EDR3,10.8173,DR3,9.0482,UCAC4,2252778898728392448
J19032-135,LP 751-001,19:03:16.65,-13:34:05.0,DR3,-493.579930668516,-490.670222537136,DR3,53.8377814564113,DR3,56.799,DR3,15.1872,DR3,12.1569,PS1,4101582957531738112
J19041+211,1RXS J190405.9+2110,19:04:06.12,+21:10:31.5,DR3,109.512384901499,72.4756452125234,DR3,27.7416915808693,DR3,-35.06,DR2,12.4217,DR3,10.1967,PS1,4519775268806661888
J19044+590,LSPM J1907+5905,19:07:24.83,+59:05:09.4,DR3,69.9896307340882,160.795850294096,DR3,44.5582538881653,DR3,-41.343,DR3,12.6196,DR3,10.0752,PS1,2155540255030594560
J19045+240,TYC 2122-1204-1,19:04:31.41,+24:01:54.6,DR3,-147.64094601808,7.82949133823457,DR3,36.009047286902,DR3,-42.87,DR3,12.5067,DR3,10.2159,PS1,4533577850572985344
J19070+208,Ross 730,19:07:05.56,+20:53:16.9,DR3,-478.266936589884,-349.087961301144,DR3,113.252129800078,DR3,32.012,DR3,11.0123,DR3,8.729,PS1,4519789321942643072
J19072+208,HD 349726,19:07:13.20,+20:52:37.3,DR3,-480.754141129177,-332.49823071542,DR3,113.222809176682,DR3,31.896,DR3,11.0053,DR3,8.7185,PS1,4519789081415296128
J19077+325,GJ 747,19:07:43.01,+32:32:41.8,DR3,1207.6,1089.5,Gall15,122.3,vAl95,-43.0,New14,11.5169,DR3,8.8622,PS1,2042937585610945536
J19082+265,G 207-018,19:08:15.78,+26:35:05.7,DR3,-190.691045130734,-502.227267348114,DR3,52.4715603237263,DR3,-5.505,DR3,15.4461,DR3,12.2688,PS1,2036104120839521792
J19084+322,G 207-019,19:08:29.93,+32:16:51.6,DR3,-199.460211734925,-224.307261284687,DR3,80.1835273303892,DR3,-2.143,DR3,12.0611,DR3,9.4989,PS1,2042871958509344896
J19093+382,StKM 1-1680,19:09:19.17,+39:12:03.6,DR3,-112.568281483494,-177.539261300072,DR3,36.0466848445942,DR3,-25.056,DR3,11.5687,DR3,9.3747,SDSS9,2100403801349406336
J19093-147,Ross 727,19:09:19.89,-14:44:54.8,DR3,172.632989281566,-470.339268658213,DR3,48.3940884872213,DR3,31.95,DR3,12.2061,DR3,9.865,PS1,4185275209966301568
J19095+391,LSPM J1909+3910,19:09:31.69,+39:10:51.3,DR3,-110.651036755972,-182.17161166412,DR3,36.152053465607,DR3,-25.082,DR3,12.5569,DR3,10.2831,SDSS9,2099652937987822720
J19098+176,GJ 1232,19:09:50.87,+17:40:06.4,DR3,-640.56299741852,-424.098057147477,DR3,97.2417973840026,DR3,-14.554,DR3,13.774,DR3,10.6555,PS1,4514347014282093312
J19106+015,G 22-17,19:10:38.55,+01:32:10.4,DR3,-163.233125953968,-196.663866834271,DR3,29.017601596198,DR3,44.5,DR3,12.4255,DR3,10.268,PS1,4267422193264246784
J19116+050,TYC 471-1564-1,19:11:47.78,+05:00:36.1,DR3,97.040288954946,81.6194630453021,DR3,36.202142291603,DR3,-91.718,DR3,11.6603,DR3,9.6522,UCAC4,4293406921526178048
J19122+028,Wolf 1062,19:12:14.62,+02:53:11.4,DR3,1760.98677329864,-554.092030287227,DR2,106.27940889515,DR2,-41.4,PMSU,11.306,DR3,8.6819,UCAC4,4268226078065241600
J19124+355,G 207-022,19:12:29.40,+35:33:52.4,DR3,229.555078959144,-133.701283906988,DR3,55.7829968235492,DR3,-53.199,DR3,12.2647,DR3,9.8886,,2050589430625453824
J19146+193N,Ross 733,19:14:39.16,+19:19:03.7,DR3,-614.330835248372,434.946360386327,DR3,55.1861958882778,DR3,-86.48,Jeff18,11.7809,DR3,9.2076,UCAC4,4516199313406309504
J19146+193S,Ross 734,19:14:39.21,+19:18:23.0,DR3,-618.324245446379,434.09153770521,DR3,55.222996981895,DR3,-49.899,DR3,13.5433,DR3,10.7781,UCAC4,4516199240366268672
J19169+051N,V1428 Aql,19:16:55.26,+05:10:08.0,DR3,-579.080529659328,-1332.86771635424,DR3,169.061505281574,DR3,35.33,DR3,9.3557,DR3,6.9772,,4293318823182081408
J19169+051S,V1298 Aql,19:16:57.61,+05:09:01.6,DR3,-598.761267442191,-1366.06349698638,DR3,168.953707418574,DR3,35.73066,Lafa20,17.7462,DR3,12.7748,PS1,4293315765165489536
J19185+580,LSPM J1918+5803,19:18:30.37,+58:03:13.9,DR3,54.041751161158,170.263289632195,DR3,26.2658956744713,DR3,5.525,DR3,12.2972,DR3,10.2623,UCAC4,2143230844400805632
J19205-076,LAWD 74,19:20:33.46,-07:39:43.8,DR3,-70.5909936353076,-177.974037132246,DR3,95.1783951524141,DR3,11.309,DR3,12.3691,DR3,9.8072,UCAC4,4201781696994082944
J19206+731N,2MASS J19204172+7311467,19:20:41.73,+73:11:46.8,DR3,6.84541443457494,-82.2164100811202,DR3,32.7912649257018,DR3,-32.631,DR3,15.5121,DR3,12.5758,,2264839952875245696
J19206+731S,2MASS J19204172+7311434,19:20:41.73,+73:11:43.5,DR3,7.79961098598535,-74.0760808260632,DR3,32.7823367751916,DR3,-34.94,DR3,15.2216,DR3,12.3619,,2264839957167921024
J19215+425,LSPM J1921+4230,19:21:32.10,+42:30:52.5,DR3,54.7354182753716,141.727280339294,DR3,31.4719400274382,DR3,-24.442,DR3,12.3884,DR3,10.0749,UCAC4,2101992694430576256
J19216+208,GJ 1235,19:21:38.70,+20:52:03.3,DR3,-949.499183298565,-1456.65361847437,DR3,94.3989790211063,DR3,3.566,DR3,13.7023,DR3,10.6554,PS1,4516795626657707008
J19218+286,V2078 Cyg,19:21:51.43,+28:39:58.2,DR3,864.802926897889,255.4802687764,DR3,42.4227302706225,DR3,-30.505,DR3,11.7986,DR3,9.6819,PS1,2038078706303237632
J19220+070,GJ 1236,19:22:02.07,+07:02:30.3,DR3,-739.859736521601,-444.945051723117,DR3,94.1928882005881,DR3,23.961,DR3,12.6825,DR3,10.0849,PS1,4295619138933719808
J19228+307,GSC 02654-01527,19:22:48.73,+30:45:12.0,DR3,-66.3466733413742,94.5158876559028,DR3,32.7023284369728,DR3,-13.113,DR3,10.9104,DR3,9.0908,APASS9,2038961889014257920
J19234+666,NLTT 47788,19:23:25.02,+66:39:52.7,DR3,-187.482396305248,94.2544225036157,DR3,30.6691748112857,DR3,-77.668,DR3,12.2271,DR3,10.1413,UCAC4,2254867558502251264
J19237+797,2MASS J19234595+7944372,19:23:45.97,+79:44:37.1,DR3,81.2387584321989,33.2197551440976,DR3,27.8704818376421,DR3,-12.953,DR3,12.1437,DR3,10.1064,UCAC4,2294803882408522240
J19242+755,GJ 1238,19:24:16.31,+75:33:11.8,DR3,369.422429708293,592.282436385251,DR3,94.0673540361387,DR3,-19.332,DR3,15.6733,DR3,12.011,APASS9,2289304297045379456
J19242+797,TYC 4592-101-1,19:24:15.17,+79:43:36.8,DR3,82.1100393195734,32.1921888690195,DR3,27.8763079990127,DR3,-12.582,DR3,11.8699,DR3,9.916,UCAC4,2294803603233537664
J19251+283,Ross 164,19:25:08.48,+28:21:13.8,DR3,207.532677419893,377.75333792109,DR3,59.616415572683,DR3,-40.599,DR3,12.7747,DR3,10.1094,PS1,2026037542160935552
J19255+096,LSPM J1925+0938,19:25:30.91,+09:38:23.3,DR3,80.1855488443909,-242.866449363982,DR3,58.9119588230452,DR3,-22.047,Thiswork,19.1753,DR3,14.0944,PS1,4308488780772030336
J19260+244,G 185-023,19:26:01.62,+24:26:17.1,DR3,181.993517532662,97.7127509268802,DR3,53.8255130760344,DR3,-34.828,DR3,14.5173,DR3,11.4776,UCAC4,2022893621784904064
J19268+167,LTT 15678,19:26:49.38,+16:43:01.6,DR3,34.8031381779752,-207.461238259719,DR3,47.7055173541557,DR3,-22.099,DR3,13.2933,DR3,10.6242,UCAC4,4322492440039701120
J19284+289,TYC 2137-1575-1,19:28:25.52,+28:54:10.2,DR3,-9.41066478671985,-40.7956951083755,DR3,38.5946110797499,DR3,-14.736,DR3,11.072,DR3,9.232,APASS9,2026408043220034176
J19289+066,2MASS J19285563+0638259,19:28:55.65,+06:38:25.8,DR3,54.1922198829832,-85.6336496331075,DR3,30.519578358244,DR3,10.177,DR3,12.4503,DR3,10.3016,UCAC4,4294690189048270464
J19312+361,G 125-15,19:31:12.55,+36:07:29.9,DR3,-129.778038448075,-106.444418983705,DR3,24.9482645084953,DR3,11.304,DR3,14.39,DR3,11.4245,PS1,2051425982875376896
J19326+005,GJ 761.2,19:32:37.92,+00:34:39.1,DR3,218.117253087653,25.0301497845389,DR3,45.1424267656068,DR3,-48.172,DR3,10.6504,DR3,8.806,UCAC4,4287473578816247936
J19336+395,Ross 1063,19:33:39.44,+39:31:36.6,DR3,225.100988981765,-421.326166201152,DR3,57.5744774027942,DR3,-5.443,DR3,11.9391,DR3,9.5844,PS1,2052469973468984192
J19346+045,BD+04 4157,19:34:39.84,+04:34:57.0,DR3,524.408809707521,311.082579623806,DR3,69.2566444067609,DR3,-58.933,DR3,9.5524,DR3,7.8166,PS1,4291123545113039616
J19349+532,Wolf 1108,19:34:55.02,+53:15:23.6,DR3,300.440383364703,481.881172889225,DR3,65.7445486209305,DR3,-26.853,DR3,12.4459,DR3,10.0253,UCAC4,2136665454312416128
J19351+084N,MCC 811B,19:35:06.37,+08:27:44.3,DR3,-34.0882915218373,-55.3432623941589,DR3,38.6852978895405,DR3,-21.284,DR3,13.0327,DR3,10.5891,PS1,4296063169833346176
J19351+084S,MCC 811,19:35:06.31,+08:27:38.8,DR3,-64.11,-55.31,HIP2,32.42,HIP2,-21.15,DR2,10.5846,DR3,8.6102,APASS9,4296063169842657920
J19354+377,RX J1935.4+3746,19:35:29.20,+37:46:08.1,DR3,-133.687811131388,-92.3499510107222,DR3,69.124684541167,DR3,-19.058,DR3,11.826,DR3,9.1993,UCAC4,2051984436005124480
J19358+413,BD+40 3796,19:35:51.43,+41:19:08.0,DR3,-306.424895715047,-78.3185366967653,DR3,34.8851263588422,DR3,-12.157,DR3,10.6194,DR3,8.7859,UCAC4,2077398234224960384
J19395+718,BD+71 8595,19:39:32.87,+71:52:19.2,DR3,-190.197889946701,-443.502118623947,DR3,47.5306299914782,DR3,-34.494,DR3,11.1755,DR3,9.2178,UCAC4,2263910113928117632
J19419+031,GJ 1242,19:41:54.21,+03:09:16.0,DR3,-266.725189251386,-480.578274810422,DR3,43.342680410258,DR3,32.737,DR3,13.1262,DR3,10.7931,UCAC4,4289793067314163072
J19420-210,LP 869-019,19:42:00.65,-21:04:05.4,DR3,76.9208469082565,-250.69739869668,DR3,53.5822736768379,DR3,-17.507,DR3,13.4772,DR3,10.5037,UCAC4,6868107358662346112
J19422-207,2MASS J19421282-2045477,19:42:12.82,-20:45:48.0,DR3,-10.2907382031361,-154.256436797997,DR3,63.096116771427,DR3,-1.948,DR3,14.4965,DR3,11.4326,PS1,6868221463056407168
J19457+271,Ross  165A,19:45:45.46,+27:07:31.3,DR3,-46.1497948575622,-1224.5651968065,DR3,93.8789966095274,DR3,-3.225,DR3,13.0814,DR3,10.2212,PS1,2028065934962125184
J19457+323,LP 337-003,19:45:49.75,+32:23:13.7,DR3,394.293418512046,197.823200184003,DR3,72.6999881266323,DR3,-15.278,DR3,11.0923,DR3,8.9415,UCAC4,2034628782438989440
J19463+320,BD+31 3767A,19:46:23.93,+32:01:01.4,DR3,464.789533032395,-391.65757602908,DR3,71.7154988604958,DR3,-4.854,DR3,10.3688,DR3,8.2855,UCAC4,2034581091118259328
J19464+320,BD+31 3767B,19:46:24.22,+32:00:57.8,DR3,483.068090283769,-416.839352952138,DR3,71.6836271144973,DR3,-5.082,DR3,11.3766,DR3,9.0213,PS1,2034581091125010048
J19468-019,2MASS J19465050-0157397,19:46:50.51,-01:57:39.7,DR3,117.167226758674,-22.0926488543754,DR3,42.5881679657692,DR3,-119.139,DR3,12.3591,DR3,9.9752,UCAC4,4234960284989103744
J19470+352,LSPM J1947+3516,19:47:03.45,+35:16:57.4,DR3,-115.36744210938,-117.859617197556,DR3,30.2274827263337,DR3,-14.2,DR3,12.4772,DR3,10.244,UCAC4,2047568831694975232
J19486+359,G 125-034,19:48:40.81,+35:55:17.2,DR3,54.0097723695244,-288.181272106622,DR3,74.3855274655669,DR3,0.712,DR3,13.3388,DR3,10.5922,UCAC4,2047690533883897856
J19500+325,LP 338-002,19:50:02.57,+32:35:01.7,DR3,419.9,239.0,Gall15,58.8,vAl95,-39.5,PMSU,12.6503,DR3,10.159,UCAC4,2034670873110636416
J19502+317,LP 338-004,19:50:15.93,+31:47:00.4,DR3,144.305300120682,335.076026283606,DR3,33.7252347755213,DR3,-31.636,DR3,13.1607,DR3,10.6891,UCAC4,2033777996642886528
J19510+104,omi Aql B,19:51:00.68,+10:24:39.9,DR3,263.941286239855,-116.171198975999,DR3,51.3734595853411,DR3,2.263,DR3,13.2206,DR3,10.5473,PS1,4303294035005560704
J19511+464,G 208-042,19:51:09.32,+46:29:00.2,DR3,183.242034324961,265.697325627169,DR3,83.4939595733156,DR3,-13.4,DR3,13.1524,DR3,10.317,UCAC4,2080285727861817088
J19512+622,G 260-035,19:51:12.06,+62:17:11.8,DR3,-159.979276559048,242.196956218543,DR3,34.1025987506309,DR3,-17.134,EDR3,11.8475,DR3,9.7002,UCAC4,2241125999619972480
J19535+341,LP 282-007,19:53:32.71,+34:08:28.6,DR3,17.0174433634188,227.648582320502,DR3,37.1489373735557,DR3,-28.409,DR3,11.8454,DR3,9.6928,APASS9,2035294983392947200
J19539+444E,G 208-45,19:53:55.14,+44:24:54.1,DR3,349.363004776197,-480.322315106861,DR3,214.574503025698,DR3,3.932,DR3,14.332,DR3,10.5095,PS1,2079073928612821760
J19539+444W,G 208-44,19:53:54.48,+44:24:51.3,DR3,441.561972632733,-434.240737422247,DR2,213.132893473234,DR2,3.0,New14,13.7283,DR3,10.0269,UCAC4,2079074130463898624
J19540+325,G 125-043,19:54:02.66,+32:33:53.3,DR3,173.206000203027,160.506250022676,DR3,21.7404344878292,DR3,-56.653,DR3,12.6961,DR3,10.3945,APASS9,2034291094904356224
J19546+202,TYC 1624-397-1,19:54:37.56,+20:13:06.5,DR3,-38.0414402876872,-62.8937086404687,DR3,36.3848510907934,DR3,-47.846,EDR3,11.0392,DR3,9.2262,PS1,1826261983123386240
J19558+512,Wolf 1122,19:55:52.81,+51:16:22.1,DR3,472.262163525572,346.727282669895,DR3,39.3681568976717,DR3,-47.722,DR3,12.0838,DR3,9.9707,UCAC4,2088887447842531584
J19564+591,BD+58 2015B,19:56:24.86,+59:09:21.5,DR3,-430.940702856093,-107.922831196182,DR3,36.7364827980681,DR3,8.927,DR3,13.7742,DR3,11.2141,UCAC4,2235729562191515136
J19565+591,BD+58 2015A,19:56:33.95,+59:09:41.5,DR3,-423.907552333934,-78.1252443777123,DR3,36.8141643381235,DR3,8.615,EDR3,10.1521,DR3,8.5215,PS1,2235729905789807872
J19573-125,HD 188807 B,19:57:23.80,-12:33:50.2,DR3,-89.6009124108573,-518.090014048756,DR3,56.1738956968829,DR3,-10.513,DR3,15.6373,DR3,12.1926,PS1,4188996885011268608
J19582+020,LP 634-002,19:58:15.74,+02:02:15.6,DR3,-337.707063473971,-820.544185039831,DR3,64.1467249609067,DR3,3.765,DR3,12.2244,DR3,9.8375,UCAC4,4240815184408080512
J19582+650,G 260-038,19:58:16.48,+65:02:18.8,DR3,-66.6677719757969,388.736317048248,DR3,53.8077303082405,DR3,-51.168,DR3,13.0343,DR3,10.3884,PS1,2247535151679497472
J20005+593,2MASS J20003177+5921289,20:00:31.74,+59:21:28.9,DR3,115.563021102234,64.9489101971174,DR3,29.0461601154058,DR3,20.728,DR3,14.2389,DR3,11.37,PS1,2237179062115406720
J20011+002,NLTT 48567,20:01:06.15,+00:16:15.5,DR3,55.5760760217786,-217.712934349969,DR3,50.262494494199,DR3,-32.724,DR3,11.755,DR3,9.4811,PS1,4237021938009045248
J20034+298,HD 190360 B,20:03:26.58,+29:51:59.5,DR3,681.116380770302,-525.863154862112,DR3,62.5269090390372,DR3,-44.023,DR3,14.6474,DR3,11.4809,PS1,2029432043779954432
J20037+644,TYC 4240-978-1,20:03:47.82,+64:25:46.8,DR3,-8.14085380862839,-98.4007980388549,DR3,26.5790966107749,DR3,-1.258,DR3,11.211,DR3,9.4496,PS1,2247440975935203840
J20038+059,GJ 1248,20:03:51.00,+05:59:44.2,DR3,-495.477509633363,-799.622082833509,DR3,75.2548209980512,DR3,30.086,DR3,12.3463,DR3,10.036,UCAC4,4248817876711932416
J20039-081,LP 694-016,20:03:58.91,-08:07:47.5,DR3,-501.165916685732,-247.285815818216,DR3,51.8223659577572,DR3,-15.187,DR3,13.7765,DR3,10.912,APASS9,4192723988912416256
J20050+544,V1513 Cyg,20:05:02.20,+54:26:03.2,DR3,-1159.52378788334,-904.008139928928,DR3,60.2957866960121,DR3,7.264,DR3,12.2316,DR3,10.15,UCAC4,2185710338703934976
J20057+529,Wolf 1131,20:05:44.24,+52:58:18.0,DR3,197.39825745083,195.078291542183,DR3,46.9740621825032,DR3,-36.259,DR3,13.4163,DR3,10.7428,UCAC4,2089355702357960448
J20079-015,G 24-5,20:07:57.55,-01:32:28.0,DR3,340.605190293108,-220.128367212787,DR3,47.2445225174297,DR3,-5.158,DR3,13.8569,DR3,11.1973,UCAC4,4223777873773440384
J20082+333,GJ 1250,20:08:17.90,+33:18:13.0,DR3,346.0,369.9,PPMXL,46.2,vAl95,-10.229,DR3,15.1587,DR3,11.9123,UCAC4,2055262595567307392
J20093-012,2MASS J20091824-0113377,20:09:18.25,-01:13:38.3,DR3,-43.9988061653754,-374.022051505966,DR3,92.6524915489984,DR3,-53.429,DR3,14.6752,DR3,11.3463,UCAC4,4223813264304668288
J20105+065,LSPM J2010+0632,20:10:34.44,+06:32:13.9,DR3,43.222532036132,-203.589491690559,DR3,62.1400525972676,DR3,-52.15,Shk10,12.4756,DR3,9.7038,UCAC4,4250327300012527872
J20109+708,TYC 4450-1440-1,20:10:57.12,+70:52:09.8,DR3,-36.8338543434213,55.1147483960316,DR3,12.1042786535154,DR3,14.67,DR3,11.998396,DR3,10.602911,APASS9,2251459209896210816
J20112+161,BD+15 4074B,20:11:13.26,+16:11:08.0,DR3,-417.297549637186,399.60768056828,DR3,48.928187148305,DR3,-50.068,DR3,14.2465,DR3,11.3713,UCAC4,1809359465717142656
J20112+379,LSPM J2011+3757,20:11:12.65,+37:57:50.0,DR3,144.720305739214,-119.28244066811,DR3,29.3113714691204,DR3,-66.409,DR3,12.0669,DR3,9.9467,UCAC4,2061572898979115136
J20129+342,G 125-70,20:12:54.91,+34:16:39.7,DR3,-390.133239957416,-132.436697226757,DR3,31.9295886665228,DR3,-18.499,EDR3,11.5274,DR3,9.5144,PS1,2055671339023893248
J20132+029,[R78b] 440,20:13:12.82,+02:56:02.0,DR3,108.686383004843,21.157362669299,DR3,27.3592891940804,DR3,-28.784,DR3,11.9857,DR3,9.9921,UCAC4,4244169931815651712
J20138+133,Ross 754,20:13:51.81,+13:23:19.7,DR3,421.920860473124,19.1289583701487,DR3,32.5878789332695,DR3,-68.133,DR3,11.5323,DR3,9.5531,UCAC4,1803475188714186368
J20139+066,LP 574-001,20:13:58.98,+06:41:16.2,DR3,-252.047970182067,-582.564298312252,DR3,43.5696146226863,DR3,-1.482,DR3,13.465,DR3,10.7489,PS1,4249667627392687488
J20151+635,LP 106-240,20:15:09.91,+63:31:12.8,DR3,304.260623029252,224.188131033025,DR3,28.7101211152264,DR3,-4.925,DR3,11.3137,DR3,9.5102,UCAC4,2244165462076988672
J20165+351,G 210-011,20:16:32.15,+35:10:42.7,DR3,-85.5400916543657,-322.041452052147,DR3,38.9165035053087,DR3,21.658,DR3,12.566,DR3,10.3018,UCAC4,2055820838238174592
J20187+158,LTT 15944,20:18:44.56,+15:50:46.2,DR3,174.235638479909,-59.4519362106485,DR3,57.1790240675741,DR3,-13.186,DR3,12.0257,DR3,9.6559,UCAC4,1808403096750183168
J20195+080,LTT 15948,20:19:34.50,+08:00:30.0,DR3,98.5927696480821,-186.541529971846,DR3,26.8325664982434,DR3,-19.444,DR3,13.2191,DR3,10.6926,UCAC4,4250255999259495552
J20198+229,LP  395-8 A,20:19:49.26,+22:56:36.4,DR3,83.5647243740352,106.536259013708,DR3,33.8974929728766,DR3,-26.616,Bar18,12.2646,DR3,9.8477,PS1,1829571684890816384
J20220+216,TYC 1643-120-1,20:22:01.62,+21:47:21.8,DR3,2.62596894056793,-131.790021605843,DR3,37.0909044268195,DR3,-16.087,DR3,12.4808,DR3,10.2011,APASS9,1829237158474914688
J20223+322,2MASS J20221862+3217154,20:22:18.63,+32:17:15.3,DR3,147.5214607937,-12.2941786542149,DR3,51.1262702430609,DR3,-24.855,DR3,13.1871,DR3,10.4777,PS1,2054269874008075904
J20227+473,Ross 176,20:22:45.19,+47:18:27.8,DR3,227.078308454533,204.4625320415,DR3,21.505114635247,DR3,-47.777,DR3,11.2703,DR3,10.3676,APASS9,2083391813854073856
J20229+106,NLTT 49159,20:22:56.21,+10:40:50.8,DR3,-380.423766811165,-394.671318919057,DR3,31.9855636887015,DR3,25.858,DR3,14.2119,DR3,11.5552,UCAC4,1753902985417270528
J20232+671,NLTT 49224,20:23:17.96,+67:10:10.2,DR3,219.954821397351,170.474581524183,DR3,45.5254735388161,DR3,,,15.7376,DR3,12.2833,PS1,2246676707976104960
J20260+585,Wolf 1069,20:26:05.30,+58:34:22.7,DR3,261.037647532725,542.905592839083,DR3,104.441458260681,DR3,-60.257,DR3,14.3679,DR3,11.0266,UCAC4,2188318517720321664
J20269+275,G 186-027,20:26:56.31,+27:30:58.6,DR3,-23.2385021554063,280.701660957274,DR3,32.4937455791256,DR3,-65.852,DR3,12.4808,DR3,10.1745,UCAC4,1859995961888258432
J20287-114,L 755-019,20:28:43.63,-11:28:30.9,DR3,159.097299876151,-96.9752972606928,DR3,54.5524307527512,DR3,-26.266,DR3,12.6958,DR3,10.0266,UCAC4,6904064446906104832
J20298+096,HU Del,20:29:48.32,+09:41:20.6,DR3,669.342114416937,101.330055432856,DR2,133.811337811977,DR2,-37.692,DR3,13.337,DR3,10.1687,UCAC4,1752805741531173632
J20301+798,GSC 04593-01344,20:30:07.15,+79:50:46.6,DR3,98.9296093080865,44.3027484516391,DR3,29.4588567140348,DR3,12.37,Jeff18,12.5172,DR3,10.05,UCAC4,2291961885368309504
J20305+654,GJ 793,20:30:32.05,+65:26:58.4,DR3,443.263646615983,283.353691405476,DR3,123.654659840212,DR3,10.18,DR3,10.7697,DR3,8.2856,PS1,2246206567973292160
J20314+385,Ross 188,20:31:25.64,+38:33:44.2,DR3,201.383378488452,720.678018424798,DR3,64.9355453393166,DR3,-24.525,DR3,13.7651,DR3,10.9015,PS1,2064100569188230144
J20336+617,GJ 1254,20:33:40.32,+61:45:13.6,DR3,537.94108255853,911.120880286144,DR3,62.5852664573436,DR3,-20.739,DR3,12.7858,DR3,9.9903,PS1,2195298973450457984
J20337+233,G 186-29A,20:33:42.76,+23:22:14.0,DR3,292.866188852354,84.0552967347362,DR3,28.7314932087649,DR3,-18.416,DR3,13.1668,DR3,10.6852,PS1,1819258227150298752
J20339+643,G 262-018,20:33:59.86,+64:19:10.1,DR3,-423.372952956313,-126.903696256208,DR3,35.6024755860084,DR3,-42.003,DR3,13.4467,DR3,10.8419,PS1,2245327439707888256
J20347+033,G 24-20,20:34:43.03,+03:20:51.3,DR3,287.808106872635,-479.069925465387,DR3,47.4234426606547,DR3,-47.404,DR3,12.2416,DR3,9.8816,UCAC4,4233129014004310656
J20349+592,Wolf 1074,20:34:55.31,+59:17:26.8,DR3,-239.829263092422,-47.9519756327474,DR3,45.7864895468702,DR3,-105.19,DR3,13.6942,DR3,10.9852,SDSS9,2194392804070784128
J20367+388,G 209-038,20:36:46.03,+38:50:32.7,DR3,170.650627205425,-150.557727408997,DR3,61.1319330847759,DR3,-29.032,DR3,13.6084,DR3,10.9161,SDSS9,2063967910147595008
J20373+219,Wolf 1351,20:37:20.81,+21:56:52.3,DR3,-36.0885966491841,-277.459915964397,DR2,30.1669248115568,DR2,-18.5,Haw96,11.5968,DR3,9.5323,PS1,1817764510545876736
J20403+616,TYC 4246-488-1,20:40:18.69,+61:41:30.2,DR3,-44.4924937050032,-108.832634287095,DR3,41.2561843863304,DR3,-22.863,DR3,11.5276,DR3,9.446,UCAC4,2195072680215085568
J20405+154,GJ 1256,20:40:33.86,+15:29:58.7,DR3,1320.67868922133,662.146668730158,DR3,104.919010801769,DR3,-59.299,DR3,13.6851,DR3,10.543,UCAC4,1810616448010879488
J20407+199,GJ 797B,20:40:44.51,+19:54:03.2,DR3,118.708184245498,312.221820671535,aDR3,47.7456880146795,aDR3,-34.88,Jeff18,12.1151,DR3,9.6833,UCAC4,1814240507054683008
J20409-101,StKM 1-1806,20:40:56.40,-10:06:45.3,DR3,-71.9,139.9,PPMXL,,,-18.604,DR2,12.1628,DR3,9.9471,UCAC4,6902988231180003072
J20418-324,AT Mic A,20:41:51.13,-32:26:06.7,DR3,246.928986788514,-417.194840956503,DR3,100.792106777422,DR3,-4.064,DR3,11.216,DR3,8.185,UCAC4,6792436799475128960
J20429-189,BD-19 5899,20:42:57.15,-18:55:06.1,DR3,601.392984120386,-859.056310437389,DR3,52.4349339230831,DR3,5.234,DR3,10.9643,DR3,8.879,UCAC4,6858312737278836736
J20433+047,LSPM J2043+0445,20:43:23.87,+04:45:55.2,DR3,446.318797200184,-145.517012925548,DR3,66.4545051197434,DR3,-48.864,DR3,15.626,DR3,12.1771,UCAC4,1735245338242513536
J20433+553,GJ 802,20:43:19.26,+55:20:53.1,DR3,867.526232015793,1711.73136986188,DR3,60.9618082211606,DR3,-74.7,PMSU,14.9925,DR3,11.5687,PS1,2183807118443409536
J20435+240,Wolf 1360,20:43:34.52,+24:07:40.9,DR3,144.980975796349,-40.6493797457945,DR3,46.8511310229704,DR3,-19.391,DR3,12.0279,DR3,9.6967,APASS9,1843206728575513472
J20436+642,G 262-026,20:43:41.36,+64:16:54.1,DR3,309.811956975555,-102.036530076717,DR3,46.5840524610168,DR3,15.337,DR3,11.6223,DR3,9.6428,APASS9,2245095683274908672
J20436-001,LP 635-046,20:43:41.33,-00:10:41.6,DR3,360.704629639397,252.735097970625,DR3,38.2070306608641,DR3,-63.47,DR3,11.6947,DR3,9.7201,UCAC4,4227888840368754432
J20443+197,HD 352860,20:44:21.95,+19:44:58.7,DR3,30.0886941031116,-554.793343049755,DR3,50.8044195822827,DR3,2.947,EDR3,10.5572,DR3,8.6026,UCAC4,1814070838668707840
J20445+089N,LP 576-039,20:44:30.44,+08:54:25.5,DR3,208.526525791519,97.6498928115151,DR3,40.3533365773705,DR3,-41.23,Jeff18,12.8176,DR3,10.1983,PS1,1750816651978245248
J20445+089S,LP 576-040,20:44:30.72,+08:54:11.0,DR3,201.40154807375,97.5940662448293,DR3,40.4583741483981,DR3,-28.57,DR3,11.5096,DR3,9.4402,UCAC4,1750816656275568000
J20450+444,BD+44 3567,20:45:04.10,+44:29:56.6,DR3,434.027771727487,271.022230271175,DR3,82.8902722674978,DR3,-24.991,DR3,11.0059,DR3,8.7507,UCAC4,2070115588901082368
J20451-313,AU Mic,20:45:09.53,-31:20:27.2,DR3,281.319034526262,-360.147718696354,DR3,102.943191317549,DR3,-6.898,DR3,8.91,DR3,6.7986,UCAC4,6794047652729201024
J20488+197,G 144-039,20:48:52.46,+19:43:04.9,DR3,-167.5,-203.2,PPMXL,29.8,vAl95,15.67,Jeff18,13.6469,DR3,10.9211,UCAC4,1814395228960523776
J20496-003,Wolf 882,20:49:39.54,-00:21:03.4,DR3,302.986368390444,-205.991672878135,DR3,40.3812180655668,DR3,-59.851,DR3,13.3164,DR3,10.6959,UCAC4,4227165812690769408
J20519+691,G 262-029,20:51:59.86,+69:10:07.6,DR3,231.501987155878,3.19834219940207,DR3,45.5911000955539,DR3,-30.971,DR3,11.9452,DR3,9.7985,PS1,2271106756832674304
J20525-169,LP 816-060,20:52:33.02,-16:58:29.0,DR3,-309.115018746854,37.0509062452324,DR3,177.931221421912,DR3,16.308,Sou18,11.7366,DR3,8.835,SDSS9,6882963066420161664
J20532-023,LP 636-019,20:53:14.66,-02:21:21.9,DR3,194.786180350737,10.7043315856912,DR3,29.195030768276,DR3,-40.955,DR3,13.467,DR3,10.8625,UCAC4,6916734905368878080
J20533+621,HD 199305,20:53:19.79,+62:09:15.8,DR3,0.259120184690062,-773.095749935208,DR3,142.054284613815,DR3,-17.787,DR3,8.791,DR3,6.7473,PS1,2195886971653527168
J20535+106,G 25-8,20:53:33.06,+10:37:02.2,DR3,-492.513704455553,-447.204994321319,DR3,77.940666734059,DR3,-20.139,DR3,14.2014,DR3,11.1742,UCAC4,1750765357185849856
J20549+675,LP 074-035,20:54:54.46,+67:35:07.9,DR3,160.237410776743,117.035923375145,DR3,35.0099885012425,DR3,-13.083,DR3,12.3101,DR3,10.111,UCAC4,2270110569236141824
J20556-140N,GJ 810 A,20:55:37.75,-14:02:08.0,DR3,1416.62297939262,-472.375291144405,DR3,84.8563042562872,DR3,-142.098,Bar18,12.687,DR3,9.8251,SDSS9,6887029163498137856
J20556-140S,GJ 810 B,20:55:37.12,-14:03:54.9,DR3,1420.75483625818,-472.266481739305,DR3,80.2047527943059,DR3,-140.859,DR3,14.8232,DR3,11.5942,PS1,6887025727524300416
J20567-104,Wolf 896,20:56:46.60,-10:26:54.7,DR3,-37.0795436091874,-1124.4550378035,DR3,61.9762688762738,DR3,35.54,DR3,11.7189,DR3,9.2859,PS1,6890353330746858368
J20568-048,FR Aqr,20:56:48.54,-04:50:49.1,DR3,796.593488878374,-219.648289557872,DR3,61.8241868141141,DR3,-44.169,DR3,12.1595,DR3,9.4553,UCAC4,6913810483612308480
J20574+223,Wolf 3273,20:57:25.36,+22:21:45.8,DR3,769.643638516681,-213.506570973406,DR3,69.297562758764,DR3,-30.677,DR3,12.265,DR3,9.9024,APASS9,1838855376946302720
J20586+342,LP 285-005,20:58:41.93,+34:16:27.0,DR3,290.854033121337,-144.894681286366,DR3,39.6775801544156,DR3,11.226,DR3,11.2614,DR3,9.3101,UCAC4,1866522319330814592
J21000+400,V1396 Cyg,21:00:05.39,+40:04:12.7,DR3,602.234338946363,-250.521126420105,DR3,66.5535331063445,DR3,-28.7,PMSU,10.3914,DR3,8.1522,UCAC4,1873073175244118784
J21001+495,G 212-014,21:00:08.93,+49:35:17.1,DR3,188.353235140999,228.964270535188,DR3,33.0211916310882,DR3,-49.057,DR3,12.2405,DR3,9.994,UCAC4,2168622381825547648
J21012+332,LP 340-547,21:01:16.09,+33:14:33.3,DR3,325.55279080712,-164.230938251011,DR3,49.7840211237927,DR3,-39.177,DR3,12.6143,DR3,10.0618,APASS9,1866215589940389120
J21013+332,LP 340-548,21:01:20.63,+33:14:28.0,DR3,307.900553231901,-128.046902951337,DR2,47.9729613743391,DR2,-25.0,New14,13.2717,DR3,10.5804,PS1,1866215555581050496
J21014+207,G 144-050,21:01:24.84,+20:43:38.0,DR3,-386.2,-397.6,PPMXL,44.1,Dit14,-3.224,DR3,14.3962,DR3,11.6202,UCAC4,1837688520231257472
J21019-063,Wolf 906,21:01:58.64,-06:19:07.5,DR3,-230.248850424266,-442.33094560278,DR3,69.0219175352565,DR3,-15.206,DR3,11.47,DR3,9.0555,UCAC4,6910371005081903488
J21027+349,G 211-009,21:02:46.09,+34:54:35.6,DR3,238.576071927496,-272.626234456132,DR3,28.8550675307273,DR3,-42.213,DR3,14.8431,DR3,11.758,UCAC4,1866460334359360768
J21044+455,TYC 3588-5589-1,21:04:28.68,+45:35:42.9,DR3,168.78812859712,-39.234264845924,DR3,25.9505093470395,DR3,-43.42,DR3,12.653,DR3,10.4031,UCAC4,2162788544946586624
J21048-169,Ross 769,21:04:53.38,-16:57:31.9,DR3,-916.062822997375,-2039.7905994564,DR3,54.6176016738714,DR3,-10.891,DR3,11.6972,DR3,9.5918,UCAC4,6882393725554653056
J21055+061,2MASS J21053205+0609155,21:05:32.06,+06:09:15.5,DR3,27.7219735005868,44.7439711858019,DR3,44.3682359938547,DR3,-12.37,DR3,12.8558,DR3,10.288,UCAC4,1736707482548494848
J21057+502,2MASS J21054537+5015435,21:05:45.38,+50:15:43.6,DR3,95.2780560037605,32.00657434601,DR3,27.7141783083736,DR3,-13.252,DR3,13.9258,DR3,11.257,UCAC4,2169119322418793600
J21059+044,LP 576-034,21:05:56.38,+04:25:40.8,DR3,123.946360229582,-175.943921652947,DR3,37.0772125821271,DR3,-68.227,DR3,12.4525,DR3,10.0614,UCAC4,1732878776902363264
J21074+468,2MASS J21072810+4651537,21:07:28.10,+46:51:53.8,DR3,24.4943968429514,97.9151684741199,DR3,23.8064576743022,DR3,-22.811,DR3,13.2903,DR3,10.9555,UCAC4,2164365897458715392
J21076-130,1RXS J120736.5-130500,21:07:36.79,-13:04:58.2,DR3,61.0361597346122,-87.1958429124708,DR3,48.1437712920106,DR3,-0.442,DR3,12.8831,DR3,10.3051,UCAC4,6885822307751773568
J21087-044N,[RHG95] 3306,21:08:44.81,-04:25:18.2,DR3,-53.0815044718309,-7.29510093842404,DR3,35.2594783857781,DR3,27.6,Haw96,13.704,DR3,11.0833,PS1,6912161143154808192
J21087-044S,BD-05 5480A,21:08:45.50,-04:25:36.3,DR3,-80.3564836982992,-29.1194720926276,DR3,34.8508869719512,DR3,-2.015,DR3,9.6376,DR3,8.1754,APASS9,6912161147450851840
J21092-133,Wolf 918,21:09:17.43,-13:18:09.0,DR3,715.064154363957,-1995.44562053149,DR3,84.440183209485,DR3,-58.349,DR3,11.108,DR3,8.9923,UCAC4,6885776098199761024
J21100-193,BPS CS 22898-0065,21:10:05.36,-19:19:57.6,DR3,90.6103623011376,-90.9948979953857,DR3,30.8979386155337,DR3,-6.435,DR3,12.0953,DR3,9.6744,UCAC4,6833292181958100224
J21109+294,Ross 824,21:10:54.75,+29:25:23.3,DR3,-226.61,-294.84,HIP2,31.0,HIP2,-9.122,DR2,11.29,DR3,9.161,UCAC4,1851511649139822208
J21123+359,LP 285-009,21:12:22.42,+35:55:23.3,DR3,182.531627821653,86.4804647738688,DR3,34.0702244000447,DR3,-25.491,DR3,11.9796,DR3,9.8683,APASS9,1867689519637192704
J21127-073,2MASS J21124559-0719558,21:12:45.60,-07:19:55.9,DR3,104.806458607323,-37.1403136864352,DR3,29.2694350017166,DR3,-11.553,DR3,14.2162,DR3,11.5291,UCAC4,6898744185014057216
J21137+087,LSPM J2113+0846N,21:13:44.61,+08:46:10.6,DR3,151.076181186605,-94.6147033450725,DR3,38.4139817408411,DR3,-15.067,EDR3,12.1506,DR3,9.838,PS1,1743167182082283136
J21138+180,Ross 772,21:13:52.51,+18:05:59.5,DR3,447.04313388795,-45.6893269536823,DR3,33.1861322526093,DR3,-50.41,DR3,12.9397,DR3,10.4984,UCAC4,1788103874414950144
J21145+508,LSPM J2114+5052,21:14:32.25,+50:52:31.6,DR3,211.509819419251,0.547418161719944,DR3,36.4096206049113,DR3,9.661,DR3,12.352,DR3,9.9456,UCAC4,2166211633861548800
J21147+380,G 211-14,21:14:46.87,+38:01:14.3,DR3,167.770610092077,421.008274329432,DR3,49.1047547575057,DR3,-22.745,DR3,12.1876,DR3,9.8164,UCAC4,1964791549008457856
J21152+257,LP 397-041,21:15:12.60,+25:47:45.5,DR3,134.820110157775,-268.447519128631,DR3,37.3888287850819,DR3,-16.312,DR3,12.379,DR3,9.9423,UCAC4,1841590549559106176
J21160+298E,Ross 776,21:16:05.82,+29:51:51.0,DR3,200.460087018113,36.5366332577258,DR3,50.7599545963473,DR3,-3.878,DR3,12.9713,DR3,10.1816,APASS9,1851868127125091840
J21160+298W,Ross 826,21:16:03.84,+29:51:46.0,DR3,210.559017933273,41.4832376734984,DR3,49.9074882307901,DR3,-3.579,DR3,13.7509,DR3,10.9652,PS1,1851868127125091968
J21164+025,LSPM J2116+0234,21:16:27.28,+02:34:51.4,DR3,247.356265175983,-39.7630309155494,DR3,56.6906539472873,DR3,-22.31033,Lafa20,12.1973,DR3,9.7169,UCAC4,2692455319291894400
J21173+208N,Ross 773 A,21:17:22.74,+20:53:54.7,DR3,308.2901121306,285.290144168587,DR3,32.7868417439062,DR3,-41.652,DR3,12.8413,DR3,10.4153,PS1,1791309809807683200
J21173+208S,Ross 773 B,21:17:22.65,+20:53:58.6,DR3,299.502076189529,297.486886767225,DR3,32.7538551415246,DR3,-41.417,DR3,13.965,DR3,11.2495,UCAC4,1791309814098901120
J21173+640,G 262-038,21:17:21.91,+64:02:39.5,DR3,342.086585920441,-22.1793330260536,DR3,31.9704040049244,DR3,7.0,New14,15.1998,DR3,11.9763,UCAC4,2220351174091526016
J21176-089N,StKM 1-1876,21:17:36.15,-08:54:11.0,DR3,-74.6283762951079,-40.1357673604142,DR3,37.1469581507346,DR3,5.232,DR3,12.3573,DR3,9.9525,UCAC4,6896057214818851712
J21176-089S,GJ 4188B,21:17:39.63,-08:54:49.2,DR3,-73.3133819817699,-27.1842907854057,DR3,33.5136835480407,DR3,6.758,DR3,13.5858,DR3,11.0611,UCAC4,6896056458904608128
J21185+302,GSC 02703-00706,21:18:33.76,+30:14:34.6,DR3,59.3529293802639,-22.4442298553522,DR3,26.7590096581016,DR3,-25.005,DR3,11.9324,DR3,9.9455,PS1,1851787179879007232
J21221+229,TYC 2187-512-1,21:22:06.28,+22:55:53.1,DR3,108.770331749212,117.794298931224,DR3,64.5802065557738,DR3,5.448,DR3,10.8307,DR3,8.7556,UCAC4,1791995119082190848
J21243+085,G 93-006,21:24:19.27,+08:30:06.3,DR3,-181.0,-171.2,PPMXL,25.9,Dit14,-21.5,Haw96,13.9042,DR3,11.2682,UCAC4,1740318210014704256
J21245+400,LSR J2124+4003,21:24:32.32,+40:03:59.7,DR3,542.230249668188,439.024037951908,DR3,68.9207863911956,DR3,-69.253,DR3,16.1776,DR3,12.5251,UCAC4,1965478468902062464
J21267+037,GJ 828.1,21:26:42.45,+03:44:13.7,DR3,-39.9909967856923,-53.5936273323038,DR3,36.0653908211277,DR3,-4.952,DR3,10.6991,DR3,8.9265,UCAC4,2692798534424338304
J21272-068,Wolf 920,21:27:16.86,-06:50:39.4,DR3,29.0811195710396,-399.232848473108,DR3,59.6315933101445,DR3,52.645,DR3,11.3268,DR3,9.2865,UCAC4,6898272528885931008
J21275+340,V2160 Cyg,21:27:32.96,+34:01:28.6,DR3,-279.497808849725,-181.689288837876,DR3,38.2914487126952,DR3,-67.522,DR3,11.3582,DR3,9.3071,PS1,1854353921061345792
J21277+072,Ross 778,21:27:46.44,+07:17:56.2,DR3,-224.752537004683,-646.348049013279,DR3,38.4847911429381,DR3,-12.3,Haw96,11.8365,DR3,9.6993,UCAC4,1739379433242806144
J21280+179,LP 457-038,21:28:05.48,+17:54:00.2,DR3,81.5966787945914,154.390875472002,DR3,26.497394506892,DR3,-31.36,DR3,12.2868,DR3,10.2155,UCAC4,1784536685033921920
J21283-223,LP 873-049,21:28:18.28,-22:18:32.4,DR3,-209.60162459079,-259.878660623811,DR3,47.3246625270325,DR3,41.87,DR3,12.4208,DR3,10.0025,APASS9,6828140347214896000
J21296+176,Ross 775,21:29:36.81,+17:38:35.9,DR3,1007.03963471621,378.400007153322,DR3,147.495777521243,DR3,-25.1,PMSU,10.5719,DR3,7.9174,SDSS9,1784473016438653056
J21313-097,BB Cap,21:31:18.57,-09:47:26.5,DR3,1246.51045420577,-61.0658374351347,DR2,134.083125520942,DR2,-71.443,DR3,12.2449,DR3,9.1621,,6894054664842632448
J21323+245,LP  397-34 A,21:32:21.96,+24:33:41.3,DR3,229.027602095201,-8.88335267355775,DR3,48.5946887990965,DR3,0.391,DR3,13.3568,DR3,10.5023,UCAC4,1798246358081360256
J21338+017N,LP 638-066,21:33:49.14,+01:47:01.6,DR3,-7.23045481983896,-723.224506918929,DR3,59.2406036779253,DR3,-18.621,DR3,14.6856,DR3,11.7457,PS1,2688566793341935616
J21338+017S,NLTT 51554,21:33:49.13,+01:46:56.5,DR3,-14.889140954692,-726.895350991516,DR3,59.2009049057809,DR3,-18.517,DR3,14.1422,DR3,11.3266,PS1,2688566793341935360
J21338-068,Wolf 923,21:33:48.91,-06:51:10.4,DR3,126.248017907993,-502.822124286661,DR3,59.7525821007022,DR3,3.304,Ter15,14.3393,DR3,11.3528,APASS9,2670661109044300160
J21348+515,Wolf 926,21:34:50.34,+51:32:13.6,DR3,458.905245827669,313.164423366211,DR3,56.7153997212767,DR3,-14.345,DR3,12.0279,DR3,9.5848,UCAC4,2171727299589482112
J21366+394,V2168 Cyg,21:36:38.58,+39:27:20.5,DR3,-209.180842349373,-160.106614400064,DR3,48.1082118692896,DR3,0.718,EDR3,10.3913,DR3,8.4293,UCAC4,1953952391581618432
J21369+561,Ross 215,21:36:58.84,+56:07:04.7,DR3,-10.8417004537801,153.189631301634,DR3,28.2371272470467,DR3,-63.329,DR3,12.0343,DR3,9.9923,UCAC4,2177698987757211008
J21374-059,2MASS J21372900-0555082,21:37:29.00,-05:55:08.1,DR3,13.6,151.7,PPMXL,,,5.4,Z21,13.1909,DR3,10.4174,UCAC4,2670835274262946560
J21376+016,GSC 00543-00620,21:37:40.19,+01:37:13.5,DR3,85.3204666078162,-50.9265654720286,DR3,27.8463116206182,DR3,-10.999,DR3,13.5649,DR3,10.5961,UCAC4,2694353690543010560
J21378+530,Ross 199,21:37:50.21,+53:04:49.0,DR3,312.634279156308,52.7438851696404,DR3,32.1346717498284,DR3,-43.0,Giz02,10.8256,DR3,8.97,UCAC4,2173372856181790208
J21380+277,BD+27  4120A,21:38:00.39,+27:43:25.4,DR3,480.925066322573,-62.7945302371726,DR3,76.2615309761491,DR3,-14.764,DR3,10.1482,DR3,8.1322,UCAC4,1800808220175220480
J21399+276,LP 342-008,21:39:54.36,+27:36:43.3,DR3,277.365583128817,-219.247900264494,DR3,42.8020929741226,DR3,21.604,DR3,11.8431,DR3,9.5984,UCAC4,1800750014779745152
J21402+370,LP 286-001,21:40:12.79,+37:03:28.9,DR3,-390.233946431198,-297.577136583659,DR3,36.0286547058962,DR3,-34.804,DR3,11.6622,DR3,9.7126,UCAC4,1952680497148998144
J21419+276,G 188-019,21:41:58.38,+27:41:15.0,DR3,-292.039796388446,-53.8394097741303,DR2,40.4096085242213,DR2,5.438,DR3,14.2663,DR3,11.4798,UCAC4,1800587802453920640
J21421-121,Ross 206,21:42:07.47,-12:09:48.3,DR3,106.081809433825,-684.800313750937,DR3,31.2209967406848,DR3,-8.738,DR3,12.9372,DR3,10.4738,APASS9,6844519325638029184
J21441+170N,G 126-030,21:44:07.98,+17:04:37.3,DR3,245.379293925003,1.41906370663772,DR3,58.6052200045517,DR3,-4.749,DR3,15.1855,DR3,11.9857,UCAC4,1773497412196823680
J21441+170S,G 126-031,21:44:09.03,+17:03:35.0,DR3,252.058098708507,3.0905940045475,DR3,58.5847693112352,DR3,-3.773,DR3,13.925,DR3,11.054,UCAC4,1773485214494929536
J21442+066,G 93-033,21:44:12.99,+06:38:29.3,DR3,-324.092278676946,-166.471025214126,DR3,48.6248472139632,DR3,29.469,DR3,12.3347,DR3,9.8424,UCAC4,2700417192226894976
J21449+442,BD+43 4035,21:44:53.99,+44:17:08.9,DR3,-140.599594497841,-655.396456972369,DR3,43.6404129261625,DR3,-28.345,DR3,11.6356,DR3,9.4575,UCAC4,1973094614149871872
J21450+198,G 126-32B,21:45:04.92,+19:53:35.5,DR3,-18.9726136491346,-239.987269109214,DR3,26.8179843935023,DR3,-8.198,DR3,12.0853,DR3,9.9752,UCAC4,1792460830975653248
J21450-057,Wolf 937,21:45:00.78,-05:47:13.3,DR3,-169.767831012612,-435.501995683006,DR3,59.8368619019302,DR3,23.67,DR3,13.1298,DR3,10.574,UCAC4,2668249051115631232
J21454-059,Wolf 939,21:45:24.89,-05:54:06.0,DR3,-139.466883317441,-343.975781374772,DR3,40.1290224479797,DR3,-53.393,DR3,13.8599,DR3,11.1991,UCAC4,2668056572156599040
J21463+382,LSPM J2146+3813,21:46:22.07,+38:13:05.0,DR3,161.453676448959,-119.739402309035,DR3,141.894605738559,DR3,-82.911,DR3,12.4178,DR3,9.6037,UCAC4,1952802469918554368
J21466+668,G 264-012,21:46:40.24,+66:48:10.6,DR3,392.469147706107,206.812157510287,DR3,62.5534423418969,DR3,-9.212,DR3,13.338,DR3,10.5294,UCAC4,2222540228723911168
J21466-001,Wolf 940,21:46:40.42,-00:10:23.8,DR3,769.365885600274,-505.681987538891,DR3,80.7378828785004,DR3,-28.386,DR3,12.9129,DR3,10.0832,SDSS9,2681122098893985408
J21469+466,Wolf 944,21:46:56.24,+46:38:06.2,DR3,278.745910670002,-5.60043050703944,DR3,58.3485895887183,DR3,-5.971,DR3,13.695,DR3,10.8464,PS1,1974606167761195904
J21472-047,2MASS J21471744-0444406,21:47:17.45,-04:44:40.7,DR3,256.99410914157,5.37600904221639,DR3,86.8732333750088,DR3,-31.795,DR3,14.4926,DR3,11.3043,UCAC4,2669873515120908544
J21474+627,TYC 4266-736-1,21:47:24.79,+62:45:13.9,DR3,-173.42452989286,-10.6537621137904,DR3,24.9223799374614,DR3,-61.743,DR3,11.7164,DR3,9.9174,,2216420110788943744
J21478+502,Wolf 945,21:47:52.48,+50:14:47.7,DR3,693.779802042561,425.625397333983,DR3,48.5197877771901,DR3,-15.798,DR3,13.6359,DR3,10.9446,UCAC4,1980487077505535744
J21479+058,Ross 779,21:47:57.22,+05:49:21.6,DR3,325.641512606573,-322.432902687587,DR3,32.011367938319,DR3,-46.104,DR3,12.0393,DR3,9.9258,APASS9,2700078508285769088
J21481+014,LP 638-040,21:48:10.22,+01:26:42.5,DR3,224.044876262744,-32.776305266389,DR3,30.0585122981794,DR3,-22.962,DR3,14.19,DR3,11.4784,UCAC4,2693412169286681088
J21482+279,G 188-026,21:48:15.27,+27:55:42.0,DR3,-204.913034474079,-691.722236159204,DR3,59.4105672268392,DR3,-0.39,DR3,12.2725,DR3,9.9436,UCAC4,1800265817345116544
J21512+128,G 18-1,21:51:17.51,+12:50:30.7,DR3,666.998589913533,160.491562307421,DR3,42.1777881800523,DR3,-65.474,DR3,13.707,DR3,11.0118,UCAC4,1766511046596516608
J21516+592,TYC 3980-1081-1,21:51:38.32,+59:17:39.87,DR3,-79.19,10.517,DR2,123.0568,DR2,,DR3,10.8419,DR3,8.1987,UCAC4,2202703050388170880
J21518+136,LP 518-058,21:51:48.32,+13:36:15.2,DR3,191.409663589141,-89.3788298955033,DR3,55.4999122028601,DR3,-26.0,New14,14.1563,DR3,11.159,PS1,1768825106253209984
J21521+056,StKM 1-1950,21:52:10.39,+05:37:35.9,DR3,119.17,-150.29,HIP2,32.79,HIP2,-15.1,Shk12,12.3648,DR3,9.8261,UCAC4,2697021694162378880
J21521+274,G 188-028,21:52:11.78,+27:25:00.3,DR3,282.633323232923,-755.066817396443,DR3,40.3089526946538,DR3,-130.062,DR3,14.2961,DR3,11.5913,UCAC4,1799991798431932800
J21539+417,GJ 839,21:53:59.00,+41:46:44.5,DR3,384.927087253413,-360.603568886841,DR3,39.3116710544165,DR3,-48.993,DR3,10.5455,DR3,8.7495,UCAC4,1960390203963541760
J21566+197,Ross 263,21:56:37.93,+19:46:14.4,DR3,-87.1575222448494,-480.333906806659,DR3,45.1163395848212,DR3,-43.351,DR3,13.1745,DR3,10.568,UCAC4,1780624347783836032
J21569-019,LP 639-001,21:56:55.25,-01:54:09.3,DR3,1280.96988193101,612.106373091551,DR3,74.2200801831618,DR3,-59.532,DR3,14.9352,DR3,11.7147,SDSS9,2679694971455927296
J21574+081,Wolf 953,21:57:26.23,+08:08:13.9,DR3,373.798786984785,100.008207090103,DR3,47.7227297787332,DR3,-26.739,DR3,11.2556,DR3,9.08,APASS9,2724890053318383232
J21584+755,GJ 842.2,21:58:24.52,+75:35:20.6,DR3,231.353806324593,22.5783463547328,DR3,45.6642141074459,DR3,-18.014,DR3,10.7931,DR3,8.8234,PS1,2280191304155597184
J21585+612,LSPM J2158+6117,21:58:34.62,+61:17:06.0,DR3,807.952233879679,110.732070803786,DR3,53.6618277313838,DR3,-56.76,DR3,17.103,DR3,13.3679,PS1,2204001126955518592
J21593+418,G 215-030,21:59:21.92,+41:51:31.9,DR3,109.84569316011,-408.768036360524,DR3,48.6132604047398,DR3,-37.968,DR3,12.9878,DR3,10.4982,UCAC4,1959969434607205504
J22012+283,V374 Peg,22:01:13.12,+28:18:24.9,DR3,372.797304742305,42.7971464174591,DR3,109.854764457283,DR3,-6.438,DR3,12.2698,DR3,9.396,UCAC4,1893189736896880640
J22012+323,Wolf 1154 A,22:01:13.98,+32:23:12.9,DR3,118.458916009243,61.8235766424379,DR3,32.3437750352398,DR3,-23.413,DR3,12.4157,DR3,10.2725,UCAC4,1899518074852685440
J22018+164,Ross 265,22:01:49.06,+16:28:02.7,DR3,391.82,156.08,HIP2,61.79,HIP2,-15.68,EDR3,10.9085,DR3,8.5425,UCAC4,1775651840806925312
J22020-194,LP 819-017,22:02:00.79,-19:28:59.2,DR3,930.147966233581,74.014072461614,DR3,77.440219495995,DR3,-23.913,DR3,12.2729,DR3,9.6471,UCAC4,6823750688771587840
J22021+014,BD+00 4810,22:02:10.28,+01:24:00.8,DR3,-452.371844934021,-278.725246778663,DR3,94.5636665001753,DR3,17.993,DR3,9.3872,DR3,7.42,SDSS9,2683023811628007296
J22033+674,G 264-017,22:03:21.26,+67:29:59.8,DR3,531.310012701019,-296.356820801584,DR3,48.641364477452,DR3,-88.532,DR3,13.6542,DR3,11.0166,APASS9,2220012421430629632
J22035+036,2MASS J22033338+0340235,22:03:33.38,+03:40:23.5,DR3,2.71895748356966,-126.741390702869,DR3,45.9117056764917,DR3,13.938,DR3,14.501,DR3,11.5029,UCAC4,2683961454529115264
J22051+051,Wolf 983,22:05:06.80,+05:08:11.9,DR3,458.177068181,141.383928377043,DR3,37.2374233449596,DR3,-9.407,DR3,13.8484,DR3,11.1343,UCAC4,2696230389387273088
J22057+656,G 264-18 A,22:05:45.36,+65:38:55.5,DR3,-315.372400327436,212.12824307819,DR3,42.6087468975753,DR3,-46.76,DR3,11.9279,DR3,9.7874,UCAC4,2218502551448745088
J22058-119,BD-12 6174,22:05:51.30,-11:54:51.2,DR3,-276.637482587553,-159.371541840375,DR2,38.6156607520575,DR2,18.52,DR3,10.3384,DR3,8.423,UCAC4,2613420563766963200
J22060+393,G 189-001,22:06:00.67,+39:18:02.9,DR3,69.1161236008761,-459.052601915172,DR3,49.0544161406376,DR3,-17.824,DR3,13.0008,DR3,10.4814,UCAC4,1956328333130770048
J22063+173,Ross 268,22:06:22.62,+17:22:20.8,DR3,361.913837398795,84.1080447284498,DR3,56.762541415224,DR3,-35.737,DR3,13.3651,DR3,10.6217,UCAC4,1776179945695834368
J22067+034,Wolf 990,22:06:46.36,+03:25:03.9,DR3,470.951667441881,-319.854687580661,DR3,56.5892117683966,DR3,-38.486,DR3,13.8814,DR3,11.0564,UCAC4,2683714304930755712
J22088+117,2MASS J22085034+1144131,22:08:50.34,+11:44:13.2,DR3,90.1042437715152,-51.5753977219965,DR3,26.7466239855341,DR3,-8.92,Jeff18,14.8038,DR3,11.7418,UCAC4,2727844441062478464
J22095+118,LP 519-038,22:09:31.68,+11:52:53.6,DR3,166.017355515033,-125.563996976828,DR3,25.0686629079757,DR3,-24.401,DR3,13.8787,DR3,11.4269,UCAC4,2727847361640234752
J22096-046,BD-05 5715,22:09:40.34,-04:38:26.7,DR3,1132.58326545284,-22.1573065256557,DR3,113.444721507213,DR3,-15.612,DR3,10.6117,DR3,8.07,UCAC4,2627117287488522240
J22097+410,G 214-012,22:09:43.05,+41:02:05.6,DR3,421.554007760629,240.688517406773,DR3,43.3278218869756,DR3,-90.672,DR3,12.826,DR3,10.2832,UCAC4,1956721064938340224
J22102+587,UCAC4 744-073158,22:10:15.14,+58:42:22.2,DR3,21.2343257630823,-20.9045673805067,DR3,23.5386518641442,DR3,-24.697,DR3,13.631396,DR3,11.327153,UCAC4,2199658670194983040
J22107+079,Wolf 1003 A,22:10:44.70,+07:54:32.7,DR3,254.770024286396,13.2260508904253,DR3,31.0038998495842,DR3,-5.6,Dy54,11.2048,DR3,9.2164,UCAC4,2722006206116795008
J22112+410,G 214-014,22:11:16.95,+41:00:54.8,DR3,-210.735486639924,232.506736716475,DR3,42.2035680457628,DR3,8.72,DR3,11.3256,DR3,9.4222,UCAC4,1958031442283263616
J22112-025,G 27-17,22:11:13.49,-02:32:37.1,DR3,427.397644742539,-71.3249123184783,DR3,44.5801916155367,DR3,-24.007,DR3,12.4069,DR3,10.0963,UCAC4,2676023495972445184
J22114+409,1RXS J221124.3+410000,22:11:24.16,+40:59:58.7,DR3,-91.3729749620637,67.118562214767,DR3,78.8762179539726,DR3,-17.452,DR3,15.3925,DR3,11.8623,UCAC4,1958030617647715328
J22115+184,Ross 271,22:11:30.09,+18:25:34.3,DR3,329.059344381522,180.634183897116,DR3,85.405993274552,DR3,-52.008,DR3,10.4695,DR3,8.1615,UCAC4,1776317182780536064
J22117-207,WT 2221,22:11:42.10,-20:44:18.3,DR3,146.521931457323,-64.5234125095064,DR3,24.1520650895306,DR3,-20.749,DR3,13.9843,DR3,11.2958,UCAC4,6820341000133968768
J22125+085,Wolf 1014,22:12:35.94,+08:33:11.6,DR3,106.380051830958,-671.154103534374,DR3,62.8784528136804,DR3,8.191,DR3,12.2297,DR3,9.7698,UCAC4,2723557788822526720
J22129+550,LF 4 +54 152,22:12:56.82,+55:04:50.1,DR3,-100.457917710033,42.6359009181192,DR3,18.3850308366041,DR3,,,11.053,DR3,9.3196,UCAC4,2005884146848632192
J22134-147,Wolf 1556,22:13:28.80,-14:44:54.5,DR3,-303.96017473225,-272.500189097546,DR3,31.9393045276031,DR3,49.424,DR3,13.5582,DR3,11.0021,UCAC4,2599823487582145024
J22135+259,LP 399-165,22:13:35.69,+25:58:10.5,DR3,173.886708221547,-146.250087540628,DR3,48.2655273509282,DR3,-19.472,DR3,13.9226,DR3,11.169,UCAC4,1880064759219905792
J22137-176,LP 819-052,22:13:42.86,-17:41:08.7,DR3,856.646093033206,-306.696327856825,DR3,97.6762143876424,DR3,-22.871,DR3,13.8829,DR3,10.7866,UCAC4,6825822095663585536
J22138+052,Wolf 1019,22:13:53.33,+05:16:35.5,DR3,184.983486869602,-40.9436168324805,DR3,38.6079703575707,DR3,1.583,DR3,12.0872,DR3,9.9281,UCAC4,2708264509793292544
J22142+255,2MASS J22141765+2534066,22:14:17.69,+25:34:06.4,DR3,160.283267331837,-45.7181294874109,DR3,24.251921954541,DR3,-17.26,DR3,14.7471,DR3,11.8971,UCAC4,1879665881313941760
J22154+662,G 264-022,22:15:26.15,+66:13:27.7,DR3,3.85932731045757,208.890181503901,DR3,55.8339327981965,DR3,-0.112,DR3,13.1106,DR3,10.4171,UCAC4,2218904319868065408
J22160+546,G 232-062,22:16:02.60,+54:39:59.4,DR3,210.828702389161,67.4312819387511,DR3,45.6252626946459,DR3,-8.498,DR3,14.3502,DR3,11.4986,UCAC4,2005804153064109056
J22163+709,LP 48-567,22:16:20.22,+70:56:39.8,DR3,862.829600435165,-40.692324974878,DR3,43.7863901481294,DR3,-4.867,DR3,12.3603,DR3,10.1482,UCAC4,2229668951018122112
J22173-088N,FG Aqr A,22:17:18.97,-08:48:12.3,DR3,-462.214530864671,-288.048654908512,DR3,90.4892867184417,DR3,35.64,DR3,13.8158,DR3,10.82,UCAC4,2616132101175106816
J22173-088S,Wolf 1561 B,22:17:18.70,-08:48:19.3,DR3,-495.518716741889,-251.399994588672,DR3,89.7340049463157,DR3,34.591,DR3,14.7683,DR3,11.4316,PS1,2616132101175335936
J22176+565,2MASS J22173704+5633100,22:17:37.03,+56:33:09.8,DR3,93.8635946597067,78.6634463070228,DR3,18.3225184503842,DR3,-13.736,DR3,12.3975,DR3,10.3297,UCAC4,2006291172301865984
J22202+067,Wolf 1034,22:20:13.26,+06:43:32.0,DR3,284.61789048864,280.852653630995,DR3,55.3893110490486,DR3,-36.738,DR3,13.5669,DR3,11.0314,APASS9,2708839657453920256
J22212+377,LSPM J2221+3744A,22:21:12.85,+37:44:49.4,DR3,159.360654914588,45.0941526770217,DR3,25.6522776525101,DR3,-3.667,DR3,13.3005,DR3,10.6773,UCAC4,1906990222734672384
J22228+280,G 127-022,22:22:50.86,+28:01:47.5,DR3,396.727709249224,-69.1960343558343,DR3,35.3137877964803,DR3,-51.009,DR3,14.2959,DR3,11.4871,UCAC4,1881898955069713024
J22231-176,LP 820-012,22:23:07.00,-17:36:26.3,DR3,308.71178080407,-718.387215806144,DR3,138.228001326218,DR3,-3.306,DR3,13.5313,DR3,10.2278,UCAC4,2595284016771502080
J22234+324,Wolf 1225 A,22:23:29.13,+32:27:33.9,DR3,243.55249841787,-251.907065384332,DR3,65.6466862023757,DR3,-20.715,DR3,11.2816,DR3,8.7286,UCAC4,1901773448080491392
J22249+520,G 232-069,22:24:55.92,+52:00:18.7,DR3,233.154656478169,431.983091713921,DR3,63.7726767635636,DR3,10.8,DR3,15.2075,DR3,12.0419,PS1,2001345397199713152
J22250+356,1RXS J222501.1+354008,22:25:01.73,+35:40:07.7,DR3,-58.1765904408657,-152.309334706682,DR3,52.0539719026859,DR3,4.61,DR3,12.3283,DR3,10.0031,UCAC4,1905816425352678656
J22252+594,G 232-070,22:25:17.07,+59:24:49.8,DR3,122.084373651579,-310.129056122368,DR3,46.9404796870141,DR3,3.719,DR3,13.1814,DR3,10.4465,UCAC4,2200501793758177152
J22262+030,Wolf 1201,22:26:15.77,+03:00:18.5,DR3,-493.620596464299,-451.241822913088,DR3,42.6419308740958,DR3,-1.607,DR3,14.0062,DR3,11.2514,UCAC4,2703757302393547392
J22264+583,2MASS J22262498+5823051,22:26:24.99,+58:23:05.2,DR3,-125.713635326914,-76.7544256977791,DR3,38.7190532821336,DR3,-7.981,DR3,13.5928,DR3,11.0291,UCAC4,2200076690774871040
J22270+068,G 18-49,22:27:02.81,+06:49:32.6,DR3,183.139259992144,-35.0871944839262,DR3,72.6815389063233,DR3,-6.492,DR3,13.5059,DR3,10.697,UCAC4,2710189960812052736
J22279+576,HD 239960A,22:27:59.55,+57:41:42.1,DR3,-725.226706090264,-223.460561172096,DR2,249.392629348479,DR2,-29.0,PMSU,9.9497,DR3,7.3118,UCAC4,2007876324466455040
J22287+189,LP 460-060,22:28:45.94,+18:55:54.1,DR3,167.198290202799,-127.83521957238,DR3,44.9088856903147,DR3,-46.816,DR3,10.9801,DR3,9.0465,UCAC4,2738145555048846080
J22289-134,LP 760-003,22:28:54.35,-13:25:19.5,DR3,-328.069872435651,-1044.87144584699,DR3,91.8381969910692,DR3,5.5,Haw96,17.4616,DR3,13.0904,PS1,2601148128510120576
J22290+016,LP 640-074,22:29:05.86,+01:39:48.2,DR3,40.8652017037501,-195.854497826793,DR3,45.0253854075644,DR3,-16.456,DR3,10.7487,DR3,8.8292,UCAC4,2702655587447223168
J22298+414,G 215-050,22:29:48.99,+41:28:48.6,DR3,1192.25164396467,450.229924550771,DR3,71.1105672176569,DR3,1.871,DR3,13.5077,DR3,10.6073,PS1,1909518584084205312
J22300+488,PM J22300+4851A,22:30:04.22,+48:51:34.8,DR3,-73.6305733982189,-61.8564854214625,DR3,29.8458929673827,DR3,-2.96,Jeff18,14.4204,DR3,11.5921,APASS9,1987854316497211776
J22330+093,BD+08 4887,22:33:02.23,+09:22:40.7,DR3,538.17968242506,141.148799627902,DR3,77.0346120055699,DR3,-6.372,DR3,10.6205,DR3,8.5116,UCAC4,2717105133036645760
J22333-096,StKM 1-2018A,22:33:22.60,-09:36:53.6,DR3,158.883150331716,-1.78788126524206,DR3,38.3401722510152,DR3,-19.271,DR3,13.1181,DR3,10.4916,SDSS9,2609049322146670208
J22347+040,LP 580-033,22:34:46.21,+04:02:37.7,DR3,-95.9356035194441,128.873875735268,DR3,59.4970110793874,DR3,-1.852,DR3,12.9395,DR3,10.4622,PS1,2705611005983192320
J22348-010,LP 640-043,22:34:53.68,-01:04:58.0,DR3,1097.04578409991,218.543592199756,DR3,45.0906490041694,DR3,-12.9,Haw96,15.1144,DR3,12.1333,SDSS9,2629732510254843136
J22353+746,G 242-003,22:35:19.77,+74:41:18.5,DR3,242.60857825472,100.581532310097,DR3,25.4553640299286,DR3,-6.295,DR3,11.5242,DR3,9.6573,UCAC4,2279525756023441664
J22361-008,HD 214100,22:36:09.69,-00:50:29.8,DR3,55.9037403429994,-630.314778229697,DR3,60.3836155718207,DR3,9.727,DR3,10.2503,DR3,8.2874,UCAC4,2653762573103102592
J22373+299,LP 344-027,22:37:23.08,+29:59:09.2,DR3,202.096841250614,-220.633527017203,DR3,28.1120745095867,DR3,-38.665,DR3,12.5116,DR3,10.3408,UCAC4,1888358963841496320
J22374+395,BD+38 4818,22:37:29.92,+39:22:51.7,DR3,-63.5036134317712,-359.463263821546,DR3,46.8867238143261,DR3,-57.279,EDR3,9.6131,DR3,7.8338,UCAC4,1908305169922494208
J22385-152,EZ Aqr,22:38:33.61,-15:17:59.4,DR3,2307.5,2293.6,Gall15,289.5,vAl95,-37.4,PMSU,12.597,DR3,8.779,UCAC4,2596740426913080576
J22387+252,G 127-042,22:38:44.32,+25:13:30.5,DR3,284.845146909685,-1.81583005290738,DR3,32.9366225075273,DR3,-9.041,DR3,13.9769,DR3,11.384,PS1,1877530526652674304
J22387-206N,FL Aqr,22:38:45.28,-20:36:51.8,DR3,424.58978300904,-66.9826330265807,DR3,112.986657816422,DR3,-5.947,DR3,11.726,DR3,9.0066,UCAC4,2400808245117576704
J22387-206S,FK Aqr,22:38:45.57,-20:37:16.1,DR3,449.206795800205,-79.0459311324817,DR3,112.385923576491,DR3,-28.5,PMSU,9.3481,DR3,7.0828,PS1,2400808142038361088
J22406+445,G 216-011,22:40:41.82,+44:35:47.3,DR3,477.812492210262,-21.6254158902407,DR3,27.5056154574492,DR3,27.401,DR3,13.4107,DR3,10.7989,PS1,1982273405932339584
J22415+188,BD+18 5029,22:41:35.02,+18:49:27.4,DR3,253.14602697906,89.5701189825533,DR3,32.3544507806368,DR3,-15.484,DR3,10.9313,DR3,9.1003,UCAC4,2833244072377840640
J22415+260,2MASS J22413577+2602128,22:41:35.78,+26:02:12.9,DR3,-20.7484317506628,59.537664601507,DR3,33.0044390180577,DR3,6.7,Z21,13.2047,DR3,10.6126,UCAC4,1877862506152977792
J22426+176,GJ 1271,22:42:38.75,+17:40:09.3,DR3,1102.4027518702,518.142483382897,DR3,50.4653372930926,DR3,-13.269,DR3,12.0024,DR3,9.5815,SDSS9,2832827391830929920
J22433+221,G 127-050,22:43:23.20,+22:08:18.0,DR3,390.101245518211,2.29189303330155,DR3,50.6214784026748,DR3,-10.813,DR3,15.2549,DR3,12.0571,UCAC4,2836510961942677376
J22437+192,RX J2243.7+1916,22:43:43.78,+19:16:54.0,DR3,-45.3018051790348,-96.3546914612517,DR3,26.5928621413379,DR3,11.995,DR3,13.3225,DR3,10.8159,UCAC4,2833639793484485504
J22440+405,TYC 3218-907-1,22:44:04.61,+40:30:00.3,DR3,-71.2070601336151,-112.651376295859,DR3,46.641530132094,DR3,10.607,DR3,11.5795,DR3,9.5015,UCAC4,1932297578791924992
J22441+405,TYC 3218-905-1,22:44:06.26,+40:30:00.2,DR3,-75.2676922534384,-126.264957985063,DR3,46.6354333870471,DR3,12.063,DR3,11.5708,DR3,9.4968,UCAC4,1932297578791925760
J22457+016,LP  641-4,22:45:46.27,+01:41:23.0,DR3,202.2677471901,-58.2202233649049,DR3,33.6510427243791,DR3,-25.522,DR3,12.2111,DR3,10.177,UCAC4,2656072582608536320
J22464-066,LP 701-007,22:46:26.35,-06:39:26.4,DR3,694.929661412599,-539.745543893409,DR3,50.3453825212198,DR3,4.469,DR3,16.2419,DR3,12.8235,PS1,2611463952760479232
J22468+443,EV Lac,22:46:49.73,+44:20:02.4,DR3,-706.215810975072,-458.919627416152,DR3,197.957300946756,DR3,-0.232,DR3,10.5221,DR3,7.792,UCAC4,1934263333784036736
J22476+184,LP 461-011,22:47:38.92,+18:26:37.2,DR3,384.489503717147,199.213243138512,DR3,36.9364176808609,DR3,-19.035,DR3,13.2666,DR3,10.6938,UCAC4,2833336809311479936
J22479+318,LP 344-044,22:47:54.09,+31:52:15.6,DR3,462.613981379009,177.753363960447,DR3,53.9101912037573,DR3,-0.756,DR3,13.1486,DR3,10.6182,UCAC4,1890425839540910848
J22489+183,2MASS J22485459+1819592,22:48:54.59,+18:19:59.0,DR3,-21.7997377570906,-128.375488648215,DR3,53.2301085134935,DR3,8.027,DR3,14.7414,DR3,11.7606,UCAC4,2830318679957189632
J22503-070,BD-07 5871,22:50:19.42,-07:05:24.4,DR3,-106.572322667633,103.75824912055,DR3,68.9302811837284,DR3,-5.949,DR3,10.0931,DR3,8.1656,SDSS9,2611163717366876544
J22506+348,GJ 1274,22:50:37.70,+34:51:21.8,DR3,840.166193578261,312.27406446444,DR3,51.7718231139707,DR3,10.128,DR3,11.954,DR3,9.7158,UCAC4,1891459758430361088
J22507+286,LP 344-047,22:50:45.53,+28:36:08.5,DR3,193.051953450158,-49.2396776453154,DR3,43.4706814717552,DR3,11.682,DR3,12.7493,DR3,10.3027,UCAC4,1884530361273768064
J22509+499,2MASS J22505505+4959132,22:50:55.08,+49:59:13.3,DR3,123.504029612734,-4.7827259339438,DR3,34.2264611989339,DR3,-17.69,Jeff18,14.7151,DR3,11.6675,APASS9,1988592986456983168
J22518+317,GT Peg,22:51:53.54,+31:45:15.2,DR3,523.799721333241,-48.3199531046876,DR3,66.2051942738579,DR3,-3.101,DR3,11.8757,DR3,9.3365,UCAC4,1889703529122914560
J22524+099,G  28-21,22:52:29.75,+09:54:04.2,DR3,521.513451978697,43.7757112612765,aDR3,36.55806000608,aDR3,-11.0,PMSU,13.8382,DR3,11.2233,UCAC4,2717948767692845568
J22526+750,NLTT 55174,22:52:39.70,+75:04:18.8,DR3,123.285900553739,-132.045564989627,DR3,66.7607914912608,DR3,-20.403,DR3,14.0096,DR3,10.9549,UCAC4,2232966828771055744
J22532-142,IL Aqr,22:53:16.73,-14:15:49.3,DR3,957.714731289422,-673.601236480974,DR3,214.037988874316,DR3,-2.086,DR3,10.453,DR3,7.6437,UCAC4,2603090003484152064
J22543+609,Ross 226,22:54:21.50,+60:59:43.6,DR3,-705.485376802003,-132.513661082112,DR3,56.1225827579806,DR3,-30.669,DR3,13.0277,DR3,10.4265,UCAC4,2014653404891943936
J22547-054,G 156-063,22:54:46.48,-05:28:26.4,DR3,615.0,334.9,PPMXL,39.91,Wein16,-12.2,Haw96,14.1442,DR3,11.3238,SDSS9,2611991683981680896
J22559+057,LP  581-36,22:55:56.82,+05:45:18.3,DR3,355.829183050077,-268.963489454757,DR3,40.3474353466099,DR3,9.478,DR3,11.4593,DR3,9.3972,UCAC4,2711324381934051200
J22559+178,StKM 1-2065,22:55:59.85,+17:48:39.8,DR3,24.5681060685006,-110.094884606992,DR3,59.0633363371333,DR3,-32.002,DR3,10.7087,DR3,8.6364,UCAC4,2830099469122381056
J22565+165,HD 216899,22:56:34.80,+16:33:12.4,DR3,-1034.73341137994,-284.130867124812,DR3,145.623410104997,DR3,-27.866,DR3,8.8986,DR3,6.7478,PS1,2828928008202069376
J22576+373,G 189-53A,22:57:40.94,+37:19:23.6,DR3,-548.053379629685,-364.91355966299,DR3,42.974274838648,DR3,-61.879,DR3,13.2201,DR3,10.6695,UCAC4,1928108370769224576
J23028+436,LSPM J2302+4338,23:02:52.49,+43:38:15.6,DR3,-137.605011990609,-4.81680937574445,DR3,77.4765187590784,DR3,-3.13,DR3,14.1326,DR3,11.124,UCAC4,1934862945577481344
J23036+097,2MASS J23033745+0942585,23:03:37.45,+09:42:58.4,DR3,98.4690513354742,42.1261874753987,DR3,23.1508041837923,DR3,-7.685,DR3,14.213,DR3,11.6066,SDSS9,2715109652575617024
J23045+667,BD+65 1846,23:04:30.21,+66:45:51.8,DR3,305.080015483684,-79.8264171726757,DR3,49.2046207397376,DR3,6.561,DR3,10.0926,DR3,8.2775,APASS9,2212272649844661504
J23051+452,LSPM J2305+4517,23:05:08.71,+45:17:31.8,DR3,185.727585642033,70.911405000854,DR3,22.1018948703643,DR3,-0.4,Z21,13.7009,DR3,11.0101,UCAC4,1935209944575937024
J23051+519,2MASS J23050631+5159133,23:05:06.34,+51:59:13.1,DR3,74.8187503653828,-96.3110452785217,DR3,24.8283335347897,DR3,-8.871,DR3,13.847,DR3,11.2723,UCAC4,1995173563548288512
J23060+639,MCC 858,23:06:04.85,+63:55:34.4,DR3,173.603257515599,-59.0774186134668,DR3,41.6160664374059,DR3,-25.153,DR3,11.1194,DR3,9.1698,UCAC4,2207738916728293888
J23063+126,LP 521-079,23:06:23.84,+12:36:26.6,DR3,314.951855498694,-60.3737869676503,DR3,18.0855633400326,DR3,-3.53,Shk10,11.6817,DR3,9.6969,UCAC4,2814796496351133184
J23064-050,2MUCD 12171,23:06:29.37,-05:02:29.0,DR3,930.787522581778,-479.037540952886,DR3,80.2123161263575,DR3,-53.32285,Lafa20,19.0058,DR3,14.104,SDSS9,2635476908753563008
J23065+717,LP 048-822,23:06:35.68,+71:43:25.5,DR3,1254.68677979278,439.191877113159,DR3,55.4017857628771,DR3,-20.255,DR3,12.022,DR3,9.7521,PS1,2228253123642541696
J23075+686,G 241-045,23:07:29.92,+68:40:05.2,DR3,1141.89039002655,56.8184243023202,DR3,64.9258993253312,DR3,23.108,DR3,12.7182,DR3,10.1935,PS1,2213428064767263360
J23081+033,GJ 889.1,23:08:06.96,+03:19:44.4,DR3,494.270044268908,257.194909808092,DR3,60.6658089911761,DR3,30.873,DR3,11.1314,DR3,9.131,UCAC4,2661803855688028800
J23083-154,HK Aqr,23:08:19.55,-15:24:35.8,DR3,107.028032709344,-18.8887080144981,DR3,40.0995416092465,DR3,-1.176,DR3,11.1515,DR3,9.2092,UCAC4,2410011260521088512
J23088+065,StKM 1-2100,23:08:52.49,+06:33:39.8,DR3,103.61094771925,8.28406995321669,DR3,30.2171330338257,DR3,-13.353,DR3,11.1055,DR3,9.2643,UCAC4,2665087581524066176
J23089+551,G 233-042,23:09:57.86,+55:06:47.4,DR3,409.066885120858,42.4784624011657,DR3,60.9213230216795,DR3,-54.0,New14,16.1602,DR3,12.6323,APASS9,1996725077535282944
J23096-019,G 28-44A,23:09:39.35,-01:58:24.0,DR3,272.878028112434,-368.332431402437,DR3,32.2601496713225,DR3,-5.561,DR3,13.113,DR3,10.4138,UCAC4,2638434590739565184
J23107-192,GJ 1281,23:10:42.17,-19:13:35.0,DR3,42.7441390789319,-1434.40141651856,DR3,46.8224091624479,DR3,26.364,DR3,12.6973,DR3,10.3936,UCAC4,2398975118715404672
J23113+085,NLTT 56083,23:11:23.79,+08:31:01.4,DR3,-320.5,-316.2,PPMXL,49.8,Fin18,-10.73,Marf21,12.8292,DR3,10.1226,SDSS9,2665937297853225216
J23121-141,LP 762-003,23:12:11.30,-14:06:12.1,DR3,-180.02114278433,-697.62828664893,DR3,55.7783150565672,DR3,39.382,DR3,13.1929,DR3,10.6017,UCAC4,2410261949172008064
J23142-196N,BD-20 6558,23:14:16.63,-19:38:39.4,DR3,441.197815447295,56.7846950421125,DR3,47.4196494270592,DR3,1.56,DR3,10.7357,DR3,8.7435,UCAC4,2386898972054841088
J23142-196S,BD-20 6558B,23:14:16.46,-19:38:46.3,DR3,447.879296720324,55.5463350014697,DR3,47.4850207251594,DR3,3.44,DR3,14.1417,DR3,11.2659,PS1,2386898937694609920
J23161+067,G  28-50,23:16:08.47,+06:44:36.2,DR3,173.642429827339,-250.616079646707,DR3,48.9756066093299,DR3,26.297,DR3,13.4422,DR3,10.8115,APASS9,2664368290465455232
J23166+196,GJ 893.4,23:16:39.72,+19:37:17.1,DR3,-178.86,-178.41,HIP2,32.54,HIP2,13.904,EDR3,11.3987,DR3,9.401,UCAC4,2825264538539217408
J23174+196,G  68-5,23:17:28.14,+19:36:47.2,DR3,352.050144332637,-131.061426823174,DR3,60.7713766027009,DR3,-1.924,DR3,12.2974,DR3,9.6464,UCAC4,2825274743381064320
J23174+382,G 190-017,23:17:24.38,+38:12:41.5,DR3,-218.984934266599,-422.505686537088,DR3,58.0198283685065,DR3,-5.6,DR3,11.7134,DR3,9.2861,PS1,1917144384415057536
J23175+063,G 29-19,23:17:34.55,+06:23:28.5,DR3,170.439315527723,-249.486914208389,DR3,48.918459652423,DR3,25.93,DR3,12.7716,DR3,10.282,UCAC4,2664156432614468864
J23182+462,Ross 244,23:18:17.94,+46:17:21.4,DR3,328.63123323893,134.73874648415,DR3,42.0396732227314,DR3,-5.429,DR3,11.1251,DR3,9.1388,UCAC4,1941217160713765376
J23182+795,LP 012-069,23:18:16.90,+79:34:47.5,DR3,500.436669408634,-104.205529315748,DR3,28.9992513064499,DR3,2.088,DR3,13.8499,DR3,11.2993,PS1,2283075288795755392
J23193+154,StKM 1-2115,23:19:20.96,+15:24:15.7,DR3,62.0627419438029,-136.162279215221,DR3,26.7585201192615,DR3,11.761,DR3,12.2109,DR3,10.1668,UCAC4,2814175036059097984
J23194+790,HD 220140B,23:19:24.47,+79:00:03.8,DR3,209.250305104213,61.4251279766648,DR3,52.8396926745971,DR3,-16.969,DR3,12.4109,DR3,9.7069,PS1,2282846074981011328
J23215+568,LSPM J2321+5651,23:21:32.28,+56:51:22.7,DR3,-27.429102134409,-188.862924292804,DR3,27.0980478746938,DR3,-41.184,DR3,12.2614,DR3,10.2243,UCAC4,2009313111279973760
J23216+172,LP 462-027,23:21:37.45,+17:17:25.4,DR3,-536.974521968169,-1382.40954484662,DR3,94.3667239494281,DR3,-6.308,DR3,11.9434,DR3,9.1259,UCAC4,2817999068780218368
J23220+569,G 217-006,23:22:00.76,+56:59:20.0,DR3,388.687788745123,87.3672215643647,DR3,31.896269378919,DR3,-37.754,DR3,13.4617,DR3,10.9719,PS1,2009322762071474816
J23228+787,NLTT 56725,23:22:53.83,+78:47:38.6,DR3,207.446479281138,65.1654454269971,DR3,52.8343025839604,DR3,,,16.3664,DR3,12.6342,PS1,2282790893241302144
J23229+372,2MASS J23225835+3717143,23:22:58.37,+37:17:14.3,DR3,65.8725072341881,-61.3036202528154,DR3,43.630910176676,DR3,5.049,DR3,12.5513,DR3,10.2236,UCAC4,1913835129292662528
J23234+155,LP 522-065,23:23:24.71,+15:34:16.7,DR3,4.25566055831144,-467.41853069,DR3,46.8254411029294,DR3,-44.434,DR3,11.8599,DR3,9.6388,UCAC4,2814501281775322240
J23245+578,BD+57 2735,23:24:30.51,+57:51:15.5,DR3,-61.7740905547723,-282.041857714378,DR3,75.5722825185097,DR3,-33.755,DR3,10.2318,DR3,8.1066,UCAC4,2009439555118168832
J23249+506,2MASS J23545647+5036148,23:54:56.48,+50:36:14.8,DR3,53.6675766526704,10.1798437465189,DR3,57.0838508338683,DR3,-14.498,DR3,12.9606,DR3,10.37,APASS9,1941011930001137280
J23252+009,G 29-30,23:25:16.35,+00:57:52.0,DR3,429.901575706551,-497.704838519309,DR3,27.6663678688206,DR3,8.744,DR3,12.2983,DR3,10.2323,UCAC4,2645432952184072192
J23256+531,FZ And,23:25:40.30,+53:08:05.9,DR3,1013.62689015165,326.942217417834,DR3,39.3143036940143,DR3,-30.26,DR3,14.8525,DR3,11.7829,PS1,1992715605301433856
J23261+170,PM J23261+1700,23:26:11.86,+17:00:07.7,DR3,125.909792660296,-43.932976062497,DR3,46.1749695451323,DR3,-1.165,DR3,14.0855,DR3,11.1535,UCAC4,2823757279896577920
J23262+088,GJ 2155,23:26:12.37,+08:53:37.8,DR3,518.989435902397,213.395966659535,DR3,44.3565143601597,DR3,-44.71,DR3,10.7826,DR3,8.9257,PS1,2761162254724651776
J23262+278,GSC 02245-00754,23:26:17.07,+27:52:03.5,DR3,-42.3781833150991,-42.882474808133,DR3,38.7556882899451,DR3,9.924,DR3,12.4558,DR3,9.9801,UCAC4,2868826845633950720
J23265+121,LP 522-049,23:26:32.50,+12:09:33.7,DR3,696.7478370748,263.1599169223,DR3,40.6669578817322,DR3,13.355,DR3,12.9585,DR3,10.4793,SDSS9,2812500651648343552
J23293+414N,G 190-028,23:29:23.48,+41:28:06.7,DR3,409.433149720497,-42.9140702368462,DR3,66.9136238008097,DR3,-15.349,DR3,12.1412,DR3,9.531,PS1,1923896725839633024
J23293+414S,G 190-027,23:29:22.60,+41:27:52.0,DR3,403.745199238949,-41.0368797521985,DR3,66.4327518167415,DR3,-15.336,DR3,12.7432,DR3,9.8024,PS1,1923896622760418176
J23301-026,2MASS J23301129-0237227,23:30:11.30,-02:37:22.8,DR3,101.327010505973,-67.9640866589802,DR3,21.981590212662,DR3,17.81,DR3,15.9486,DR3,12.6535,SDSS9,2640553319580012416
J23302-203,GJ 1284,23:30:13.44,-20:23:27.5,DR3,314.431281042938,-204.775904114007,DR3,62.8678939877997,DR3,-8.18,Schn19,11.319,DR3,8.7766,UCAC4,2391670474561181440
J23308+157,LP 462-052,23:30:53.70,+15:47:40.6,DR3,-164.95620853673,-109.578753510605,DR3,44.0001953108347,DR3,-3.836,DR3,11.802,DR3,9.7185,UCAC4,2814379579582643328
J23317-027,AF Psc,23:31:44.93,-02:44:39.5,DR3,93.9615540765893,-72.1247452520246,DR3,28.6309224562449,DR3,-4.8,Malo14,14.7093,DR3,11.4789,UCAC4,2640348977921037056
J23318+199E,V* EQ Peg A,23:31:52.17,+19:56:14.1,DR3,578.008659358944,-59.7686048988235,DR3,159.663392037219,DR3,-0.207,DR3,10.5073,DR3,7.8464,APASS9,2824770686019003904
J23318+199W,V* EQ Peg B,23:31:52.58,+19:56:14.0,DR3,552.349411962491,20.2746081980527,DR3,159.908460462522,DR3,27.8,PMSU,12.7042,DR3,9.5301,PS1,2824770686019004032
J23323+540,G 217-012,23:32:20.22,+54:01:48.4,DR3,217.297776920085,1.85504027736187,DR3,31.8988658506155,DR3,0.458,DR3,12.4882,DR3,10.2813,UCAC4,1994277839521239680
J23327-167,BD-17  6768,23:32:46.60,-16:45:08.2,DR3,341.147242030032,-219.108307785371,aDR3,68.7356459037942,aDR3,-0.47,Schn19,10.5564,DR3,8.2098,UCAC4,2395220664463236992
J23340+001,Wolf 1039,23:34:03.33,+00:10:45.9,DR3,-993.091286898187,-937.702601927091,DR3,71.2339303994431,DR3,-4.887,DR3,11.3974,DR3,9.073,SDSS9,2644439955745152512
J23350+016,BD+00 5017,23:35:00.28,+01:36:19.4,DR3,340.02852856215,28.4555673001207,DR3,47.9641231232799,DR3,-10.442,DR3,9.7962,DR3,8.0411,UCAC4,2646280705713202816
J23350+252,Ross 298,23:35:03.86,+25:14:57.4,DR3,42.5298730883402,203.709759642515,DR3,60.9451983761994,DR3,-5.237,DR3,13.2011,DR3,10.6692,UCAC4,2864382138598091648
J23351-023,GJ 1286,23:35:10.46,-02:23:20.6,DR3,781.418668519508,-841.516051594594,DR3,139.338893532377,DR3,-40.814,DR3,14.9521,DR3,11.2459,PS1,2640434056928150400
J23354+300,G 128-082,23:35:24.28,+30:03:44.9,DR3,-184.103323470743,-272.653493059682,DR3,32.8253120594813,DR3,17.414,DR3,13.4851,DR3,10.9232,UCAC4,2869556440318958848
J23357+419,NLTT 16947,23:35:44.47,+41:58:03.8,DR3,701.673525119327,153.026971376936,DR3,35.2590815384824,DR3,-24.12,DR3,11.4505,DR3,9.414,UCAC4,1923802133480850176
J23364+554,Ross 303,23:36:25.60,+55:29:43.6,DR3,490.258799066386,-94.6456119194179,DR3,34.6389086617426,DR3,-13.227,DR3,11.9339,DR3,9.8072,APASS9,1997463910688906752
J23376-128,LP 763-003,23:37:38.35,-12:50:28.4,DR3,192.564622680822,-305.820924508489,DR3,37.4153940314344,DR3,-25.97,Schn19,17.7801,DR3,13.8031,PS1,2432393434611921408
J23381-162,G 273-093,23:38:08.16,-16:14:10.2,DR3,-280.626886127978,-77.9707421565413,DR3,76.0983640250171,DR3,20.346,DR3,11.5592,DR3,9.2447,UCAC4,2395413147718069504
J23386+391,G 171-008,23:38:41.75,+39:09:26.0,DR3,-247.130502958473,-510.924008223779,DR3,47.3177966394557,DR3,-1.087,DR3,13.8489,DR3,11.1965,PS1,1920258888540130560
J23389+210,G 68-34,23:38:55.68,+21:01:21.6,DR3,275.845840337343,179.038888628697,DR3,25.4015304550003,DR3,-7.344,DR3,14.4774,DR3,11.6878,UCAC4,2826254717479033344
J23401+606,G 241-62A,23:40:07.73,+60:41:19.0,DR3,81.7019916342843,-288.329418150382,DR3,39.7682592074094,DR3,3.7,PMSU,11.8767,DR3,9.7425,UCAC4,2012238465046622848
J23414+200,TYC 1727-1708-1,23:41:29.20,+20:02:33.1,DR3,-181.739124703263,-133.087919430188,DR3,31.3854975632201,DR3,-9.941,DR3,11.7555,DR3,9.8744,SDSS9,2823131829578270080
J23419+441,HH And,23:41:55.04,+44:10:38.8,DR3,112.5274649335,-1591.64976181455,DR3,316.481186782269,DR3,-77.29,DR3,12.5464,DR3,9.017,PS1,1926461164913660160
J23423+349,2MASS J23422211+3458276,23:42:22.12,+34:58:27.6,DR3,67.9974466373713,-134.555614494917,DR3,35.8258742779843,DR3,-6.155,DR3,13.8873,DR3,11.0387,UCAC4,2879011896718248320
J23428+308,GJ 1288,23:42:52.75,+30:49:21.8,DR3,-335.963448354084,-300.585779999755,DR3,77.4836514137905,DR3,-11.284,DR3,14.6365,DR3,11.5088,UCAC4,2868199402451064064
J23431+365,GJ 1289,23:43:06.31,+36:32:13.1,DR3,941.840666280804,-151.27152377977,DR3,119.57940519812,DR3,-3.853,DR3,12.9132,DR3,9.9025,PS1,2879455480942629248
J23438+325,G 130-006,23:43:53.12,+32:35:38.7,DR3,-219.0,-57.8,PPMXL,56.8,vAl95,-15.73,Jeff18,11.9414,DR3,9.4319,UCAC4,2871730758921709952
J23438+610,G 217-018,23:43:53.30,+61:02:15.4,DR3,-612.923218188413,-494.844697498419,DR3,55.4224283830758,DR3,-16.657,DR3,13.6748,DR3,11.0154,UCAC4,2012619720701400192
J23439+647,Ross 676,23:43:59.49,+64:44:28.9,DR3,546.14695164449,91.213653498254,DR3,34.4673831615761,DR3,14.56,Shk10,11.5778,DR3,9.4747,PS1,2017348685852396672
J23443+216,GJ 1290,23:44:20.88,+21:36:05.1,DR3,455.459363004866,80.2781544003498,DR3,49.4942486425684,DR3,-5.368,DR3,13.5979,DR3,10.8026,PS1,2826640989657988992
J23455-161,G 273-130A,23:45:31.26,-16:10:19.8,DR3,-396.5,-560.8,PPMXL,79.97,Rie10,-25.5,PMSU,14.625,DR3,11.2095,APASS9,2418720217246009600
J23462+284,2MASS J23461405+2826036,23:46:14.07,+28:26:03.9,DR3,78.9283255573723,67.3006972769227,DR3,64.7329709958684,DR3,-10.044,DR3,13.2251,DR3,10.5747,UCAC4,2866851710433326208
J23480+490,Ross 249,23:48:03.14,+49:00:57.3,DR3,626.208848017796,69.7801386081765,DR3,61.2573802262294,DR3,19.672,DR3,12.3222,DR3,10.1098,UCAC4,1940584323054654592
J23489+098,[R78b] 377,23:48:58.82,+09:51:54.2,DR3,147.559735410176,-52.8854996287313,DR3,21.1388668963238,DR3,2.034,DR3,12.4481,DR3,10.3534,UCAC4,2760157163658812800
J23492+024,BR Psc,23:49:12.53,+02:24:04.4,DR3,992.720389028549,-968.806466326766,DR3,169.21632962255,DR3,-71.366,DR3,9.2166,DR3,7.1208,UCAC4,2739689239311660672
J23492+100,G 29-69,23:49:15.02,+10:05:38.8,DR3,30.2611251198087,-380.123264860505,DR3,31.2861025247283,DR3,25.244,DR3,13.7895,DR3,11.1116,UCAC4,2760197497694795904
J23496+083,StKM 1-2166,23:49:37.65,+08:21:30.3,DR3,125.759500986741,-72.0048048914051,DR3,38.8754616324166,DR3,-14.431,DR3,11.6096,DR3,9.5822,UCAC4,2758686773014648320
J23505-095,LP 763-012,23:50:31.64,-09:33:32.7,DR3,634.56220603823,-426.025083033697,DR3,58.7979214872597,DR3,-21.013,DR3,13.6499,DR3,10.7543,PS1,2435125446129139712
J23506+099,NLTT 58143,23:50:36.16,+09:56:53.5,DR3,652.959541750263,253.917731592261,DR3,50.1483153814122,DR3,-7.332,DR3,11.7907,DR3,9.3208,PS1,2759428629829608064
J23509+384,LP 291-024,23:50:54.03,+38:29:33.4,DR3,-85.5485435842153,-202.543708877874,DR3,42.6587166093165,DR3,-22.224,DR3,14.4571,DR3,11.5844,UCAC4,2881491570317649920
J23517+069,G  30-26A,23:51:44.76,+06:58:16.4,DR3,-38.970894861351,-289.688564007365,DR3,36.7218885111068,DR3,2.271,DR3,13.6998,DR3,11.1094,UCAC4,2746378702413952768
J23523-146,LP 823-008,23:52:23.46,-14:41:24.4,DR3,413.720126276826,-237.165851092208,DR3,39.1077043914328,DR3,17.6,Haw96,15.5974,DR3,12.3961,UCAC4,2419293853079296640
J23535+121,PM J23535+1206S,23:53:35.64,+12:06:16.6,DR3,44.1219300428421,-110.988988922354,DR3,26.7919427492731,DR3,,,12.5112,DR3,10.1923,UCAC4,2766669467950452608
J23541+516,G 217-023,23:54:10.50,+51:41:09.9,DR3,261.888927279184,68.8558566427585,DR3,39.2815897011284,DR3,-41.152,DR3,13.8015,DR3,11.1577,SDSS9,1944312732624736384
J23544+081,G 30-28,23:54:26.81,+08:09:43.4,DR3,-286.284326037568,-52.8839107413517,DR2,24.9648208804863,DR2,-34.305,DR3,13.264,DR3,10.7712,PS1,2746624920002759680
J23548+385,RX J2354.8+3831,23:54:51.46,+38:31:36.2,DR3,-132.064145710208,-86.1455864959332,DR3,59.3946800642769,DR3,6.21,DR3,13.4619,DR3,10.6477,UCAC4,2881313793031884544
J23554-039,NLTT 58410,23:55:25.96,-03:58:59.9,DR3,522.371208205454,6.91281126559573,DR3,25.3514996863394,DR3,-19.058,DR3,14.1265,DR3,11.4703,UCAC4,2446507796659516288
J23556-061,GJ 912,23:55:39.78,-06:08:33.4,DR3,-480.237277607078,-378.885800139448,DR3,55.9199596857383,DR3,17.479,Bar21,11.3811,DR3,9.0467,SDSS9,2442996678074668288
J23560+150,LP 523-078,23:56:00.28,+15:01:40.6,DR3,-122.354839758977,-166.073324935915,DR3,33.4848294949129,DR3,12.664,DR3,13.286,DR3,10.8798,SDSS9,2770741509264349696
J23569+230,G 129-45,23:56:54.84,+23:05:08.4,DR3,-71.0109039424505,-263.734186395994,DR3,27.8476282782508,DR3,-18.578,DR3,11.3645,DR3,9.6272,PS1,2848273159379049344
J23573-129E,LP 704-15,23:57:20.58,-12:58:48.8,DR3,211.372459537341,15.1563433631339,DR3,50.4236637856436,DR3,20.5,PMSU,13.2641,DR3,10.4093,UCAC4,2421080250237097344
J23573-129W,LP 704-14,23:57:19.36,-12:58:40.7,DR3,208.146461926958,24.8284162939462,DR3,50.4125475051504,DR3,20.35,DR3,13.2458,DR3,10.6658,UCAC4,2421080250237474176
J23577+197,LP 404-006,23:57:45.18,+19:46:11.1,DR3,128.259170983065,-486.610522287743,DR3,48.8921310743834,DR3,2.642,DR3,13.3266,DR3,10.6502,UCAC4,2822328189657389824
J23577+233,GJ 1292,23:57:44.14,+23:18:16.5,DR3,1021.2375324744,-1021.63664796636,DR3,59.5544742702027,DR3,-35.79,Jeff18,11.9475,DR3,9.4326,PS1,2848303052351577344
J23578+386,LP 291-034,23:57:49.91,+38:37:46.8,DR3,-161.933068590168,-147.236457663061,DR3,39.4560921378223,DR3,-6.194,DR3,12.8727,DR3,10.2985,UCAC4,2881373338459356416
J23582-174,LP 764-40 A,23:58:13.69,-17:24:32.9,DR3,225.776386287927,19.5568338051139,DR3,29.9805993974701,DR3,-3.747,DR3,12.9426,DR3,10.3237,UCAC4,2414454421367861376
J23585+076,Wolf 1051,23:58:32.65,+07:39:30.1,DR3,82.4694775514765,-315.34631284094,DR3,59.0941789236859,DR3,11.409,Bar21,12.0095,DR3,9.4744,UCAC4,2746709861572970624
J23587+467,BD+45 4378,23:58:43.49,+46:43:44.7,DR3,652.814806774527,13.3465341454173,DR2,58.406685621756,DR2,-23.769,DR3,9.8434,DR3,7.8906,UCAC4,1927184643563033856
J23590+208,G 129-051,23:59:00.42,+20:51:39.0,DR3,278.189446813427,-112.348749849946,DR3,19.2839991246038,DR3,,,13.1009,DR3,10.6444,UCAC4,2846620421604285568
J23598+477,LP 149-014,23:59:49.51,+47:45:44.5,DR3,872.380880176633,-199.492469361409,DR3,52.1131257666538,DR3,-47.0,Haw96,16.4174,DR3,12.9329,PS1,1927517417630958208
